"check_priority","upc","brand_filled","line","product_descr","num_cartridges_f","mL_total_imputed","mL_rule","implied_raw_mg_per_mL","review_flag","total_units"
"1-no-value","081342001259","KRAVE","KRAVE E-CG OGN","KRAVE E-CG OGN",1,NA,"none",NA,"",68900
"1-no-value","081342001260","KRAVE","KRAVE E-CG MN","KRAVE E-CG MN",1,NA,"none",NA,"",62069
"1-no-value","085000134243",NA,NA,NA,NA,NA,"none",NA,"",35392
"1-no-value","085607300311","JAK","JAK E-CG REGULAR","JAK E-CG REGULAR",1,NA,"none",NA,"",35043
"1-no-value","081085902000","ZOOM","ZOOM E-CG TOB","ZOOM E-CG TOB",1,NA,"none",NA,"",28856
"1-no-value","085000134237",NA,NA,NA,NA,NA,"none",NA,"",24954
"1-no-value","085607300312","JAK","JAK E-CG MN","JAK E-CG MN",1,NA,"none",NA,"",24817
"1-no-value","085000134234",NA,NA,NA,NA,NA,"none",NA,"",23984
"1-no-value","085570400539","MISTIC",NA,NA,NA,NA,"none",NA,"",23607
"1-no-value","075166726863",NA,NA,NA,NA,NA,"none",NA,"",22057
"1-no-value","081085902006","ZOOM","ZOOM E-CG MN","ZOOM E-CG MN",1,NA,"none",NA,"",21967
"1-no-value","075166726879",NA,NA,NA,NA,NA,"none",NA,"",20230
"1-no-value","075166726883","VOODOO","VOODOO E-HOOKAH EHOK WCWML","VOODOO E-HOOKAH EHOK WCWML",1,NA,"none",NA,"",19052
"1-no-value","081085902003","ZOOM","ZOOM E-CG TOB","ZOOM E-CG TOB",1,NA,"none",NA,"",18258
"1-no-value","085604000300","VICTORY","VICTORY E-CG TOB","VICTORY E-CG TOB",1,NA,"none",NA,"",17357
"1-no-value","085013000743","COSMIC FOG","CSM FG ECGL SONRISE","CSM FG ECGL SONRISE",1,NA,"none",NA,"",17121
"1-no-value","081085902009","ZOOM","ZOOM E-CG MN","ZOOM E-CG MN",1,NA,"none",NA,"",15187
"1-no-value","085604000306","VICTORY","VICTORY E-CGC RFL","VICTORY E-CGC RFL",5,NA,"none",NA,"",14485
"1-no-value","081713502417",NA,NA,NA,NA,NA,"none",NA,"",13212
"1-no-value","085452700318","VIENTI","VIENTI E-CGC","VIENTI E-CGC",5,NA,"none",NA,"",13113
"1-no-value","085452700319","VIENTI","VIENTI E-CGC MN","VIENTI E-CGC MN",5,NA,"none",NA,"",12267
"1-no-value","079997584256","VX BRANDZ","VX BRANDZ E-CG CLMR/BT&ECC","VX BRANDZ E-CG CLMR/BT&ECC",1,NA,"none",NA,"",10803
"1-no-value","085604000302","VICTORY","VICTORY E-CG MN","VICTORY E-CG MN",1,NA,"none",NA,"",10097
"1-no-value","085570400540","MISTIC",NA,NA,NA,NA,"none",NA,"",9674
"1-no-value","085607300315","JAK","JAK E-CG VANILLA","JAK E-CG VANILLA",1,NA,"none",NA,"",7926
"1-no-value","071275599740","XFIRE","XFIRE E-CG LIQUID POD MANGO","XFIRE E-CG LIQUID POD MANGO",4,NA,"none",NA,"",7657
"1-no-value","085604000308","VICTORY","VICTORY E-CGC MN RFL","VICTORY E-CGC MN RFL",5,NA,"none",NA,"",7453
"1-no-value","081085902012","ZOOM","ZOOM E-CG TOB","ZOOM E-CG TOB",3,NA,"none",NA,"",6511
"1-no-value","088886111000","INFUSE","INFUSE","INFUSE SMOKING ALTERNATIVE PRODUCT ELECTRONIC CIGARETTE STRAWBERRY BOX 1 COUNT",1,NA,"none",NA,"",6496
"1-no-value","085607300316","JAK","JAK E-CG GRAPE","JAK E-CG GRAPE",1,NA,"none",NA,"",6102
"1-no-value","085604000312","VICTORY","VICTORY E-CGC RFL","VICTORY E-CGC RFL",5,NA,"none",NA,"",5857
"1-no-value","071275599739","XFIRE","XFIRE E-CG LIQUID POD MINT","XFIRE E-CG LIQUID POD MINT",4,NA,"none",NA,"",5806
"1-no-value","088886111004","INFUSE","INFUSE","INFUSE SMOKING ALTERNATIVE PRODUCT ELECTRONIC CIGARETTE BLUEBERRY BOX 1 COUNT",1,NA,"none",NA,"",5555
"1-no-value","081085902018","ZOOM","ZOOM E-CG MN BOLD","ZOOM E-CG MN BOLD",3,NA,"none",NA,"",5420
"1-no-value","081009691192","JUICE","JUICE HEAD","JUICE HEAD SMOKING ALTERNATIVE PRODUCT ELECTRONIC CIGARETTE LIQUID PO STRAWBERRY PEACH JUICE HEAD BOX 1 COUNT",1,NA,"none",NA,"",5277
"1-no-value","085607300384","JAK","JAK E-CG PASSION","JAK E-CG PASSION",1,NA,"none",NA,"",5108
"1-no-value","088886111002","INFUSE","INFUSE","INFUSE SMOKING ALTERNATIVE PRODUCT ELECTRONIC CIGARETTE BERRY ICE BOX 1 COUNT",1,NA,"none",NA,"",5083
"1-no-value","088886111003","INFUSE","INFUSE","INFUSE SMOKING ALTERNATIVE PRODUCT ELECTRONIC CIGARETTE BERRY ICE BOX 1 COUNT",1,NA,"none",NA,"",4979
"1-no-value","068808300402","WHISL","WHISL","WHISL SMOKING ALTERNATIVE PRODUCT ELECTRONIC CIGARETTE LIQUID PO TO FOCUS ON THE TASK AT HAND BOX 2 COUNT",2,NA,"none",NA,"",4978
"1-no-value","085607300314","JAK","JAK E-CG CHERRY","JAK E-CG CHERRY",1,NA,"none",NA,"",4714
"1-no-value","081009691190","JUICE","JUICE HEAD","JUICE HEAD SMOKING ALTERNATIVE PRODUCT ELECTRONIC CIGARETTE LIQUID PO WATERMELON STRAWBERRY MESH COIL BOX 1 COUNT",1,NA,"none",NA,"",4511
"1-no-value","081009691194","JUICE","JUICE HEAD","JUICE HEAD SMOKING ALTERNATIVE PRODUCT ELECTRONIC CIGARETTE LIQUID PO FRESH MINT JUICE HEAD BOX 1 COUNT",1,NA,"none",NA,"",4451
"1-no-value","088886111005","INFUSE","INFUSE","INFUSE SMOKING ALTERNATIVE PRODUCT ELECTRONIC CIGARETTE MANGO ICE BOX 1 COUNT",1,NA,"none",NA,"",4448
"1-no-value","088886111006","INFUSE","INFUSE","INFUSE SMOKING ALTERNATIVE PRODUCT ELECTRONIC CIGARETTE BANANA ICE BOX 1 COUNT",1,NA,"none",NA,"",4432
"1-no-value","085539000300","FLAVOR VAPES","FLAVOR VAPES E-CG TOB","FLAVOR VAPES E-CG TOB",1,NA,"none",NA,"",4403
"1-no-value","088886111007","INFUSE","INFUSE","INFUSE SMOKING ALTERNATIVE PRODUCT ELECTRONIC CIGARETTE BANANA ICE BOX 1 COUNT",1,NA,"none",NA,"",4368
"1-no-value","085607300324","JAK","JAK E-CG PINEAPPLE","JAK E-CG PINEAPPLE",4,NA,"none",NA,"",4336
"1-no-value","085607300385","JAK","JAK E-CG BLACKBERRY","JAK E-CG BLACKBERRY",1,NA,"none",NA,"",4233
"1-no-value","085607300383","JAK","JAK E-CG BERRY","JAK E-CG BERRY",1,NA,"none",NA,"",3821
"1-no-value","085452700314","VIENTI","VIENTI E-CG VOF","VIENTI E-CG VOF",1,NA,"none",NA,"",3789
"1-no-value","081009691189","JUICE","JUICE HEAD","JUICE HEAD SMOKING ALTERNATIVE PRODUCT ELECTRONIC CIGARETTE LIQUID PO WATERMELON LIME JUICE HEAD BOX 1 COUNT",1,NA,"none",NA,"",3731
"1-no-value","002145801000","CLEAN CIG","CLEAN CIG E-CGA REGULAR","CLEAN CIG E-CGA REGULAR",5,NA,"none",NA,"",3567
"1-no-value","088886111001","INFUSE","INFUSE","INFUSE SMOKING ALTERNATIVE PRODUCT ELECTRONIC CIGARETTE BERRY ICE BOX 1 COUNT",1,NA,"none",NA,"",3396
"1-no-value","085452700315","VIENTI","VIENTI E-CG MN VOF","VIENTI E-CG MN VOF",1,NA,"none",NA,"",2951
"1-no-value","001396427296","SMART SMOKE","SMART SMOKE E-CG RFL","SMART SMOKE E-CG RFL",2,NA,"none",NA,"",2568
"1-no-value","081190403395","SOCIAL",NA,NA,1,NA,"none",NA,"",2099
"1-no-value","089961000241","CIGIREX","CIGIREX E-CG REGULAR VO","CIGIREX E-CG REGULAR VO",1,NA,"none",NA,"",1999
"1-no-value","002145805007","CLEAN CIG","CLN-CG E-CGA REGULAR","CLN-CG E-CGA REGULAR",5,NA,"none",NA,"",1729
"1-no-value","085143800734","JAK",NA,"JAK SMOKING ALTERNATIVE PRODUCT ELECTRONIC CIGARETTE MENTHOL 800 PUFFS TUBE 1 COUNT",1,NA,"none",NA,"",1624
"1-no-value","085005158211","RIZN","RIZN","RIZN SMOKING ALTERNATIVE PRODUCT ELECTRONIC CIGARETTE LIQUID PO STRAWBERRY WATERMELON BOX 1 COUNT",1,NA,"none",NA,"",1598
"1-no-value","081009691187","JUICE","JUICE HEAD","JUICE HEAD SMOKING ALTERNATIVE PRODUCT ELECTRONIC CIGARETTE LIQUID PO RASPBERRY LEMONADE JUICE HEAD BOX 1 COUNT",1,NA,"none",NA,"",1592
"1-no-value","002145801050","CLEAN CIG","CLN-CG E-CGA REGULAR","CLN-CG E-CGA REGULAR",5,NA,"none",NA,"",1578
"1-no-value","001396427294","SMART SMOKE","SMART SMOKE E-CG MN","SMART SMOKE E-CG MN",10,NA,"none",NA,"",1429
"1-no-value","002145801025","CLEAN CIG","CLN-CG E-CGA REGULAR","CLN-CG E-CGA REGULAR",5,NA,"none",NA,"",1373
"1-no-value","081190403396",NA,NA,NA,NA,NA,"none",NA,"",1358
"1-no-value","081102002396","IMPERIAL",NA,NA,NA,NA,"none",NA,"",1352
"1-no-value","081190403394",NA,NA,NA,NA,NA,"none",NA,"",1327
"1-no-value","081102002403","IMPERIAL",NA,NA,NA,NA,"none",NA,"",1319
"1-no-value","081102002395","IMPERIAL",NA,NA,NA,NA,"none",NA,"",1308
"1-no-value","081102002394","IMPERIAL",NA,NA,NA,NA,"none",NA,"",1290
"1-no-value","085682400211","ECO-CIGS","ECO-CIGS E-CG TF","ECO-CIGS E-CG TF",1,NA,"none",NA,"",1285
"1-no-value","085005158206","RIZN","RIZN","RIZN SMOKING ALTERNATIVE PRODUCT ELECTRONIC CIGARETTE LIQUID PO BLUE RASPBERRY LEMONADE BOX 1 COUNT",1,NA,"none",NA,"",1243
"1-no-value","085682400216","ECO-CIGS","ECO-CIGS E-CGCM TF","ECO-CIGS E-CGCM TF",3,NA,"none",NA,"",1243
"1-no-value","081102002393","IMPERIAL",NA,NA,NA,NA,"none",NA,"",1231
"1-no-value","068808300400","WHISL","WHISL","WHISL SMOKING ALTERNATIVE PRODUCT ELECTRONIC CIGARETTE LIQUID PO TO FOCUS ON THE TASK AT HAND BOX 2 COUNT",2,NA,"none",NA,"",1196
"1-no-value","084851100000","INTELLICIG","INTELLICIG E-CG","INTELLICIG E-CG",1,NA,"none",NA,"",1160
"1-no-value","081102002401","IMPERIAL",NA,NA,NA,NA,"none",NA,"",1157
"1-no-value","081102002402","IMPERIAL",NA,NA,NA,NA,"none",NA,"",1101
"1-no-value","085609000300","ISMOK","ISMOK E-CG CT","ISMOK E-CG CT",1,NA,"none",NA,"",1045
"1-no-value","085682400215","ECO-CIGS","ECO-CIGS E-CG MN","ECO-CIGS E-CG MN",3,NA,"none",NA,"",1033
"1-no-value","089961000242","CIGIREX","CIGIREX E-CG MN OLS","CIGIREX E-CG MN OLS",1,NA,"none",NA,"",1003
"1-no-value","085005158208","RIZN","RIZN","RIZN SMOKING ALTERNATIVE PRODUCT ELECTRONIC CIGARETTE LIQUID PO PEACH BLUE RASPBERRY BOX 1 COUNT",1,NA,"none",NA,"",991
"1-no-value","001396427293","SMART SMOKE","SMART SMOKE E-CG COFFEE","SMART SMOKE E-CG COFFEE",2,NA,"none",NA,"",914
"1-no-value","085003554338","FIFTY","FIFTY BAR","FIFTY BAR SMOKING ALTERNATIVE PRODUCT ELECTRONIC CIGARETTE LIQUID PO BLUE RAZZLE ICE BOX 1 COUNT",1,NA,"none",NA,"",825
"1-no-value","085005158209","RIZN","RIZN","RIZN SMOKING ALTERNATIVE PRODUCT ELECTRONIC CIGARETTE LIQUID PO STRAWBERRY LIME CRANBERRY BOX 1 COUNT",1,NA,"none",NA,"",819
"1-no-value","070471534527",NA,NA,NA,NA,NA,"none",NA,"",815
"1-no-value","085005158207","RIZN","RIZN","RIZN SMOKING ALTERNATIVE PRODUCT ELECTRONIC CIGARETTE LIQUID PO MIXED BERRIES BOX 1 COUNT",1,NA,"none",NA,"",812
"1-no-value","003760401203",NA,NA,NA,NA,NA,"none",NA,"",806
"1-no-value","085003554343","FIFTY","FIFTY BAR","FIFTY BAR SMOKING ALTERNATIVE PRODUCT ELECTRONIC CIGARETTE LIQUID PO JUICY MANGO MELON ICE BOX 1 COUNT",1,NA,"none",NA,"",725
"1-no-value","061772491452",NA,NA,NA,NA,NA,"none",NA,"",654
"1-no-value","085003554344","FIFTY","FIFTY BAR","FIFTY BAR SMOKING ALTERNATIVE PRODUCT ELECTRONIC CIGARETTE LIQUID PO ALOE GRAPPLE WATERMELON BOX 1 COUNT",1,NA,"none",NA,"",637
"1-no-value","085005158210","RIZN","RIZN","RIZN SMOKING ALTERNATIVE PRODUCT ELECTRONIC CIGARETTE LIQUID PO SUPER SOUR BOX 1 COUNT",1,NA,"none",NA,"",631
"1-no-value","085609000332","ISMOK","ISMOK E-CG CT RFL/ECC=","ISMOK E-CG CT RFL/ECC=",5,NA,"none",NA,"",619
"1-no-value","061737594344","SQUARE","SQUARE","SQUARE SMOKING ALTERNATIVE PRODUCT LIQUID VAPORIZER PEN ORIGINAL RED 1000 PUFFS BOX 1 COUNT",1,NA,"none",NA,"",608
"1-no-value","085609000315","ISMOK","ISMOK E-CGC CT","ISMOK E-CGC CT",3,NA,"none",NA,"",608
"1-no-value","061772451137","SQUARE","SQ-DR E-CG LIQUID LOVE ME","SQ-DR E-CG LIQUID LOVE ME",1,NA,"none",NA,"",601
"1-no-value","061772451152","SQUARE","SQ-DR E-CG LIQUID NBG","SQ-DR E-CG LIQUID NBG",1,NA,"none",NA,"",574
"1-no-value","061772451170","SQUARE","SQ-DR E-CG LIQUID OST","SQ-DR E-CG LIQUID OST",1,NA,"none",NA,"",569
"1-no-value","089961000209","CIGIREX","CIGIREX E-CG","CIGIREX E-CG",2,NA,"none",NA,"",540
"1-no-value","085436100477",NA,NA,NA,NA,NA,"none",NA,"",535
"1-no-value","089961000214","CIGIREX","CIGIREX E-CGC MN RFL","CIGIREX E-CGC MN RFL",5,NA,"none",NA,"",531
"1-no-value","089961000212","CIGIREX","CIGIREX E-CGC REGULAR RFL","CIGIREX E-CGC REGULAR RFL",5,NA,"none",NA,"",522
"1-no-value","002145800003","CLEAN CIG","CLEAN CIG E-CG REGULAR","CLEAN CIG E-CG REGULAR",1,NA,"none",NA,"",485
"1-no-value","085609000317","ISMOK","ISMOK E-CGC MN/BT/ECC","ISMOK E-CGC MN/BT/ECC",2,NA,"none",NA,"",481
"1-no-value","061772451156","SQUARE","SQ-DR E-CG LIQUID RYDGR","SQ-DR E-CG LIQUID RYDGR",1,NA,"none",NA,"",479
"1-no-value","061772451131","SQUARE","SQ-DR E-CG LIQUID CMYK","SQ-DR E-CG LIQUID CMYK",1,NA,"none",NA,"",469
"1-no-value","061772491336","SQUARE","SQUARE","SQUARE SMOKING ALTERNATIVE PRODUCT LIQUID VAPORIZER PEN MINTY MENTHOL 1000 PUFFS BOX 1 COUNT",1,NA,"none",NA,"",453
"1-no-value","085124700303","MODERN SMOKE","MD-SMK E-CGCM MN","MD-SMK E-CGCM MN",5,NA,"none",NA,"",448
"1-no-value","089961000210","CIGIREX","CIGIREX E-CG","CIGIREX E-CG",2,NA,"none",NA,"",438
"1-no-value","089961000211","CIGIREX","CIGIREX E-CG MN","CIGIREX E-CG MN",2,NA,"none",NA,"",437
"1-no-value","061772451132",NA,NA,NA,NA,NA,"none",NA,"",436
"1-no-value","061772451153",NA,NA,NA,NA,NA,"none",NA,"",436
"1-no-value","085003554337","FIFTY","FIFTY BAR","FIFTY BAR SMOKING ALTERNATIVE PRODUCT ELECTRONIC CIGARETTE LIQUID PO VANILLA CUSTARD BOX 1 COUNT",1,NA,"none",NA,"",436
"1-no-value","061772451138","SQUARE","SQ-DR E-CG LIQUID MML","SQ-DR E-CG LIQUID MML",1,NA,"none",NA,"",434
"1-no-value","085436100482",NA,NA,NA,NA,NA,"none",NA,"",400
"1-no-value","089961000213","CIGIREX","CIGIREX E-CGC RFL","CIGIREX E-CGC RFL",5,NA,"none",NA,"",400
"1-no-value","085436100421",NA,NA,NA,NA,NA,"none",NA,"",395
"1-no-value","065436770663","CIGALECTRIC","CIGALECTRIC E-CGC REGULAR","CIGALECTRIC E-CGC REGULAR",1,NA,"none",NA,"",391
"1-no-value","085682400258","ECO-CIGS","ECO-CIGS E-CGCM TOB RFL","ECO-CIGS E-CGCM TOB RFL",3,NA,"none",NA,"",367
"1-no-value","085607300329",NA,NA,NA,NA,NA,"none",NA,"",355
"1-no-value","085436100481",NA,NA,NA,NA,NA,"none",NA,"",346
"1-no-value","073621120294","SMOKERS 1 CHOICE","S1C E-CG MN N-FL MEDIUM","S1C E-CG MN N-FL MEDIUM",1,NA,"none",NA,"",344
"1-no-value","002145802000","CLEAN CIG","CLN-CG E-CGA MN","CLN-CG E-CGA MN",5,NA,"none",NA,"",331
"1-no-value","065436770664","CIGALECTRIC","CIGALECTRIC E-CGC MN","CIGALECTRIC E-CGC MN",1,NA,"none",NA,"",329
"1-no-value","085436100420",NA,NA,NA,NA,NA,"none",NA,"",321
"1-no-value","073621120264","SMOKERS 1 CHOICE","S1C E-CG MEDIUM","S1C E-CG MEDIUM",1,NA,"none",NA,"",311
"1-no-value","085830200521","NE WHERE","NE WHERE ECGVT RFL","NE WHERE ECGVT RFL",1,NA,"none",NA,"",300
"1-no-value","085436100424",NA,NA,NA,NA,NA,"none",NA,"",297
"1-no-value","085607300328",NA,NA,NA,NA,NA,"none",NA,"",289
"1-no-value","085436100422","NE WHERE","NE WHERE EHOK ORANGE CREAM","NE WHERE EHOK ORANGE CREAM",1,NA,"none",NA,"",287
"1-no-value","065436704331","CIGALECTRIC","CIGALECTRIC E-CGC REGULAR","CIGALECTRIC E-CGC REGULAR",1,NA,"none",NA,"",280
"1-no-value","002145801075",NA,NA,NA,NA,NA,"none",NA,"",269
"1-no-value","085308600483","CRISS-CROSS","CRISS-CROSS E-CG REGULAR","CRISS-CROSS E-CG REGULAR",1,NA,"none",NA,"",258
"1-no-value","085436100423",NA,NA,NA,NA,NA,"none",NA,"",256
"1-no-value","081022002111","ISMOKE VAPER TECH","IVPT E-CGC OGN RFL","IVPT E-CGC OGN RFL",5,NA,"none",NA,"",254
"1-no-value","085682400218","ECO-CIGS","ECO-CIGS E-CG TF","ECO-CIGS E-CG TF",1,NA,"none",NA,"",254
"1-no-value","085609000333","ISMOK","ISMOK E-CG MN RFL/ECC=","ISMOK E-CG MN RFL/ECC=",5,NA,"none",NA,"",246
"1-no-value","081323902441","SPACE JAM","SPC JM-KGT AST 3'S","SPC JM-KGT AST 3'S",3,NA,"none",NA,"",241
"1-no-value","085436100408",NA,NA,NA,NA,NA,"none",NA,"",228
"1-no-value","081323902462","SPACE JAM","SPC JM E-CG LIQUID MTR MLK","SPC JM E-CG LIQUID MTR MLK",1,NA,"none",NA,"",222
"1-no-value","081323902014","SPACE JAM","SPC JM E-CG LIQUID ASTRO","SPC JM E-CG LIQUID ASTRO",1,NA,"none",NA,"",209
"1-no-value","085436100425","NE WHERE",NA,"NE WHERE EHOK GRAPE GATSBY",1,NA,"none",NA,"",205
"1-no-value","085436100490","NE WHERE","NE WHERE E-CG LIQUID BGM","NE WHERE E-CG LIQUID BGM",1,NA,"none",NA,"",203
"1-no-value","693728100036","VAPCIGS","VAPCIGS E-CGC","VAPCIGS E-CGC",14,NA,"none",NA,"",203
"1-no-value","081323902013","SPACE JAM","SPC JM E-CG LIQUID ASTRO","SPC JM E-CG LIQUID ASTRO",1,NA,"none",NA,"",199
"1-no-value","081323902463","SPACE JAM","SPC JM E-CG LIQUID MTR MLK","SPC JM E-CG LIQUID MTR MLK",1,NA,"none",NA,"",198
"1-no-value","085682400217",NA,NA,NA,NA,NA,"none",NA,"",191
"1-no-value","081342001169",NA,NA,NA,NA,NA,"none",NA,"",190
"1-no-value","081022002113","ISMOKE VAPER TECH","IVPT E-CGC MN RFL","IVPT E-CGC MN RFL",5,NA,"none",NA,"",187
"1-no-value","081323902002","SPACE JAM","SPC JM E-CG LIQUID ANDROMEDA","SPC JM E-CG LIQUID ANDROMEDA",1,NA,"none",NA,"",187
"1-no-value","085143800755","JAK","JAK","JAK SMOKING ALTERNATIVE PRODUCT ELECTRONIC CIGARETTE STRAWBERRY BOX 1 COUNT",1,NA,"none",NA,"",185
"1-no-value","085830200500","NE WHERE","NE WHERE E-CG LIQUID MN","NE WHERE E-CG LIQUID MN",1,NA,"none",NA,"",179
"1-no-value","085436100458","NE WHERE","NE WHERE E-CG LIQUID SR APTN","NE WHERE E-CG LIQUID SR APTN",1,NA,"none",NA,"",178
"1-no-value","085436100467","NE WHERE","NE WHERE E-CG LIQUID GGSB","NE WHERE E-CG LIQUID GGSB",1,NA,"none",NA,"",177
"1-no-value","075166716631","EZ CIG","EZ CIG E-CG WB","EZ CIG E-CG WB",1,NA,"none",NA,"",175
"1-no-value","085436100465","NE WHERE","NE WHERE E-CG LIQUID ISSQ","NE WHERE E-CG LIQUID ISSQ",1,NA,"none",NA,"",170
"1-no-value","085604000326",NA,NA,NA,NA,NA,"none",NA,"",169
"1-no-value","085830200503","NE WHERE","NE WHERE E-CG LIQUID PICO","NE WHERE E-CG LIQUID PICO",1,NA,"none",NA,"",168
"1-no-value","085830200514","NE WHERE","NE WHERE E-CG LIQUID VANILLA","NE WHERE E-CG LIQUID VANILLA",1,NA,"none",NA,"",164
"1-no-value","081323902001","SPACE JAM","SPC JM E-CG LIQUID ANDROMEDA","SPC JM E-CG LIQUID ANDROMEDA",1,NA,"none",NA,"",163
"1-no-value","085436100499","NE WHERE","NE WHERE E-CG LIQUID CHERRY","NE WHERE E-CG LIQUID CHERRY",1,NA,"none",NA,"",162
"1-no-value","085436100496","NE WHERE","NE WHERE E-CG LIQUID BB","NE WHERE E-CG LIQUID BB",1,NA,"none",NA,"",157
"1-no-value","075166716627","EZ CIG","EZ CIG E-CG WG","EZ CIG E-CG WG",1,NA,"none",NA,"",155
"1-no-value","085830200509","NE WHERE","NE WHERE E-CG LIQUID TOB","NE WHERE E-CG LIQUID TOB",1,NA,"none",NA,"",154
"1-no-value","079357311753",NA,NA,NA,NA,NA,"none",NA,"",153
"1-no-value","085436100495","NE WHERE","NE WHERE E-CG LIQUID EGV","NE WHERE E-CG LIQUID EGV",1,NA,"none",NA,"",153
"1-no-value","081323902062","SPACE JAM","SPC JM E-CG LIQUID PLUTO","SPC JM E-CG LIQUID PLUTO",1,NA,"none",NA,"",152
"1-no-value","081066902112",NA,NA,NA,NA,NA,"none",NA,"",151
"1-no-value","065436704332","CIGALECTRIC","CIGALECTRIC E-CGC REGULAR","CIGALECTRIC E-CGC REGULAR",1,NA,"none",NA,"",150
"1-no-value","075166716619","EZ CIG","EZ CIG E-CG VANILLA","EZ CIG E-CG VANILLA",1,NA,"none",NA,"",149
"1-no-value","085830200528","NE WHERE","NE WHERE E-CG LIQUID BAMA","NE WHERE E-CG LIQUID BAMA",1,NA,"none",NA,"",146
"1-no-value","065436704335","CIGALECTRIC","CIGALECTRIC E-CGC MN","CIGALECTRIC E-CGC MN",1,NA,"none",NA,"",143
"1-no-value","081323902061","SPACE JAM","SPC JM E-CG LIQUID PLUTO","SPC JM E-CG LIQUID PLUTO",1,NA,"none",NA,"",143
"1-no-value","085308600485","CRISS-CROSS","CRISS-CROSS E-CG MN","CRISS-CROSS E-CG MN",1,NA,"none",NA,"",141
"1-no-value","085436100419",NA,NA,NA,NA,NA,"none",NA,"",139
"1-no-value","081066902114",NA,NA,NA,NA,NA,"none",NA,"",138
"1-no-value","081836802784",NA,NA,NA,NA,NA,"none",NA,"",138
"1-no-value","085830200506","NE WHERE","NE WHERE E-CG LIQUID P-L","NE WHERE E-CG LIQUID P-L",1,NA,"none",NA,"",137
"1-no-value","085830200520","NE WHERE","NE WHERE E-CG LIQUID STMT","NE WHERE E-CG LIQUID STMT",1,NA,"none",NA,"",136
"1-no-value","693728100022","NBL-NCL","NBL-NCL E-CG","NBL-NCL E-CG",5,NA,"none",NA,"",133
"1-no-value","079357310108",NA,NA,NA,NA,NA,"none",NA,"",132
"1-no-value","061645399354","SQUARE","SQUARE LVP P-SN XL","SQUARE LVP P-SN XL",1,NA,"none",NA,"",131
"1-no-value","061772491329",NA,NA,NA,NA,NA,"none",NA,"",131
"1-no-value","085003554362","FIFTY","FIFTY BAR","FIFTY BAR SMOKING ALTERNATIVE PRODUCT ELECTRONIC CIGARETTE LIQUID PO PINK SQUARES BOX 1 COUNT",1,NA,"none",NA,"",130
"1-no-value","061772451155","SQUARE","SQ-DR E-CG LIQUID PE-SRS","SQ-DR E-CG LIQUID PE-SRS",1,NA,"none",NA,"",128
"1-no-value","085436100466","NE WHERE","NE WHERE E-CG LIQUID WM MINT","NE WHERE E-CG LIQUID WM MINT",1,NA,"none",NA,"",127
"1-no-value","061645399352","SQUARE","SQUARE LVP MOMMA MIA XL","SQUARE LVP MOMMA MIA XL",1,NA,"none",NA,"",125
"1-no-value","079357305740",NA,NA,NA,NA,NA,"none",NA,"",117
"1-no-value","081009691191","JUICE","JUICE HEAD","JUICE HEAD SMOKING ALTERNATIVE PRODUCT ELECTRONIC CIGARETTE LIQUID PO PEACH PEAR JUICE HEAD BOX 1 COUNT",1,NA,"none",NA,"",117
"1-no-value","061772451140","SQUARE","SQ-DR E-CG LIQUID MML","SQ-DR E-CG LIQUID MML",1,NA,"none",NA,"",116
"1-no-value","085193300304","BLAZE","BLAZE E-CG OGN OLS","BLAZE E-CG OGN OLS",1,NA,"none",NA,"",113
"1-no-value","061737594343","SQUARE","SQUARE LVP ROYAL DAGGER XL","SQUARE LVP ROYAL DAGGER XL",1,NA,"none",NA,"",111
"1-no-value","075166716459","EZ CIG","EZ CIG E-CG BC","EZ CIG E-CG BC",1,NA,"none",NA,"",110
"1-no-value","081066902118",NA,NA,NA,NA,NA,"none",NA,"",109
"1-no-value","061645399353","SQUARE","SQUARE","SQUARE SMOKING ALTERNATIVE PRODUCT LIQUID VAPORIZER PEN MAGIC MELON 1000 PUFFS BOX 1 COUNT",1,NA,"none",NA,"",106
"1-no-value","081066902111",NA,NA,NA,NA,NA,"none",NA,"",104
"1-no-value","085604000325",NA,NA,NA,NA,NA,"none",NA,"",99
"1-no-value","081066902117",NA,NA,NA,NA,NA,"none",NA,"",97
"1-no-value","065436704336","CIGALECTRIC","CIGALECTRIC E-CGC MN","CIGALECTRIC E-CGC MN",1,NA,"none",NA,"",96
"1-no-value","081066902116",NA,NA,NA,NA,NA,"none",NA,"",95
"1-no-value","079357323340",NA,NA,NA,NA,NA,"none",NA,"",94
"1-no-value","081066902141",NA,NA,NA,NA,NA,"none",NA,"",94
"1-no-value","084727700018","JASPER & JASPER","JJ-IMPLS E-CG TF","JJ-IMPLS E-CG TF",1,NA,"none",NA,"",94
"1-no-value","081009691188","JUICE","JUICE HEAD","JUICE HEAD SMOKING ALTERNATIVE PRODUCT ELECTRONIC CIGARETTE LIQUID PO LYCHEE MANGO MESH COIL BOX 1 COUNT",1,NA,"none",NA,"",91
"1-no-value","081066902115",NA,NA,NA,NA,NA,"none",NA,"",88
"1-no-value","085830200517","NE WHERE","NE WHERE E-CG LIQUID WM","NE WHERE E-CG LIQUID WM",1,NA,"none",NA,"",88
"1-no-value","081066902122",NA,NA,NA,NA,NA,"none",NA,"",85
"1-no-value","081066902139",NA,NA,NA,NA,NA,"none",NA,"",84
"1-no-value","061772451143","SQUARE","SQ-DR E-CG LIQUID M-SLK","SQ-DR E-CG LIQUID M-SLK",1,NA,"none",NA,"",82
"1-no-value","084872800344","J'ADORE FOR HER","JDR FH E-CG","JDR FH E-CG",1,NA,"none",NA,"",81
"1-no-value","085143800756","JAK","JAK","JAK SMOKING ALTERNATIVE PRODUCT ELECTRONIC CIGARETTE STRAWBERRY BOX 1 COUNT",1,NA,"none",NA,"",81
"1-no-value","081962001769","SOUTH BEACH SMOKE","STH-BS E-CG LIQUID MN","STH-BS E-CG LIQUID MN",1,NA,"none",NA,"",77
"1-no-value","081066902121",NA,NA,NA,NA,NA,"none",NA,"",76
"1-no-value","085371500500","BLAC LABEL","BLAC LABEL E-CG CT","BLAC LABEL E-CG CT",2,NA,"none",NA,"",76
"1-no-value","085371500502","BLAC LABEL","BLAC LABEL E-CG MN","BLAC LABEL E-CG MN",2,NA,"none",NA,"",73
"1-no-value","002145800004","CLEAN CIG","CLN-CG E-CGC MN/ECC","CLN-CG E-CGC MN/ECC",1,NA,"none",NA,"",72
"1-no-value","079357305739",NA,NA,NA,NA,NA,"none",NA,"",72
"1-no-value","065436770660","CIGALECTRIC","CIGALECTRIC E-CGC REGULAR OL-V","CIGALECTRIC E-CGC REGULAR OL-V",1,NA,"none",NA,"",70
"1-no-value","061645399351","SQUARE","SQUARE LVP MALIBU SILK XL","SQUARE LVP MALIBU SILK XL",1,NA,"none",NA,"",68
"1-no-value","079357311750",NA,NA,NA,NA,NA,"none",NA,"",68
"1-no-value","081066902120",NA,NA,NA,NA,NA,"none",NA,"",68
"1-no-value","081076702014","MILLENNIUM","MLNM E-CG LIQUID PLUM","MLNM E-CG LIQUID PLUM",1,NA,"none",NA,"",65
"1-no-value","081102002246","IMPERIAL",NA,NA,NA,NA,"none",NA,"",65
"1-no-value","081962001942","SOUTH BEACH SMOKE","STH-BS E-CG LIQUID MN","STH-BS E-CG LIQUID MN",1,NA,"none",NA,"",65
"1-no-value","081066902138",NA,NA,NA,NA,NA,"none",NA,"",55
"1-no-value","085371500501","BLAC LABEL","BLAC LABEL E-CG BOLD TOB","BLAC LABEL E-CG BOLD TOB",2,NA,"none",NA,"",55
"1-no-value","062784346466","EAGLEENERGY","EAGLE.ENERGY","EAGLE.ENERGY SMOKING ALTERNATIVE PRODUCT STICK CAFFEINE 1 COUNT",1,NA,"none",NA,"",54
"1-no-value","081066902140",NA,NA,NA,NA,NA,"none",NA,"",54
"1-no-value","081076702017","MILLENNIUM","MLNM E-CG LIQUID KIWI","MLNM E-CG LIQUID KIWI",1,NA,"none",NA,"",53
"1-no-value","085641900305","PROGRESSIGS","PROGRESSIGS E-CG MN","PROGRESSIGS E-CG MN",1,NA,"none",NA,"",53
"1-no-value","079357323334",NA,NA,NA,NA,NA,"none",NA,"",51
"1-no-value","065436770661","CIGALECTRIC","CIGALECTRIC E-CGC MN OL-V","CIGALECTRIC E-CGC MN OL-V",1,NA,"none",NA,"",49
"1-no-value","079357310107",NA,NA,NA,NA,NA,"none",NA,"",47
"1-no-value","079357323338",NA,NA,NA,NA,NA,"none",NA,"",47
"1-no-value","084005680159","NUX","NU-X NUTRA","NU-X NUTRA SMOKING ALTERNATIVE PRODUCT LIQUID ENERGY CAFFENINE 200 PLUS PUFFS BOX 1 COUNT",1,NA,"none",NA,"",47
"1-no-value","084005680156","NUX","NU-X NUTRA","NU-X NUTRA SMOKING ALTERNATIVE PRODUCT LIQUID ENERGY CAFFENINE 200 PLUS PUFFS BOX 1 COUNT",1,NA,"none",NA,"",45
"1-no-value","085641900308","PROGRESSIGS","PROGRESSIGS E-CG VANILLA","PROGRESSIGS E-CG VANILLA",1,NA,"none",NA,"",43
"1-no-value","061772491345","SQUARE","SQUARE","SQUARE SMOKING ALTERNATIVE PRODUCT LIQUID VAPORIZER PEN OLD SCHOOL TABAC 1000 PUFFS BOX 1 COUNT",1,NA,"none",NA,"",41
"1-no-value","084727700034","XPLORER","XPLORER E-CG TF","XPLORER E-CG TF",1,NA,"none",NA,"",41
"1-no-value","081323902444","SPACE JAM","SPC JM-KGT ECCVPR","SPC JM-KGT ECCVPR",2,NA,"none",NA,"",40
"1-no-value","071375793315",NA,NA,NA,NA,NA,"none",NA,"",37
"1-no-value","085399000323","CLAYTON","CLAYTON E-CG","CLAYTON E-CG",1,NA,"none",NA,"",37
"1-no-value","085641900302","PROGRESSIGS","PROGRESSIGS E-CG TOB","PROGRESSIGS E-CG TOB",1,NA,"none",NA,"",36
"1-no-value","085641900300","PROGRESSIGS","PROGRESSIGS E-CG TOB","PROGRESSIGS E-CG TOB",1,NA,"none",NA,"",35
"1-no-value","085433800492",NA,NA,NA,NA,NA,"none",NA,"",34
"1-no-value","081076702018","MILLENNIUM","MLNM E-CG LIQUID CREAM","MLNM E-CG LIQUID CREAM",1,NA,"none",NA,"",33
"1-no-value","085371500503","BLAC LABEL","BLAC LABEL E-CG LIGHT VANILLA","BLAC LABEL E-CG LIGHT VANILLA",2,NA,"none",NA,"",32
"1-no-value","081076702029","MILLENNIUM","MLNM E-CG LIQUID SB CHSCK","MLNM E-CG LIQUID SB CHSCK",1,NA,"none",NA,"",31
"1-no-value","085607300367","JAK","JAK E-CG MN","JAK E-CG MN",1,NA,"none",NA,"",30
"1-no-value","085308600486","CRISS-CROSS","CRISS-CROSS E-CG MN","CRISS-CROSS E-CG MN",1,NA,"none",NA,"",25
"1-no-value","081342001159",NA,NA,NA,NA,NA,"none",NA,"",24
"1-no-value","079408027633","E-SMOKES","E-SMOKES E-CG MINT RFL","E-SMOKES E-CG MINT RFL",1,NA,"none",NA,"",23
"1-no-value","081076702012","MILLENNIUM","MLNM E-CG LIQUID PINEAPPLE","MLNM E-CG LIQUID PINEAPPLE",1,NA,"none",NA,"",23
"1-no-value","081342001429","KRAVE","KRAVE E-CG OGN","KRAVE E-CG OGN",1,NA,"none",NA,"",21
"1-no-value","085143800757","JAK","JAK","JAK SMOKING ALTERNATIVE PRODUCT ELECTRONIC CIGARETTE WILD BERRY BOX 1 COUNT",1,NA,"none",NA,"",21
"1-no-value","073621191069","SQUARE","SQ E-CG VO","SQ E-CG VO",1,NA,"none",NA,"",19
"1-no-value","075166712763","EZ CIG","EZ CIG E-CG MN","EZ CIG E-CG MN",1,NA,"none",NA,"",18
"1-no-value","081076702013","MILLENNIUM","MLNM E-CG LIQUID WM","MLNM E-CG LIQUID WM",1,NA,"none",NA,"",18
"1-no-value","075166717399","VOODOO","VOODOO E-HOOKAH E-CG S-S","VOODOO E-HOOKAH E-CG S-S",1,NA,"none",NA,"",17
"1-no-value","081342001430","KRAVE","KRAVE E-CG MN","KRAVE E-CG MN",1,NA,"none",NA,"",17
"1-no-value","085371500504","BLAC LABEL","BLAC LABEL E-CG LIGHT TOB","BLAC LABEL E-CG LIGHT TOB",2,NA,"none",NA,"",17
"1-no-value","081342001389",NA,NA,NA,NA,NA,"none",NA,"",16
"1-no-value","085143800754","JAK","JAK","JAK SMOKING ALTERNATIVE PRODUCT ELECTRONIC CIGARETTE FRUIT BOX 1 COUNT",1,NA,"none",NA,"",16
"1-no-value","085220700570",NA,NA,NA,NA,NA,"none",NA,"",16
"1-no-value","085607300300","JAK","JAK E-CG REGULAR","JAK E-CG REGULAR",1,NA,"none",NA,"",16
"1-no-value","075166704975","EZ CIG","EZ CIG E-CG TOB","EZ CIG E-CG TOB",1,NA,"none",NA,"",15
"1-no-value","081342001265",NA,NA,NA,NA,NA,"none",NA,"",15
"1-no-value","002145802050","CLEAN CIG","CLN-CG E-CGA MN","CLN-CG E-CGA MN",5,NA,"none",NA,"",14
"1-no-value","073621122926","SQUARE","SQ82 E-CG OR","SQ82 E-CG OR",1,NA,"none",NA,"",14
"1-no-value","081085902007","ZOOM","ZOOM E-CG MN BOLD 10P","ZOOM E-CG MN BOLD 10P",10,NA,"none",NA,"",14
"1-no-value","085371500505","BLAC LABEL","BLAC LABEL E-CG SPECIAL BLEND","BLAC LABEL E-CG SPECIAL BLEND",2,NA,"none",NA,"",14
"1-no-value","075166717247","VOODOO","VOODOO E-HOOKAH E-CG GOE","VOODOO E-HOOKAH E-CG GOE",1,NA,"none",NA,"",12
"1-no-value","085488600303","SMOKER'S ONE CHOICE","SOC E-CG MN","SOC E-CG MN",1,NA,"none",NA,"",12
"1-no-value","081323902000","SPACE JAM","SPC JM E-CG LIQUID ANDROMEDA","SPC JM E-CG LIQUID ANDROMEDA",1,NA,"none",NA,"",11
"1-no-value","065436704330","CIGALECTRIC","CGR E-CGC AST OL-V 2'S/BT/ECC","CGR E-CGC AST OL-V 2'S/BT/ECC",2,NA,"none",NA,"",10
"1-no-value","070098780115","KING DISTRIBUTION","LAVA PLUS","LAVA PLUS SMOKING ALTERNATIVE PRODUCT ELECTRONIC CIGARETTE LIQUID PO COOL MINT BOX 1 COUNT",1,NA,"none",NA,"",10
"1-no-value","073621122916","SQUARE","SQ E-CG MINTY MN VO","SQ E-CG MINTY MN VO",1,NA,"none",NA,"",10
"1-no-value","085005158236","RIZN","RIZN","RIZN SMOKING ALTERNATIVE PRODUCT ELECTRONIC CIGARETTE LIQUID PO BLACKBERRY ICE MESH COIL BOX 1 COUNT",1,NA,"none",NA,"",10
"1-no-value","002145802025","CLEAN CIG","CLN-CG E-CGA MN","CLN-CG E-CGA MN",5,NA,"none",NA,"",9
"1-no-value","085436100400","NE WHERE","NE WHERE E-CG CT","NE WHERE E-CG CT",1,NA,"none",NA,"",9
"1-no-value","085488600301","SMOKER'S ONE CHOICE","SOC E-CG MEDIUM","SOC E-CG MEDIUM",1,NA,"none",NA,"",9
"1-no-value","001396461400","X HALE O2","X HALE O2 E-CG","X HALE O2 E-CG",1,NA,"none",NA,"",8
"1-no-value","073621191079",NA,NA,NA,NA,NA,"none",NA,"",8
"1-no-value","081342001433","KRAVE","KRAVE E-CG TOB","KRAVE E-CG TOB",1,NA,"none",NA,"",8
"1-no-value","085005158239","RIZN","RIZN","RIZN SMOKING ALTERNATIVE PRODUCT ELECTRONIC CIGARETTE LIQUID PO STRAWBERRY WATERMELON BOX 1 COUNT",1,NA,"none",NA,"",8
"1-no-value","505671640243","LOST","LOST MARY","LOST MARY SMOKING ALTERNATIVE PRODUCT ELECTRONIC CIGARETTE LIQUID PO STRAWBERRY LEMONADE MESH COIL BOX 1 COUNT",1,NA,"none",NA,"",8
"1-no-value","075602973446","NIIN","NIIN AIR","NIIN AIR SMOKING ALTERNATIVE PRODUCT GUAVA CHILL 1 COUNT",1,NA,"none",NA,"",7
"1-no-value","081342001286",NA,NA,NA,NA,NA,"none",NA,"",7
"1-no-value","073621190409","SQUARE","SQUARE E-CG VO","SQUARE E-CG VO",1,NA,"none",NA,"",6
"1-no-value","075166721591",NA,NA,NA,NA,NA,"none",NA,"",6
"1-no-value","075166721595","VOODOO","VOODOO E-HOOKAH E-CG MN","VOODOO E-HOOKAH E-CG MN",1,NA,"none",NA,"",6
"1-no-value","081076702202","MILLENNIUM","MLNM E-CG LIQUID CRANBERRY","MLNM E-CG LIQUID CRANBERRY",1,NA,"none",NA,"",6
"1-no-value","075166701019","VOODOO","V E-L E-CG LIQUID BB","V E-L E-CG LIQUID BB",1,NA,"none",NA,"",5
"1-no-value","081342001434","KRAVE","KRAVE E-CG MN","KRAVE E-CG MN",1,NA,"none",NA,"",5
"1-no-value","081717001001","NICSTICK","NICSTICK E-CGAC USA MIX","NICSTICK E-CGAC USA MIX",1,NA,"none",NA,"",5
"1-no-value","085682400255","ECO-CIGS","ECO-CIGS E-CGCM MN MINI","ECO-CIGS E-CGCM MN MINI",3,NA,"none",NA,"",5
"1-no-value","505671640280","LOST","LOST MARY","LOST MARY SMOKING ALTERNATIVE PRODUCT ELECTRONIC CIGARETTE LIQUID PO ACAI BERRY STORM ICE MESH COIL BOX 1 COUNT",1,NA,"none",NA,"",5
"1-no-value","075166721827","VOODOO","VOODOO E-CG LIQUID MN","VOODOO E-CG LIQUID MN",1,NA,"none",NA,"",4
"1-no-value","075166726959",NA,NA,NA,NA,NA,"none",NA,"",4
"1-no-value","075166726963",NA,NA,NA,NA,NA,"none",NA,"",4
"1-no-value","081076702038","MILLENNIUM","MLNM E-CG LIQUID PICO","MLNM E-CG LIQUID PICO",1,NA,"none",NA,"",4
"1-no-value","081076702206","MILLENNIUM","MLNM E-CG LIQUID ENERGY COW","MLNM E-CG LIQUID ENERGY COW",1,NA,"none",NA,"",4
"1-no-value","081076702218","MILLENNIUM","MLNM E-CG LIQUID LEMON","MLNM E-CG LIQUID LEMON",1,NA,"none",NA,"",4
"1-no-value","081323902284","SPACE JAM","SPC JM E-CG LIQUID PLSR","SPC JM E-CG LIQUID PLSR",1,NA,"none",NA,"",4
"1-no-value","084727700005","REVIVE","REVIVE E-CG TOB","REVIVE E-CG TOB",1,NA,"none",NA,"",4
"1-no-value","085682400257",NA,NA,NA,NA,NA,"none",NA,"",4
"1-no-value","086000489504","FUMEE","FUMEE","FUMEE SMOKING ALTERNATIVE PRODUCT MANGO 1 COUNT",1,NA,"none",NA,"",4
"1-no-value","505671640230","LOST","LOST MARY","LOST MARY SMOKING ALTERNATIVE PRODUCT ELECTRONIC CIGARETTE LIQUID PO WATERMELON BOX 1 COUNT",1,NA,"none",NA,"",4
"1-no-value","505671640274","LOST","LOST MARY","LOST MARY SMOKING ALTERNATIVE PRODUCT ELECTRONIC CIGARETTE LIQUID PO TRIPLE BERRY DUO ICE MESH COIL BOX 1 COUNT",1,NA,"none",NA,"",4
"1-no-value","065436770665","CIGALECTRIC","CIGALECTRIC E-CGC REGULAR","CIGALECTRIC E-CGC REGULAR",1,NA,"none",NA,"",3
"1-no-value","081323902063","SPACE JAM","SPC JM E-CG LIQUID PLUTO","SPC JM E-CG LIQUID PLUTO",1,NA,"none",NA,"",3
"1-no-value","081717001006","NICSTICK","NICSTICK E-CGAC USA MIX","NICSTICK E-CGAC USA MIX",1,NA,"none",NA,"",3
"1-no-value","085005158237","RIZN","RIZN","RIZN SMOKING ALTERNATIVE PRODUCT ELECTRONIC CIGARETTE LIQUID PO PEACH BLUE RASPBERRY BOX 1 COUNT",1,NA,"none",NA,"",3
"1-no-value","085436100411","NE WHERE","NE WHERE E-CG G-G","NE WHERE E-CG G-G",1,NA,"none",NA,"",3
"1-no-value","085682400256",NA,NA,NA,NA,NA,"none",NA,"",3
"1-no-value","089961000227",NA,NA,NA,NA,NA,"none",NA,"",3
"1-no-value","065436704351","CIGALECTRIC","CIGALECTRIC E-CGC REGULAR","CIGALECTRIC E-CGC REGULAR",2,NA,"none",NA,"",2
"1-no-value","075166723931",NA,NA,NA,NA,NA,"none",NA,"",2
"1-no-value","075166726955","VOODOO","VOODOO E-HOOKAH E-CG MN","VOODOO E-HOOKAH E-CG MN",1,NA,"none",NA,"",2
"1-no-value","081076702041","ROYAL SMOKE","ROYAL SMOKE E-CG RED KING","ROYAL SMOKE E-CG RED KING",1,NA,"none",NA,"",2
"1-no-value","081323902015","SPACE JAM","SPC JM E-CG LIQUID ASTRO","SPC JM E-CG LIQUID ASTRO",1,NA,"none",NA,"",2
"1-no-value","081323902464","SPACE JAM","SPC JM E-CG LIQUID MTR MLK","SPC JM E-CG LIQUID MTR MLK",1,NA,"none",NA,"",2
"1-no-value","085005158238","RIZN","RIZN","RIZN SMOKING ALTERNATIVE PRODUCT ELECTRONIC CIGARETTE LIQUID PO RED GRAPES BOX 1 COUNT",1,NA,"none",NA,"",2
"1-no-value","085452700316","VIENTI","VIENTI","VIENTI SMOKING ALTERNATIVE PRODUCT TRAY IN BOX 1 COUNT",1,NA,"none",NA,"",2
"1-no-value","002145800006","CLEAN CIG","CLN-CG E-CGA&CT/BT&ECC","CLN-CG E-CGA&CT/BT&ECC",3,NA,"none",NA,"",1
"1-no-value","002145806005","CLEAN CIG","CLN-CG E-CG LIQUID CHERRY","CLN-CG E-CG LIQUID CHERRY",1,NA,"none",NA,"",1
"1-no-value","002145806011","CLEAN CIG","CLN-CG E-CG LIQUID WM","CLN-CG E-CG LIQUID WM",1,NA,"none",NA,"",1
"1-no-value","005284312007","SMOKE FREE","SMOKE FREE E-CG","SMOKE FREE E-CG",20,NA,"none",NA,"",1
"1-no-value","009874701305","VIIGO","VIIGO","VIIGO SMOKING ALTERNATIVE PRODUCT MIXED FRUIT 3 COUNT",3,NA,"none",NA,"",1
"1-no-value","061693254774","V-GAR 300","V-GAR 300 E-CG TOB","V-GAR 300 E-CG TOB",1,NA,"none",NA,"",1
"1-no-value","065436704352","CIGALECTRIC","CIGALECTRIC E-CGC MN","CIGALECTRIC E-CGC MN",2,NA,"none",NA,"",1
"1-no-value","075166721843","VOODOO","V E-L E-CG LIQUID PEACH","V E-L E-CG LIQUID PEACH",1,NA,"none",NA,"",1
"1-no-value","081076702224","MILLENNIUM","MLNM E-CG LIQUID RASPBERRY","MLNM E-CG LIQUID RASPBERRY",1,NA,"none",NA,"",1
"1-no-value","081085902015","ZOOM","ZOOM","ZOOM SMOKING ALTERNATIVE PRODUCT ELECTRONIC CIGARETTE TOBACCO PREMIUM BOX 3 COUNT",3,NA,"none",NA,"",1
"1-no-value","081323902003",NA,NA,NA,NA,NA,"none",NA,"",1
"1-no-value","081323902012",NA,NA,NA,NA,NA,"none",NA,"",1
"1-no-value","081323902286","SPACE JAM","SPC JM E-CG LIQUID PLSR","SPC JM E-CG LIQUID PLSR",1,NA,"none",NA,"",1
"1-no-value","081323902797",NA,NA,NA,NA,NA,"none",NA,"",1
"1-no-value","081717001002","NICSTICK","NICSTICK E-CGAC MN","NICSTICK E-CGAC MN",1,NA,"none",NA,"",1
"1-no-value","084727700006","JASPER & JASPER","JJC E-CGC TOB","JJC E-CGC TOB",5,NA,"none",NA,"",1
"1-no-value","085436100401","NE WHERE","NE WHERE E-CG MN","NE WHERE E-CG MN",1,NA,"none",NA,"",1
"2-siblings-disagree","084920501793","VUSE",NA,NA,NA,3.6,"prefix11",24,"CHECK:siblings_disagree",268658
"2-siblings-disagree","085438400415","LOGIC","LOGIC E-CG TOB","LOGIC E-CG TOB",1,7.25,"prefix10",18,"CHECK:siblings_disagree",181440
"2-siblings-disagree","009710000218","MARKTEN","MARKTEN EVCC CREAM","MARKTEN EVCC CREAM",2,1.6,"prefix8+carts",35,"CHECK:siblings_disagree",152653
"2-siblings-disagree","009710000289","NJOY","ELCT CGRTT LIQUID POD","ELCT CGRTT LIQUID POD",1,0.8,"prefix8+carts",35,"CHECK:siblings_disagree",129487
"2-siblings-disagree","009710000287","NJOY","ELCT CGRTT LIQUID POD","ELCT CGRTT LIQUID POD",1,0.8,"prefix8+carts",35,"CHECK:siblings_disagree",116384
"2-siblings-disagree","009710000288","NJOY","ELCT CGRTT LIQUID POD","ELCT CGRTT LIQUID POD",1,0.8,"prefix8+carts",35,"CHECK:siblings_disagree",114694
"2-siblings-disagree","085438400414","LOGIC","LOGIC E-CG MN","LOGIC E-CG MN",2,7.25,"prefix10",18,"CHECK:siblings_disagree",114431
"2-siblings-disagree","085570400720","MISTIC","MISTIC E-CGC RFL","MISTIC E-CGC RFL",3,5,"prefix10",18,"CHECK:siblings_disagree",98207
"2-siblings-disagree","085570400719","MISTIC","MISTIC E-CGC RFL","MISTIC E-CGC RFL",3,5,"prefix10",18,"CHECK:siblings_disagree",94322
"2-siblings-disagree","036586038376","21ST CENTURY SMOKE","21CS E-CGC","21CS E-CGC",1,14.9937645,"prefix8+carts",16,"CHECK:siblings_disagree",66605
"2-siblings-disagree","009710000286","NJOY","ELCT CGRTT LIQUID POD","ELCT CGRTT LIQUID POD",1,0.8,"prefix8+carts",35,"CHECK:siblings_disagree",51035
"2-siblings-disagree","009710000285","NJOY","ELCT CGRTT LIQUID POD","ELCT CGRTT LIQUID POD",1,0.8,"prefix8+carts",35,"CHECK:siblings_disagree",50254
"2-siblings-disagree","081505802212","LOGIC","LOGIC LQD ECGT","LOGIC LQD ECGT",1,3,"prefix10",18,"CHECK:siblings_disagree",32811
"2-siblings-disagree","085570400702","MISTIC","MISTIC E-CG MN","MISTIC E-CG MN",1,5,"prefix11",18,"CHECK:siblings_disagree",22289
"2-siblings-disagree","081649401348","NICOTEK","N-M-C E-CG","N-M-C E-CG",1,9.995843,"prefix8+carts",24,"CHECK:siblings_disagree",21896
"2-siblings-disagree","085438400412","LOGIC","LOGIC E-CG REGULAR TOB","LOGIC E-CG REGULAR TOB",1,7.25,"prefix10",18,"CHECK:siblings_disagree",15965
"2-siblings-disagree","081068701811","NJOY","NJOY E-CG LIQUID PEACH TEA","NJOY E-CG LIQUID PEACH TEA",1,5.527495,"prefix11",11.8,"CHECK:siblings_disagree",15100
"2-siblings-disagree","081649401154","NICOTEK","NICOTEK METRO E-CG","NICOTEK METRO E-CG",1,9.995843,"prefix8+carts",24,"CHECK:siblings_disagree",14776
"2-siblings-disagree","081505802213","LOGIC","LOGIC LQD ECTA","LOGIC LQD ECTA",3,3,"prefix10",18,"CHECK:siblings_disagree",10907
"2-siblings-disagree","081649401300","NICOTEK","NCTK MTR MNGT E-CG MN","NCTK MTR MNGT E-CG MN",1,9.995843,"prefix8+carts",24,"CHECK:siblings_disagree",10306
"2-siblings-disagree","085570400737","MISTIC","MISTIC E-CGC CHERRY RFL","MISTIC E-CGC CHERRY RFL",3,5,"prefix10",18,"CHECK:siblings_disagree",9654
"2-siblings-disagree","036586038277","21ST CENTURY SMOKE","21SCS E-CG REGULAR TOB","21SCS E-CG REGULAR TOB",1,5.4,"prefix10",16,"CHECK:siblings_disagree",8865
"2-siblings-disagree","081649401155","NICOTEK","NCTK MTR SVN E-CG MN","NCTK MTR SVN E-CG MN",1,9.995843,"prefix8+carts",24,"CHECK:siblings_disagree",8101
"2-siblings-disagree","036586038210","21ST CENTURY SMOKE","21SCS E-CG MN","21SCS E-CG MN",1,5.4,"prefix11",16,"CHECK:siblings_disagree",7503
"2-siblings-disagree","081649401354","NICOTEK","NICOTEK METRO E-CG MN KING","NICOTEK METRO E-CG MN KING",1,9.995843,"prefix8+carts",24,"CHECK:siblings_disagree",7480
"2-siblings-disagree","081649401352","NICOTEK","NICOTEK METRO E-CG KING","NICOTEK METRO E-CG KING",1,9.995843,"prefix8+carts",24,"CHECK:siblings_disagree",6878
"2-siblings-disagree","081649401299","NICOTEK","NCTK MTR MNGT E-CG","NCTK MTR MNGT E-CG",1,9.995843,"prefix8+carts",24,"CHECK:siblings_disagree",6401
"2-siblings-disagree","081649401297","NICOTEK","NTK MR CK SK E-CG","NTK MR CK SK E-CG",1,9.995843,"prefix8+carts",24,"CHECK:siblings_disagree",6322
"2-siblings-disagree","081649401298","NICOTEK","NTK MR CK SK E-CG MN","NTK MR CK SK E-CG MN",1,9.995843,"prefix8+carts",24,"CHECK:siblings_disagree",6149
"2-siblings-disagree","816494011374","NICOTEK","N-M-C E-CG","N-M-C E-CG",1,9.995843,"brand+carts",24,"CHECK:siblings_disagree",6142
"2-siblings-disagree","081649401295","NICOTEK","N-M-C E-CG","N-M-C E-CG",1,9.995843,"prefix8+carts",24,"CHECK:siblings_disagree",6004
"2-siblings-disagree","081649401296","NICOTEK","N-M-C E-CG MN","N-M-C E-CG MN",1,9.995843,"prefix8+carts",24,"CHECK:siblings_disagree",5820
"2-siblings-disagree","085570400488","MISTIC","MISTIC E-CGC RFL","MISTIC E-CGC RFL",1,7.5,"prefix10",18,"CHECK:siblings_disagree",5486
"2-siblings-disagree","009710000107","MARKTEN","MARKTEN E-CGC","MARKTEN E-CGC",4,1.6,"prefix10",35,"CHECK:siblings_disagree",5190
"2-siblings-disagree","085438400413","LOGIC","LOGIC E-CG REGULAR MN","LOGIC E-CG REGULAR MN",1,7.25,"prefix10",18,"CHECK:siblings_disagree",4718
"2-siblings-disagree","085570400401","NEO","NEO SOLO E-CG","NEO SOLO E-CG",1,7.5,"prefix10",20,"CHECK:siblings_disagree",4594
"2-siblings-disagree","085570400420","MISTIC","MISTIC E-CG MN","MISTIC E-CG MN",1,7.5,"prefix10",20,"CHECK:siblings_disagree",4430
"2-siblings-disagree","036586038274","21ST CENTURY SMOKE","21SCS E-CG C-M","21SCS E-CG C-M",1,5.4,"prefix10",16,"CHECK:siblings_disagree",4131
"2-siblings-disagree","085570400402","NEO","NEO SOLO E-CG","NEO SOLO E-CG",1,7.5,"prefix10",20,"CHECK:siblings_disagree",3700
"2-siblings-disagree","009710000109","MARKTEN","MARKTEN E-CGC MN","MARKTEN E-CGC MN",4,1.6,"prefix10",35,"CHECK:siblings_disagree",3231
"2-siblings-disagree","072944053377","LOGIC","LBL E-CG REGULAR TOB","LBL E-CG REGULAR TOB",1,1.2,"brand+carts",24,"CHECK:siblings_disagree",3227
"2-siblings-disagree","081068701408","NJOY","NJOY ONE JOY E-CG","NJOY ONE JOY E-CG",1,3.8,"prefix10",45,"CHECK:siblings_disagree",2925
"2-siblings-disagree","081505802030","LOGIC","LOGIC E-CGC TOB","LOGIC E-CGC TOB",3,1.2,"prefix10",24,"CHECK:siblings_disagree",2912
"2-siblings-disagree","085570400487","MISTIC","MISTIC E-CGC RFL","MISTIC E-CGC RFL",1,7.5,"prefix10",18,"CHECK:siblings_disagree",2893
"2-siblings-disagree","081997901118","NJOY",NA,NA,NA,2.85,"prefix10",43,"CHECK:siblings_disagree",2877
"2-siblings-disagree","081505802305","LOGIC","LOGIC VAPELEAF ECV&C","LOGIC VAPELEAF ECV&C",1,1.2,"prefix8+carts",24,"CHECK:siblings_disagree",2578
"2-siblings-disagree","081068701410","NJOY","NJOY ONE JOY E-CG","NJOY ONE JOY E-CG",1,3.8,"prefix10",45,"CHECK:siblings_disagree",2484
"2-siblings-disagree","081068701409","NJOY","NJOY ONE JOY E-CG MN","NJOY ONE JOY E-CG MN",1,3.8,"prefix10",45,"CHECK:siblings_disagree",2327
"2-siblings-disagree","072944053375","LOGIC","LOGIC E-CG REGULAR MN","LOGIC E-CG REGULAR MN",1,1.2,"brand+carts",24,"CHECK:siblings_disagree",2245
"2-siblings-disagree","081505802306","LOGIC","LOGIC VAPELEAF ECV&C MN GREEN","LOGIC VAPELEAF ECV&C MN GREEN",1,1.2,"prefix8+carts",24,"CHECK:siblings_disagree",1984
"2-siblings-disagree","085570400407","NEO","NEO E-CGC","NEO E-CGC",1,7.5,"prefix10",20,"CHECK:siblings_disagree",1884
"2-siblings-disagree","084920500055","VUSE","VUSE DVCC AST 2'S/BT&ECCR&L&T","VUSE DVCC AST 2'S/BT&ECCR&L&T",2,3,"prefix11",48,"CHECK:siblings_disagree",1882
"2-siblings-disagree","081505802028","LOGIC","LOGIC E-CGC TOB","LOGIC E-CGC TOB",3,1.2,"prefix10",24,"CHECK:siblings_disagree",1862
"2-siblings-disagree","081068701413","NJOY","NJOY ONE JOY E-CG MN","NJOY ONE JOY E-CG MN",1,3.8,"prefix10",45,"CHECK:siblings_disagree",1837
"2-siblings-disagree","009710000102","MARKTEN","MARKTEN E-CGC","MARKTEN E-CGC",4,1.6,"prefix10",35,"CHECK:siblings_disagree",1822
"2-siblings-disagree","009710000101","MARKTEN","MARKTEN E-CG","MARKTEN E-CG",1,1.6,"prefix10",35,"CHECK:siblings_disagree",1784
"2-siblings-disagree","081505802307","LOGIC","LOGIC VAPELEAF ECV&C MN PURPLE","LOGIC VAPELEAF ECV&C MN PURPLE",1,1.2,"prefix8+carts",24,"CHECK:siblings_disagree",1572
"2-siblings-disagree","081505802029","LOGIC","LOGIC E-CGC MN","LOGIC E-CGC MN",3,1.2,"prefix10",24,"CHECK:siblings_disagree",1536
"2-siblings-disagree","085001754883",NA,NA,NA,1,1.6,"brand+carts",59.4,"CHECK:siblings_disagree",1366
"2-siblings-disagree","085002678419",NA,NA,NA,1,1.6,"brand+carts",59.4,"CHECK:siblings_disagree",1217
"2-siblings-disagree","081505802031","LOGIC","LOGIC E-CGC MN","LOGIC E-CGC MN",3,1.2,"prefix10",24,"CHECK:siblings_disagree",1145
"2-siblings-disagree","009710000103","MARKTEN","MARKTEN E-CG MN","MARKTEN E-CG MN",1,1.6,"prefix10",35,"CHECK:siblings_disagree",988
"2-siblings-disagree","009710000104","MARKTEN","MARKTEN E-CGC MN","MARKTEN E-CGC MN",4,1.6,"prefix10",35,"CHECK:siblings_disagree",949
"2-siblings-disagree","085570400408","NEO","NEO E-CG MN","NEO E-CG MN",1,7.5,"prefix10",20,"CHECK:siblings_disagree",636
"2-siblings-disagree","085001754805",NA,NA,NA,1,1.6,"brand+carts",59.4,"CHECK:siblings_disagree",551
"2-siblings-disagree","081505802012","LOGIC","LOGIC E-CGC TOB","LOGIC E-CGC TOB",1,1.2,"prefix10",24,"CHECK:siblings_disagree",534
"2-siblings-disagree","081505802016","LOGIC","LOGIC E-CGC TOB","LOGIC E-CGC TOB",1,1.2,"prefix10",24,"CHECK:siblings_disagree",530
"2-siblings-disagree","087674200074",NA,NA,NA,1,1.6,"brand+carts",59.4,"CHECK:siblings_disagree",468
"2-siblings-disagree","081505802013","LOGIC","LOGIC E-CGC MN","LOGIC E-CGC MN",1,1.2,"prefix10",24,"CHECK:siblings_disagree",420
"2-siblings-disagree","081836802961",NA,NA,"STIG VGOD SMOKING ALTERNATIVE PRODUCT ELECTRONIC CIGARETTE LIQUID PO LUSH ICE WATERMELON BOX IN WRAP 3 COUNT",1,1.6,"brand+carts",59.4,"CHECK:siblings_disagree",416
"2-siblings-disagree","081649401225","NICOTEK","NICOTEK METRO E-CG VO","NICOTEK METRO E-CG VO",1,9.995843,"prefix8+carts",24,"CHECK:siblings_disagree",396
"2-siblings-disagree","081505802017","LOGIC","LOGIC E-CGC MN","LOGIC E-CGC MN",1,1.2,"prefix10",24,"CHECK:siblings_disagree",370
"2-siblings-disagree","081649401226","NICOTEK","NICOTEK METRO E-CG MN","NICOTEK METRO E-CG MN",1,9.995843,"prefix8+carts",24,"CHECK:siblings_disagree",370
"2-siblings-disagree","079361829246","DINNER LADY","DINNER LADY","DINNER LADY SMOKING ALTERNATIVE PRODUCT STRAWBERRY ICE 1 COUNT",1,1.5,"line+carts",25,"CHECK:siblings_disagree",325
"2-siblings-disagree","036586038289","21ST CENTURY SMOKE","21SCS E-CGC REGULAR","21SCS E-CGC REGULAR",3,5.4,"prefix10",16,"CHECK:siblings_disagree",318
"2-siblings-disagree","036586038204","21ST CENTURY SMOKE","21SCS E-CGAC MN","21SCS E-CGAC MN",3,5.4,"prefix10",16,"CHECK:siblings_disagree",299
"2-siblings-disagree","036586038207","21ST CENTURY SMOKE","21SCS E-CGAC REGULAR","21SCS E-CGAC REGULAR",3,5.4,"prefix10",16,"CHECK:siblings_disagree",287
"2-siblings-disagree","085438400456","LOGIC","LOGIC E-CG AST 2'S","LOGIC E-CG AST 2'S",2,7.25,"prefix10",18,"CHECK:siblings_disagree",195
"2-siblings-disagree","081068701813","NJOY","NJOY E-CG LIQUID PEACH TEA","NJOY E-CG LIQUID PEACH TEA",1,5.527495,"prefix11",11.8,"CHECK:siblings_disagree",191
"2-siblings-disagree","081068701801","NJOY","NJOY E-CG LIQUID BTR-CRNCH","NJOY E-CG LIQUID BTR-CRNCH",1,5.527495,"prefix10",11.8,"CHECK:siblings_disagree",176
"2-siblings-disagree","081068701805","NJOY","NJOY E-CG LIQUID S-MS","NJOY E-CG LIQUID S-MS",1,5.527495,"prefix10",11.8,"CHECK:siblings_disagree",148
"2-siblings-disagree","081068701803","NJOY","NJOY E-CG LIQUID S-MS","NJOY E-CG LIQUID S-MS",1,5.527495,"prefix10",11.8,"CHECK:siblings_disagree",147
"2-siblings-disagree","088796900580","BLU",NA,NA,NA,3,"prefix10",24,"CHECK:siblings_disagree",114
"2-siblings-disagree","085962600290","FINITI","FIN E-CG","FIN E-CG",1,1.75,"prefix10",16,"CHECK:siblings_disagree",68
"2-siblings-disagree","085266256484","HYDE","HYPPE BAR","HYPPE BAR SMOKING ALTERNATIVE PRODUCT ELECTRONIC CIGARETTE LIQUID PO GRAPE SODA BOX 1 COUNT",1,3.2,"prefix10",50,"CHECK:siblings_disagree",60
"2-siblings-disagree","036586038509","FLAVORED MIST","F-M E-CG GRAPE","F-M E-CG GRAPE",1,14.9937645,"prefix8+carts",16,"CHECK:siblings_disagree",49
"2-siblings-disagree","036586038512","FLAVORED MIST","F-M E-CG MANGO","F-M E-CG MANGO",1,14.9937645,"prefix8+carts",16,"CHECK:siblings_disagree",47
"2-siblings-disagree","036586038336","VAPIN PLUS","VAPIN PLUS LVP","VAPIN PLUS LVP",1,14.9937645,"prefix8+carts",16,"CHECK:siblings_disagree",41
"2-siblings-disagree","036586038506","FLAVORED MIST","F-M E-CG CHERRY","F-M E-CG CHERRY",1,14.9937645,"prefix8+carts",16,"CHECK:siblings_disagree",39
"2-siblings-disagree","003095507662","LOGIC","LOGIC E-CG TOB","LOGIC E-CG TOB",1,1.2,"brand+carts",24,"CHECK:siblings_disagree",34
"2-siblings-disagree","036586038500","FLAVORED MIST","F-M E-CG APPLE","F-M E-CG APPLE",1,14.9937645,"prefix8+carts",16,"CHECK:siblings_disagree",32
"2-siblings-disagree","036586038503","FLAVORED MIST","F-M E-CG BLUEBERRY","F-M E-CG BLUEBERRY",1,14.9937645,"prefix8+carts",16,"CHECK:siblings_disagree",30
"2-siblings-disagree","036586038515","FLAVORED MIST","F-M E-CG STRAWBERRY","F-M E-CG STRAWBERRY",1,14.9937645,"prefix8+carts",16,"CHECK:siblings_disagree",27
"2-siblings-disagree","085438400410","LOGIC","LGL E-CG","LGL E-CG",1,7.25,"prefix10",18,"CHECK:siblings_disagree",17
"2-siblings-disagree","003095507669","LOGIC","LG-PLT E-CG MN","LG-PLT E-CG MN",1,1.2,"brand+carts",24,"CHECK:siblings_disagree",11
"2-siblings-disagree","072944053385","LOGIC","LGL E-CG TOB MEDIUM","LGL E-CG TOB MEDIUM",1,1.2,"brand+carts",24,"CHECK:siblings_disagree",10
"2-siblings-disagree","081505802304","LOGIC","LOGIC VAPELEAF","LOGIC VAPELEAF SMOKING ALTERNATIVE PRODUCT ELECTRONIC CIGARETTE VAPOR AND REGULAR VAPOR SYSTEM 1 COUNT",1,1.2,"prefix8+carts",24,"CHECK:siblings_disagree",10
"2-siblings-disagree","081649401362","NICOTEK","NICOTEK METRO E-CG MN KING","NICOTEK METRO E-CG MN KING",1,9.995843,"prefix8+carts",24,"CHECK:siblings_disagree",10
"2-siblings-disagree","697213645963","AIRIS","AIRIS NEO","AIRIS NEO SMOKING ALTERNATIVE PRODUCT ELECTRONIC CIGARETTE LIQUID PO KIWI STRAWBERRY BOX 1 COUNT",1,16,"prefix8+carts",25,"CHECK:siblings_disagree",10
"2-siblings-disagree","081649401135","NICOTEK","NICOTEK METRO CHICK STICK","NICOTEK METRO CHICK STICK SMOKING ALTERNATIVE PRODUCT BOX IN WRAP 1 COUNT",1,9.995843,"prefix8+carts",24,"CHECK:siblings_disagree",3
"2-siblings-disagree","081649401360","NICOTEK","NICOTEK METRO E-CG KING","NICOTEK METRO E-CG KING",1,9.995843,"prefix8+carts",24,"CHECK:siblings_disagree",2
"2-siblings-disagree","081649401579","FAZE","FAZE BASIC EPV","FAZE BASIC EPV",1,9.995843,"prefix8+carts",24,"CHECK:siblings_disagree",2
"2-siblings-disagree","060946510709","GREEN SMART LIVING","GS-L E-CGC MN RFL","GS-L E-CGC MN RFL",5,3.5,"prefix11",18,"CHECK:siblings_disagree",1
"2-siblings-disagree","060946510719","GREEN SMART LIVING","GS-L E-CGC REGULAR RFL","GS-L E-CGC REGULAR RFL",5,3.5,"prefix10",18,"CHECK:siblings_disagree",1
"3-weak-match","088886130603","LEAP",NA,"LEAP GO SMOKING ALTERNATIVE PRODUCT ELECTRONIC CIGARETTE MINT BOX 1 COUNT",1,1.5,"prefix8_percart",96,"weak:coarse_match",78149
"3-weak-match","085000134231","EPIC","ELCT CGRTT LIQUID POD","ELCT CGRTT LIQUID POD",1,1.5,"line_percart",60,"weak:coarse_match",73158
"3-weak-match","085000134246","EPIC","ELCT CGRTT LIQUID POD","ELCT CGRTT LIQUID POD",1,1.5,"line_percart",60,"weak:coarse_match",70327
"3-weak-match","081821401474","GREEN SMOKE","GREEN SMOKE E-CGC M-I","GREEN SMOKE E-CGC M-I",5,5,"prefix8_percart",14.4,"weak:coarse_match",50770
"3-weak-match","081764101801","KRAVE","KRAVE 1001 E-CG RFL","KRAVE 1001 E-CG RFL",3,6,"prefix8_percart",6,"weak:coarse_match",33080
"3-weak-match","081764101804","KRAVE","KRAVE 1001 E-CG MN RFL","KRAVE 1001 E-CG MN RFL",3,6,"prefix8_percart",6,"weak:coarse_match",25047
"3-weak-match","819905028503","NJOY","ELCT CGRTT LIQUID POD","ELCT CGRTT LIQUID POD",1,1.5,"line_percart",60,"weak:coarse_match",15271
"3-weak-match","081679601414","V2 CIGS","V2 CIGS E-CG RT","V2 CIGS E-CG RT",1,1,"brand+carts",18,"weak:coarse_match",8195
"3-weak-match","084866646235","FINITI","FIN ECGVT VANILLA","FIN ECGVT VANILLA",2,4.8,"brand+carts",24,"weak:coarse_match",8194
"3-weak-match","081679601272","V2 CIGS","V2 CIGS E-CG MN OF","V2 CIGS E-CG MN OF",1,1,"brand+carts",18,"weak:coarse_match",7332
"3-weak-match","085143800763","EPIC","ELCT CGRTT LIQUID POD","ELCT CGRTT LIQUID POD",1,1.5,"line_percart",60,"weak:coarse_match",4967
"3-weak-match","081821401471","GREEN SMOKE","GREEN SMOKE EVPC CT","GREEN SMOKE EVPC CT",1,1,"prefix8_percart",72,"weak:coarse_match",4870
"3-weak-match","081821401472","GREEN SMOKE","GREEN SMOKE EVPC M-I","GREEN SMOKE EVPC M-I",1,1,"prefix8_percart",72,"weak:coarse_match",3985
"3-weak-match","081764101553","KRAVE","KRAVE E-CG","KRAVE E-CG",2,4,"prefix8_percart",9,"weak:coarse_match",3963
"3-weak-match","085143800796","EPIC","ELCT CGRTT LIQUID POD","ELCT CGRTT LIQUID POD",1,1.5,"line_percart",60,"weak:coarse_match",3823
"3-weak-match","081764101556","KRAVE","KRAVE E-CG MN KING","KRAVE E-CG MN KING",2,4,"prefix8_percart",9,"weak:coarse_match",2826
"3-weak-match","065875194366","JUUL","ELCT CGRTT CARTRIDGE","ELCT CGRTT CARTRIDGE",1,0.7,"line_percart",128.6,"weak:coarse_match",2187
"3-weak-match","065875194381","JUUL","ELCT CGRTT CARTRIDGE","ELCT CGRTT CARTRIDGE",1,0.7,"line_percart",128.6,"weak:coarse_match",2026
"3-weak-match","065875194371","BO VAPING","ELCT CGRTT CARTRIDGE","ELCT CGRTT CARTRIDGE",1,0.7,"line_percart",128.6,"weak:coarse_match",1181
"3-weak-match","081821401003","GREEN SMOKE","GREEN SMOKE E-CG A-T","GREEN SMOKE E-CG A-T",2,2,"prefix8_percart",36,"weak:coarse_match",1059
"3-weak-match","065875194356","BO VAPING","ELCT CGRTT CARTRIDGE","ELCT CGRTT CARTRIDGE",1,0.7,"line_percart",128.6,"weak:coarse_match",909
"3-weak-match","065875194361","JUUL","ELCT CGRTT CARTRIDGE","ELCT CGRTT CARTRIDGE",1,0.7,"line_percart",128.6,"weak:coarse_match",810
"3-weak-match","081821401001","GREEN SMOKE","GS-VP E-CG A-T","GS-VP E-CG A-T",1,1,"prefix8_percart",72,"weak:coarse_match",666
"3-weak-match","081821401004","GREEN SMOKE","GREEN SMOKE E-CG M-I","GREEN SMOKE E-CG M-I",2,2,"prefix8_percart",36,"weak:coarse_match",596
"3-weak-match","081821401002","GREEN SMOKE","GS-VP E-CG M-I","GS-VP E-CG M-I",1,1,"prefix8_percart",72,"weak:coarse_match",574
"3-weak-match","081836802813","STIG","ELCT CGRTT LIQUID POD","ELCT CGRTT LIQUID POD",1,1.5,"line_percart",60,"weak:coarse_match",419
"3-weak-match","084043916407","ZIG-ZAG","ZIG-ZAG EVC CLMR","ZIG-ZAG EVC CLMR",2,2.8,"prefix8_percart",58,"weak:coarse_match",316
"3-weak-match","088886130601","LEAP","LEAP GO","LEAP GO SMOKING ALTERNATIVE PRODUCT ELECTRONIC CIGARETTE CITRUS MENTHOL BOX 1 COUNT",1,1.5,"prefix8_percart",96,"weak:coarse_match",306
"3-weak-match","079357320162","IMPERIAL","IMPRL HK E-CG JUNGLE JUICE","IMPRL HK E-CG JUNGLE JUICE",1,19.991686,"brand+carts",18,"weak:coarse_match",126
"3-weak-match","088886130604","LEAP","LEAP GO","LEAP GO SMOKING ALTERNATIVE PRODUCT ELECTRONIC CIGARETTE MIXED BERRY BOX 1 COUNT",1,1.5,"prefix8_percart",96,"weak:coarse_match",124
"3-weak-match","085267507268","NJOY","ELCT CGRTT LIQUID POD","ELCT CGRTT LIQUID POD",1,1.5,"line_percart",60,"weak:coarse_match",96
"3-weak-match","079357311754","IMPERIAL","IMPRL HK E-CG VANILLA","IMPRL HK E-CG VANILLA",1,19.991686,"brand+carts",18,"weak:coarse_match",85
"3-weak-match","079357311751","IMPERIAL","IMPRL HK E-CG MINTY GRAPE","IMPRL HK E-CG MINTY GRAPE",1,19.991686,"brand+carts",18,"weak:coarse_match",73
"3-weak-match","085267507270","NJOY","ELCT CGRTT LIQUID POD","ELCT CGRTT LIQUID POD",1,1.5,"line_percart",60,"weak:coarse_match",28
"3-weak-match","081342001847","VAPOR X","VAPOR X E-CG LIQUID TOB","VAPOR X E-CG LIQUID TOB",1,2,"brand+carts",18,"weak:coarse_match",15
"3-weak-match","079357311752","IMPERIAL","IMPRL HK E-CG MOCHA LATTE","IMPRL HK E-CG MOCHA LATTE",1,19.991686,"brand+carts",18,"weak:coarse_match",12
"3-weak-match","081342001857","VAPOR X","VAPOR X E-CG LIQUID MN","VAPOR X E-CG LIQUID MN",1,2,"brand+carts",18,"weak:coarse_match",12
"3-weak-match","079357323335","IMPERIAL","IMPRL HK E-CG SUMMERTIME SWIRL","IMPRL HK E-CG SUMMERTIME SWIRL",1,19.991686,"brand+carts",18,"weak:coarse_match",8
"3-weak-match","079357311757","IMPERIAL","IMPRL HK E-CG IMPERIAL MIX","IMPRL HK E-CG IMPERIAL MIX",1,19.991686,"brand+carts",18,"weak:coarse_match",6
"3-weak-match","083921900082","CIG2O","CIG2O EVCC MN","CIG2O EVCC MN",5,5,"prefix8_percart",8.4,"weak:coarse_match",5
"3-weak-match","081821401337","GREEN SMOKE","GREEN SMOKE ELC-VP MN ICE","GREEN SMOKE ELC-VP MN ICE",1,1,"prefix8_percart",72,"weak:coarse_match",1
"3-weak-match","083921900083","CIG2O","CIG2O EVCC MN","CIG2O EVCC MN",5,5,"prefix8_percart",8.4,"weak:coarse_match",1
"4-single-sibling","081536802035","NJOY","ELCT CGRTT","ELCT CGRTT",1,1,"prefix11",45,"note:single_sibling",640262
"4-single-sibling","036586038660","21ST CENTURY SMOKE",NA,NA,NA,1.6,"prefix10",16,"note:single_sibling",220681
"4-single-sibling","081536802030","NJOY","NJOY E-CG TANK APPLE CRISP","NJOY E-CG TANK APPLE CRISP",1,1,"prefix11",45,"note:single_sibling",193673
"4-single-sibling","084920502165","VUSE",NA,NA,NA,1.8,"prefix11",24,"note:single_sibling",182522
"4-single-sibling","081536802039","NJOY","NJOY E-CG TANK APPLE MELON","NJOY E-CG TANK APPLE MELON",1,1,"prefix11",45,"note:single_sibling",179326
"4-single-sibling","084920501712","VUSE",NA,NA,NA,1.9,"prefix11",30,"note:single_sibling",172285
"4-single-sibling","081536802027","NJOY","NJOY E-CG TANK ICED FRUIT","NJOY E-CG TANK ICED FRUIT",1,1,"prefix11",45,"note:single_sibling",166973
"4-single-sibling","036586038657","21ST CENTURY SMOKE","ELCT CGRTT A&C","ELCT CGRTT A&C",1,1.6,"prefix10",16,"note:single_sibling",159034
"4-single-sibling","081764101760","KRAVE","KRAVE 500 E-CG MN","KRAVE 500 E-CG MN",1,2,"prefix10",18,"note:single_sibling",156615
"4-single-sibling","081764101759","KRAVE","KRAVE 500 E-CG TOB RFL","KRAVE 500 E-CG TOB RFL",1,2,"prefix10",18,"note:single_sibling",149034
"4-single-sibling","085962600262","FINITI",NA,NA,NA,3,"prefix11",13.3,"note:single_sibling",135214
"4-single-sibling","088886130206","NJOY","ELCT CGRTT LIQUID POD","ELCT CGRTT LIQUID POD",1,3,"prefix11",48,"note:single_sibling",115147
"4-single-sibling","084920501811","VUSE",NA,NA,NA,1.8,"prefix10",50,"note:single_sibling",53828
"4-single-sibling","081821401475","GREEN SMOKE","GREEN SMOKE EVPC CLASSIC","GREEN SMOKE EVPC CLASSIC",3,3,"prefix8+carts",24,"note:single_sibling",52507
"4-single-sibling","084920501808","VUSE",NA,NA,NA,1.8,"prefix11",50,"note:single_sibling",52101
"4-single-sibling","036586037172","VAPIN PLUS","VPLS E-CG LIQUID STBRY","VPLS E-CG LIQUID STBRY",1,14.9937645,"prefix11",16,"note:single_sibling",46385
"4-single-sibling","088886130200","NJOY","ELCT CGRTT LIQUID POD","ELCT CGRTT LIQUID POD",1,3,"prefix11",48,"note:single_sibling",41788
"4-single-sibling","084920501859","VUSE",NA,NA,NA,1.8,"prefix10",50,"note:single_sibling",41129
"4-single-sibling","084920501814","VUSE",NA,NA,NA,1.8,"prefix10",50,"note:single_sibling",39717
"4-single-sibling","036586037200","VAPIN PLUS","VAPIN PLUS ECTA","VAPIN PLUS ECTA",1,2.306733,"prefix11",16,"note:single_sibling",36821
"4-single-sibling","036586037250","21ST CENTURY SMOKE",NA,NA,NA,2.306733,"prefix10",16,"note:single_sibling",32692
"4-single-sibling","081764101577","KRAVE","KRAVE E-CG TOB KING","KRAVE E-CG TOB KING",1,2,"prefix8+carts",18,"note:single_sibling",29345
"4-single-sibling","081764101580","KRAVE","KRAVE E-CG MN KING","KRAVE E-CG MN KING",1,2,"prefix8+carts",18,"note:single_sibling",27833
"4-single-sibling","081713502323","CUE","ELCT CGRTT LIQUID CARTRIDGE","ELCT CGRTT LIQUID CARTRIDGE",1,4.9979215,"prefix10",6,"note:single_sibling",22524
"4-single-sibling","081991301500","JUUL","ELCT CGRTT CARTRIDGE","ELCT CGRTT CARTRIDGE",2,1.4,"prefix11",50,"note:single_sibling",20184
"4-single-sibling","036586037169","VAPIN PLUS","VPLS E-CG LIQUID RICH TOB","VPLS E-CG LIQUID RICH TOB",1,14.9937645,"prefix11",16,"note:single_sibling",19104
"4-single-sibling","081002599277","IGNITE","IGNITE","IGNITE SMOKING ALTERNATIVE PRODUCT ELECTRONIC CIGARETTE LIQUID PO BANANA ICE BOX 1 COUNT",1,1.2,"prefix11",25,"note:single_sibling",17064
"4-single-sibling","088886130204","NJOY","ELCT CGRTT LIQUID POD","ELCT CGRTT LIQUID POD",1,3,"prefix11",48,"note:single_sibling",16113
"4-single-sibling","081821401008","GREEN SMOKE","GREEN SMOKE E-CGCM M-I RFL","GREEN SMOKE E-CGCM M-I RFL",3,3,"line+carts",24,"note:single_sibling",15831
"4-single-sibling","081068701791","NJOY","NJOY E-CG LIQUID VNLA-BN","NJOY E-CG LIQUID VNLA-BN",1,10,"prefix11",10,"note:single_sibling",14940
"4-single-sibling","088886130201","NJOY","ELCT CGRTT LIQUID POD","ELCT CGRTT LIQUID POD",1,3,"prefix11",48,"note:single_sibling",14491
"4-single-sibling","088886130209","NJOY","ELCT CGRTT LIQUID POD","ELCT CGRTT LIQUID POD",1,3,"prefix11",48,"note:single_sibling",14147
"4-single-sibling","036586037563","VAPIN PLUS","VPLS E-CG LIQUID C-M","VPLS E-CG LIQUID C-M",1,14.9937645,"prefix11",24,"note:single_sibling",13539
"4-single-sibling","085001975212","PUUR VAPOR","PUUR VAPOR","PUUR VAPOR SMOKING ALTERNATIVE PRODUCT ELECTRONIC CIGARETTE LIQUID PO APPLE 750 PUFFS BOX 1 COUNT",1,10,"prefix11",16.2,"note:single_sibling",13463
"4-single-sibling","081002599278","IGNITE","IGNITE","IGNITE SMOKING ALTERNATIVE PRODUCT ELECTRONIC CIGARETTE LIQUID PO SOUR APPLE ICE BOX 1 COUNT",1,1.2,"prefix11",25,"note:single_sibling",13438
"4-single-sibling","081713502370","ELCT","ELCT CGRTT LIQUID CARTRIDGE","ELCT CGRTT LIQUID CARTRIDGE",1,4.9979215,"prefix11",6,"note:single_sibling",13395
"4-single-sibling","036586037175","VAPIN PLUS","VPLS E-CG LIQUID VANILLA","VPLS E-CG LIQUID VANILLA",1,14.9937645,"prefix11",16,"note:single_sibling",12778
"4-single-sibling","081068701795","NJOY","NJOY E-CG LIQUID DBL-ESPRSO","NJOY E-CG LIQUID DBL-ESPRSO",1,10,"prefix11",10,"note:single_sibling",12688
"4-single-sibling","081821401174","GREEN SMOKE","GREEN SMOKE E-CGCM RL-TB RFL","GREEN SMOKE E-CGCM RL-TB RFL",3,3,"prefix10",24,"note:single_sibling",12281
"4-single-sibling","085001975211","PUUR VAPOR","PUUR VAPOR","PUUR VAPOR SMOKING ALTERNATIVE PRODUCT ELECTRONIC CIGARETTE LIQUID PO APPLE 750 PUFFS BOX 1 COUNT",1,10,"prefix11",16.2,"note:single_sibling",11578
"4-single-sibling","088886130202","NJOY","ELCT CGRTT LIQUID POD","ELCT CGRTT LIQUID POD",1,3,"prefix11",48,"note:single_sibling",11450
"4-single-sibling","085001975210","PUUR VAPOR","PUUR VAPOR","PUUR VAPOR SMOKING ALTERNATIVE PRODUCT ELECTRONIC CIGARETTE LIQUID PO APPLE 750 PUFFS BOX 1 COUNT",1,10,"prefix11",16.2,"note:single_sibling",10927
"4-single-sibling","081713502330","CUE",NA,"CUE SMOKING ALTERNATIVE PRODUCT ELECTRONIC CIGARETTE LIQUID CR MENTHOL VAPOR SYSTEM BOX 1 COUNT",1,4.9979215,"prefix10",6,"note:single_sibling",10756
"4-single-sibling","036586037205","VAPIN PLUS","VPLS E-CGA A-T OLS","VPLS E-CGA A-T OLS",1,2.306733,"prefix11",16,"note:single_sibling",10647
"4-single-sibling","081821401327","GREEN SMOKE","GREEN SMOKE EVPC A-T","GREEN SMOKE EVPC A-T",3,3,"prefix8+carts",24,"note:single_sibling",9462
"4-single-sibling","081821401007","GREEN SMOKE","GREEN SMOKE E-CGCM A-T RFL","GREEN SMOKE E-CGCM A-T RFL",3,3,"prefix8+carts",24,"note:single_sibling",8985
"4-single-sibling","081821401328","GREEN SMOKE","GREEN SMOKE EVPC M-I","GREEN SMOKE EVPC M-I",3,3,"prefix8+carts",24,"note:single_sibling",8522
"4-single-sibling","081821401334","GREEN SMOKE","GREEN SMOKE EVPC CLASSIC","GREEN SMOKE EVPC CLASSIC",3,3,"prefix8+carts",24,"note:single_sibling",8521
"4-single-sibling","081713502319",NA,NA,NA,NA,4.9979215,"prefix10",6,"note:single_sibling",8092
"4-single-sibling","036586037163","VAPIN PLUS","VPLS E-CG LIQUID CHERRY","VPLS E-CG LIQUID CHERRY",1,14.9937645,"prefix11",16,"note:single_sibling",7999
"4-single-sibling","081821401391","GREEN SMOKE","GREEN SMOKE EVPC M-I","GREEN SMOKE EVPC M-I",3,3,"prefix8+carts",24,"note:single_sibling",7923
"4-single-sibling","081713502312",NA,NA,NA,NA,4.9979215,"prefix10",6,"note:single_sibling",7097
"4-single-sibling","081649401019","NICOTEK",NA,NA,NA,1,"prefix11",18,"note:single_sibling",7056
"4-single-sibling","085001975213","PUUR VAPOR","PUUR VAPOR","PUUR VAPOR SMOKING ALTERNATIVE PRODUCT ELECTRONIC CIGARETTE LIQUID PO LIGHTNING BULL 750 PUFFS BOX 1 COUNT",1,10,"prefix11",16.2,"note:single_sibling",6649
"4-single-sibling","081821401133","GREEN SMOKE","GREEN SMOKE E-CGCM A-T RFL","GREEN SMOKE E-CGCM A-T RFL",3,3,"prefix11",24,"note:single_sibling",4575
"4-single-sibling","078779031521","SWITCH MODS","SWITCH MODS","SWITCH MODS SMOKING ALTERNATIVE PRODUCT STICK PINK LEMONADE BOX 1 COUNT",1,1.3,"prefix10",115.4,"note:single_sibling",4551
"4-single-sibling","081713502451","CUE","ELCT CGRTT LIQUID CARTRIDGE","ELCT CGRTT LIQUID CARTRIDGE",1,4.9979215,"prefix8+carts",6,"note:single_sibling",3984
"4-single-sibling","081068701329","NJOY","NJOY E-CG MN NO","NJOY E-CG MN NO",1,10,"prefix10",45,"note:single_sibling",3909
"4-single-sibling","081764101112","KRAVE","KRAVE 1001 E-CG","KRAVE 1001 E-CG",1,2,"prefix8+carts",18,"note:single_sibling",2929
"4-single-sibling","078779031531","SWITCH MODS","SWITCH MODS","SWITCH MODS SMOKING ALTERNATIVE PRODUCT STICK PINK LEMONADE BOX 1 COUNT",1,1.3,"prefix10",115.4,"note:single_sibling",2890
"4-single-sibling","000078620186","POSH","POSH","POSH SMOKING ALTERNATIVE PRODUCT MIGHTY MINT PLUS 1 COUNT",1,5,"line+carts",25,"note:single_sibling",2729
"4-single-sibling","085001975286","SAVAGE","SAVAGE","SAVAGE SMOKING ALTERNATIVE PRODUCT ELECTRONIC CIGARETTE LIQUID PO STRAWBERRY GRAPE MESH COIL BOX 1 COUNT",1,10,"prefix11",16.2,"note:single_sibling",2692
"4-single-sibling","081821401009","GREEN SMOKE","GREEN SMOKE E-CGCM RL-TB RFL","GREEN SMOKE E-CGCM RL-TB RFL",3,3,"prefix8+carts",24,"note:single_sibling",2603
"4-single-sibling","036586037581","VAPIN PLUS","VPLS E-CG LIQUID RICH TOB","VPLS E-CG LIQUID RICH TOB",1,14.9937645,"prefix11",24,"note:single_sibling",2440
"4-single-sibling","085001975288","PUUR VAPOR","PUUR VAPOR","PUUR VAPOR SMOKING ALTERNATIVE PRODUCT ELECTRONIC CIGARETTE LIQUID PO FRUIT SHAKE 750 PUFFS BOX 1 COUNT",1,10,"prefix11",16.2,"note:single_sibling",2437
"4-single-sibling","002590017517","E SWISHER","E SWISHER E-CG","E SWISHER E-CG",1,1,"prefix11",18,"note:single_sibling",2076
"4-single-sibling","081649401440","NICOTEK","NBL-NCL E-CG LIQUID TOB","NBL-NCL E-CG LIQUID TOB",1,9.995843,"prefix11",16,"note:single_sibling",1459
"4-single-sibling","078779031501","SWITCH MODS","SWITCH MODS","SWITCH MODS SMOKING ALTERNATIVE PRODUCT ELECTRONIC CIGARETTE LIQUID PO MINT BOX 1 COUNT",1,1.3,"prefix10",115.4,"note:single_sibling",1427
"4-single-sibling","036586038130","21ST CENTURY SMOKE","21SCS E-CG MN","21SCS E-CG MN",1,0.9,"prefix11",16,"note:single_sibling",1074
"4-single-sibling","081649401441","NICOTEK","NL-NBL E-CG LIQUID MN","NL-NBL E-CG LIQUID MN",1,9.995843,"prefix11",16,"note:single_sibling",1013
"4-single-sibling","081649401442","NICOTEK","NL-NBL E-CG LIQUID CHERRY","NL-NBL E-CG LIQUID CHERRY",1,9.995843,"prefix11",16,"note:single_sibling",935
"4-single-sibling","081649401444","NICOTEK","NBL-NCL E-CG LIQUID GRAPE","NBL-NCL E-CG LIQUID GRAPE",1,9.995843,"prefix11",16,"note:single_sibling",892
"4-single-sibling","084043916103","ZIG-ZAG","ZIG-ZAG E-CG LIQUID MN","ZIG-ZAG E-CG LIQUID MN",1,1.4,"prefix10",116.1,"note:single_sibling",851
"4-single-sibling","081102002186","IMPERIAL","IMPRL HK E-CG LIQUID P-MNG","IMPRL HK E-CG LIQUID P-MNG",1,19.991686,"prefix10",18,"note:single_sibling",813
"4-single-sibling","081102002184","IMPERIAL","IMPRL HK E-CG LIQUID PINEAPPLE","IMPRL HK E-CG LIQUID PINEAPPLE",1,19.991686,"prefix10",18,"note:single_sibling",761
"4-single-sibling","081102002217","IMPERIAL","IMPRL HK E-CG LIQUID 3D APPLE","IMPRL HK E-CG LIQUID 3D APPLE",1,19.991686,"prefix8+carts",18,"note:single_sibling",750
"4-single-sibling","081102002195","IMPERIAL","IMPRL HK E-CG LIQUID J-JC","IMPRL HK E-CG LIQUID J-JC",1,19.991686,"prefix10",18,"note:single_sibling",726
"4-single-sibling","081102002170","IMPERIAL","IMP-SMOKE E-CG LIQUID MN","IMP-SMOKE E-CG LIQUID MN",1,19.991686,"prefix10",18,"note:single_sibling",699
"4-single-sibling","081649401448","NICOTEK","NL-NBL E-CG LIQUID KIWI","NL-NBL E-CG LIQUID KIWI",1,9.995843,"prefix11",16,"note:single_sibling",627
"4-single-sibling","081102002166","IMPERIAL","IMP-SMOKE E-CG LIQUID MN","IMP-SMOKE E-CG LIQUID MN",1,19.991686,"prefix11",18,"note:single_sibling",626
"4-single-sibling","081102002165","IMPERIAL","IMP-SMOKE E-CG LIQUID TOB LEAF","IMP-SMOKE E-CG LIQUID TOB LEAF",1,19.991686,"prefix11",18,"note:single_sibling",625
"4-single-sibling","081102002210","IMPERIAL","IMPRL HK E-CG LIQUID B-B","IMPRL HK E-CG LIQUID B-B",1,19.991686,"prefix8+carts",18,"note:single_sibling",613
"4-single-sibling","081102002171","IMPERIAL","IMP-SMOKE E-CG LIQUID TOB LEAF","IMP-SMOKE E-CG LIQUID TOB LEAF",1,19.991686,"prefix10",18,"note:single_sibling",601
"4-single-sibling","081102002176","IMPERIAL","IMPRL HK E-CG LIQUID S-FL","IMPRL HK E-CG LIQUID S-FL",1,19.991686,"prefix10",18,"note:single_sibling",575
"4-single-sibling","084043916100","ZIG-ZAG","ZIG-ZAG E-CG LIQUID TRDNL","ZIG-ZAG E-CG LIQUID TRDNL",1,1.4,"prefix10",116.1,"note:single_sibling",574
"4-single-sibling","081649401445","FAZE","FAZE E-CG LIQUID APPLE","FAZE E-CG LIQUID APPLE",1,9.995843,"prefix11",16,"note:single_sibling",573
"4-single-sibling","081649401447","NICOTEK","NL-NBL E-CG LIQUID VANILLA","NL-NBL E-CG LIQUID VANILLA",1,9.995843,"prefix11",16,"note:single_sibling",545
"4-single-sibling","692660811307","PALAX","PALAX","PALAX SMOKING ALTERNATIVE PRODUCT ELECTRONIC CIGARETTE LIQUID PO LUSH PEACH DEW MESH COIL BOX 1 COUNT",1,18,"prefix11",8.3,"note:single_sibling",454
"4-single-sibling","081713502364",NA,NA,NA,NA,4.9979215,"prefix10",6,"note:single_sibling",426
"4-single-sibling","084043916151","ZIG-ZAG","ZIG-ZAG E-CG LIQUID MANGO","ZIG-ZAG E-CG LIQUID MANGO",1,1.4,"prefix10",116.1,"note:single_sibling",380
"4-single-sibling","085410000352","QUIK E-CIG","QUIK E-CIG E-CG TOB","QUIK E-CIG E-CG TOB",1,5,"prefix10",16,"note:single_sibling",379
"4-single-sibling","697184747280","JUICY BAR","JUICY BAR","JUICY BAR SMOKING ALTERNATIVE PRODUCT ELECTRONIC CIGARETTE LIQUID PO PINEAPPLE COCONUT ICE MESH COIL BOX 1 COUNT",1,13,"prefix11",11.5,"note:single_sibling",373
"4-single-sibling","084043916124","ZIG-ZAG","ZIG-ZAG E-CG LIQUID DRBRY","ZIG-ZAG E-CG LIQUID DRBRY",1,1.4,"prefix10",116.1,"note:single_sibling",356
"4-single-sibling","692660811311","PALAX","PALAX","PALAX SMOKING ALTERNATIVE PRODUCT ELECTRONIC CIGARETTE LIQUID PO MANGO CHILL BOX 1 COUNT",1,18,"prefix11",8.3,"note:single_sibling",346
"4-single-sibling","081102002182","IMPERIAL","IMPRL HK E-CG LIQUID P-CLD","IMPRL HK E-CG LIQUID P-CLD",1,19.991686,"prefix10",18,"note:single_sibling",293
"4-single-sibling","692660811309","PALAX","PALAX","PALAX SMOKING ALTERNATIVE PRODUCT ELECTRONIC CIGARETTE LIQUID PO MANGO ALOE ICE BOX 1 COUNT",1,18,"prefix11",8.3,"note:single_sibling",270
"4-single-sibling","081102002156","IMPERIAL",NA,NA,NA,19.991686,"prefix10",18,"note:single_sibling",260
"4-single-sibling","081102002147","IMPERIAL","IMPRL HK E-CG LIQUID PINEAPPLE","IMPRL HK E-CG LIQUID PINEAPPLE",1,19.991686,"prefix10",18,"note:single_sibling",253
"4-single-sibling","081102002164","IMPERIAL","IMPRL HK E-CG LIQUID WM MINT","IMPRL HK E-CG LIQUID WM MINT",1,19.991686,"prefix11",18,"note:single_sibling",228
"4-single-sibling","084043916121","ZIG-ZAG","ZIG-ZAG E-CG LIQUID ISLND BRZ","ZIG-ZAG E-CG LIQUID ISLND BRZ",1,1.4,"prefix10",116.1,"note:single_sibling",224
"4-single-sibling","081102002201","IMPERIAL","IMPRL HK E-CG LIQUID H-RNB","IMPRL HK E-CG LIQUID H-RNB",1,19.991686,"prefix8+carts",18,"note:single_sibling",210
"4-single-sibling","085410000353","QUIK E-CIG","QUIK E-CIG E-CG MN","QUIK E-CIG E-CG MN",1,5,"prefix10",16,"note:single_sibling",204
"4-single-sibling","081102002207","IMPERIAL","IMPRL HK E-CG LIQUID CALI LIFE","IMPRL HK E-CG LIQUID CALI LIFE",1,19.991686,"prefix8+carts",18,"note:single_sibling",188
"4-single-sibling","081764101369","VAPOR X","VAPOR X E-CG LIQUID VD","VAPOR X E-CG LIQUID VD",1,2,"prefix8+carts",18,"note:single_sibling",175
"4-single-sibling","692660811303","PALAX","PALAX","PALAX SMOKING ALTERNATIVE PRODUCT ELECTRONIC CIGARETTE LIQUID PO DRAGON BEAR BOX 1 COUNT",1,18,"prefix11",8.3,"note:single_sibling",172
"4-single-sibling","081102002177","IMPERIAL","IMPRL HK E-CG LIQUID ST-BN","IMPRL HK E-CG LIQUID ST-BN",1,19.991686,"prefix10",18,"note:single_sibling",170
"4-single-sibling","081764101349","VAPOR X","VAPOR X E-CG LIQUID CH-BLS","VAPOR X E-CG LIQUID CH-BLS",1,2,"prefix8+carts",18,"note:single_sibling",160
"4-single-sibling","003512732010","JUST JUICE","JUST JUICE E-CG LIQUID MN","JUST JUICE E-CG LIQUID MN",1,9.995843,"prefix11",25,"note:single_sibling",137
"4-single-sibling","081068701797","NJOY","NJOY E-CG LIQUID DBL-ESPRSO","NJOY E-CG LIQUID DBL-ESPRSO",1,10,"prefix11",10,"note:single_sibling",133
"4-single-sibling","081102002211","IMPERIAL","IMPRL HK E-CG LIQUID B-O-M","IMPRL HK E-CG LIQUID B-O-M",1,19.991686,"prefix8+carts",18,"note:single_sibling",125
"4-single-sibling","081102002392","IMPERIAL","IMPRL HK E-CG LIQUID B-P","IMPRL HK E-CG LIQUID B-P",1,19.991686,"prefix8+carts",18,"note:single_sibling",118
"4-single-sibling","081102002174","IMPERIAL","IMPRL HK E-CG LIQUID SB-MG","IMPRL HK E-CG LIQUID SB-MG",1,19.991686,"prefix10",18,"note:single_sibling",114
"4-single-sibling","081068701799","NJOY","NJOY E-CG LIQUID BTR-CRNCH","NJOY E-CG LIQUID BTR-CRNCH",1,10,"prefix11",10,"note:single_sibling",112
"4-single-sibling","081102002198","IMPERIAL","IMPRL HK E-CG LIQUID IM-RSH","IMPRL HK E-CG LIQUID IM-RSH",1,19.991686,"prefix10",18,"note:single_sibling",111
"4-single-sibling","081102002189","IMPERIAL","IMPRL HK E-CG LIQUID NAZ 64","IMPRL HK E-CG LIQUID NAZ 64",1,19.991686,"prefix10",18,"note:single_sibling",108
"4-single-sibling","081764101810","KRAVE","KRAVE E-CG MN","KRAVE E-CG MN",1,2,"prefix8+carts",18,"note:single_sibling",106
"4-single-sibling","081102002145","IMPERIAL",NA,NA,NA,19.991686,"prefix10",18,"note:single_sibling",103
"4-single-sibling","081102002113","IMPERIAL",NA,NA,NA,19.991686,"prefix10",18,"note:single_sibling",94
"4-single-sibling","081102002136","IMPERIAL",NA,NA,NA,19.991686,"prefix10",18,"note:single_sibling",85
"4-single-sibling","081102002168","IMPERIAL","IMPRL HK E-CG LIQUID S-P","IMPRL HK E-CG LIQUID S-P",1,19.991686,"prefix11",18,"note:single_sibling",85
"4-single-sibling","081764101807","KRAVE","KRAVE E-CG TOB","KRAVE E-CG TOB",1,2,"prefix8+carts",18,"note:single_sibling",76
"4-single-sibling","081102002196","IMPERIAL","IMPRL HK E-CG LIQUID I-B","IMPRL HK E-CG LIQUID I-B",1,19.991686,"prefix10",18,"note:single_sibling",74
"4-single-sibling","081102002216","IMPERIAL","IMPRL HK E-CG LIQUID 3D GRAPE","IMPRL HK E-CG LIQUID 3D GRAPE",1,19.991686,"prefix8+carts",18,"note:single_sibling",62
"4-single-sibling","081102002191","IMPERIAL","IMPRL HK E-CG LIQUID K-ST","IMPRL HK E-CG LIQUID K-ST",1,19.991686,"prefix10",18,"note:single_sibling",59
"4-single-sibling","036586038340","21ST CENTURY SMOKE","21SCS E-CG","21SCS E-CG",1,0.9,"line+carts",16,"note:single_sibling",39
"4-single-sibling","081068701379","NJOY","NJOY NPRO E-CG MINI","NJOY NPRO E-CG MINI",1,10,"prefix11",45,"note:single_sibling",36
"4-single-sibling","085410000348","QUIK E-CIG","QUIK E-CIG E-CG TOB","QUIK E-CIG E-CG TOB",1,5,"prefix10",16,"note:single_sibling",35
"4-single-sibling","697184747284","JUICY BAR","JUICY BAR","JUICY BAR SMOKING ALTERNATIVE PRODUCT ELECTRONIC CIGARETTE LIQUID PO MICHIGAN CHERRY ICE MESH COIL BOX 1 COUNT",1,13,"prefix11",11.5,"note:single_sibling",31
"4-single-sibling","078413191783","GLAMEE","GLAMEE NOVA","GLAMEE NOVA SMOKING ALTERNATIVE PRODUCT ELECTRONIC CIGARETTE LIQUID PO KIWI BLUEBERRY ICE BOX 1 COUNT",1,16,"prefix10",25,"note:single_sibling",28
"4-single-sibling","081102002461","IMPERIAL","IMP-SMOKE EVC CLMR","IMP-SMOKE EVC CLMR",1,19.991686,"prefix8+carts",18,"note:single_sibling",25
"4-single-sibling","084043916500","RIP TIDE RIPSTICK","ELCT CGRTT LIQUID POD","ELCT CGRTT LIQUID POD",1,1.4,"prefix8+carts",116.1,"note:single_sibling",23
"4-single-sibling","085962600235","FINITI","FINITI E-CGC CMT RFL","FINITI E-CGC CMT RFL",14,14,"prefix11",16,"note:single_sibling",16
"4-single-sibling","084043916184","NJOY","ELCT CGRTT LIQUID POD","ELCT CGRTT LIQUID POD",1,1.4,"prefix11",116.1,"note:single_sibling",13
"4-single-sibling","084043916232","NJOY","ELCT CGRTT LIQUID POD","ELCT CGRTT LIQUID POD",1,1.4,"prefix8+carts",116.1,"note:single_sibling",10
"4-single-sibling","085410000349","QUIK E-CIG","QUIK E-CIG E-CG MN","QUIK E-CIG E-CG MN",1,5,"prefix10",16,"note:single_sibling",10
"4-single-sibling","084043916235","NJOY","ELCT CGRTT LIQUID POD","ELCT CGRTT LIQUID POD",1,1.4,"prefix8+carts",116.1,"note:single_sibling",7
"4-single-sibling","085962600260","FINITI","FIN AST NO 2'S/ECCR","FIN AST NO 2'S/ECCR",8,3,"prefix11",13.3,"note:single_sibling",7
"4-single-sibling","081713502256","CUE","CUE","CUE SMOKING ALTERNATIVE PRODUCT BOX 1 COUNT",1,4.9979215,"line+carts",6,"note:single_sibling",6
"4-single-sibling","084043916181","NJOY","ELCT CGRTT LIQUID POD","ELCT CGRTT LIQUID POD",1,1.4,"prefix11",116.1,"note:single_sibling",6
"4-single-sibling","084043916187","NJOY","ELCT CGRTT LIQUID POD","ELCT CGRTT LIQUID POD",1,1.4,"prefix11",116.1,"note:single_sibling",6
"4-single-sibling","084043916193","NJOY","ELCT CGRTT LIQUID POD","ELCT CGRTT LIQUID POD",1,1.4,"prefix10",116.1,"note:single_sibling",6
"4-single-sibling","084043916229","NJOY","ELCT CGRTT LIQUID POD","ELCT CGRTT LIQUID POD",1,1.4,"prefix8+carts",116.1,"note:single_sibling",6
"4-single-sibling","084043916247","NJOY","ELCT CGRTT LIQUID POD","ELCT CGRTT LIQUID POD",1,1.4,"prefix8+carts",116.1,"note:single_sibling",6
"4-single-sibling","085962600265","FINITI","FIN AST NO 2'S/ECCR","FIN AST NO 2'S/ECCR",8,3,"prefix11",13.3,"note:single_sibling",6
"4-single-sibling","036586038176","21ST CENTURY SMOKE","21SCS E-CG","21SCS E-CG",1,5.4,"prefix11",16,"note:single_sibling",4
"4-single-sibling","083921900154","CIG2O","CIG2O E-CG VANILLA CREAM","CIG2O E-CG VANILLA CREAM",1,1,"prefix10",18,"note:single_sibling",4
"4-single-sibling","084043916199","NJOY","ELCT CGRTT LIQUID POD","ELCT CGRTT LIQUID POD",1,1.4,"prefix10",116.1,"note:single_sibling",3
"4-single-sibling","081764101915","VAPOR X","ELCT CGRTT VAPORIZER","ELCT CGRTT VAPORIZER",1,2,"prefix8+carts",18,"note:single_sibling",2
"4-single-sibling","083921900145","CIG2O","CIG2O E-CG GRAPE","CIG2O E-CG GRAPE",1,1,"prefix11",18,"note:single_sibling",2
"4-single-sibling","084043916241","NJOY","ELCT CGRTT LIQUID POD","ELCT CGRTT LIQUID POD",1,1.4,"prefix8+carts",116.1,"note:single_sibling",2
"4-single-sibling","009710000234","MARKTEN","MARKTEN EVCC","MARKTEN EVCC",2,1.6,"line+carts",25,"note:single_sibling",1
"4-single-sibling","081102002193","IMPERIAL","IMPRL HK E-CG LIQUID ROOT BEER","IMPRL HK E-CG LIQUID ROOT BEER",1,19.991686,"prefix10",18,"note:single_sibling",1
"4-single-sibling","084014180024","SHENZHEN GOLDREAMS TECHNOLOGY","AIR BAR","AIR BAR SMOKING ALTERNATIVE PRODUCT MANGO 1 COUNT",1,10,"line+carts",16.2,"note:single_sibling",1
"5-minor-spread","088886130602","LEAP","ELCT CGRTT","ELCT CGRTT",1,1.25,"line+carts",38.4,"minor:some_spread",170228
"5-minor-spread","088796900870","BLU",NA,NA,NA,2.247586,"prefix11",24,"minor:some_spread",135600
"5-minor-spread","088886130600","LEAP","ELCT CGRTT","ELCT CGRTT",1,1.25,"line+carts",38.4,"minor:some_spread",48279
"5-minor-spread","081505802006","LOGIC","LOGIC POWER E-CGC CHERRY","LOGIC POWER E-CGC CHERRY",3,1.35,"prefix11",24,"minor:some_spread",26888
"5-minor-spread","085001975203","PUUR VAPOR","PUUR VAPOR","PUUR VAPOR SMOKING ALTERNATIVE PRODUCT ELECTRONIC CIGARETTE LIQUID PO STRAWBERRY CREAM 750 PUFFS BOX 1 COUNT",1,12,"prefix10",13.5,"minor:some_spread",21295
"5-minor-spread","084866604136","FINITI","FIN ECGVT BOLD MN","FIN ECGVT BOLD MN",1,1.75,"prefix8+carts",12.6,"minor:some_spread",20794
"5-minor-spread","085001975200","PUUR VAPOR","PUUR VAPOR","PUUR VAPOR SMOKING ALTERNATIVE PRODUCT ELECTRONIC CIGARETTE LIQUID PO STRAWBERRY CREAM 750 PUFFS BOX 1 COUNT",1,12,"prefix10",13.5,"minor:some_spread",19871
"5-minor-spread","085001975227","PUUR VAPOR","PUUR VAPOR","PUUR VAPOR SMOKING ALTERNATIVE PRODUCT ELECTRONIC CIGARETTE LIQUID PO PINA COLADA 750 PUFFS BOX 1 COUNT",1,12,"prefix10",13.5,"minor:some_spread",17973
"5-minor-spread","085001975207","PUUR VAPOR","PUUR VAPOR","PUUR VAPOR SMOKING ALTERNATIVE PRODUCT ELECTRONIC CIGARETTE LIQUID PO BLUE RAZZ 750 PUFFS BOX 1 COUNT",1,12,"prefix10",13.5,"minor:some_spread",17386
"5-minor-spread","085001975205","PUUR VAPOR","PUUR VAPOR","PUUR VAPOR SMOKING ALTERNATIVE PRODUCT ELECTRONIC CIGARETTE LIQUID PO LUSH IC 750 PUFFS BOX 1 COUNT",1,12,"prefix10",13.5,"minor:some_spread",15655
"5-minor-spread","085001975229","PUUR VAPOR","PUUR VAPOR","PUUR VAPOR SMOKING ALTERNATIVE PRODUCT ELECTRONIC CIGARETTE LIQUID PO PINA COLADA 750 PUFFS BOX 1 COUNT",1,12,"prefix10",13.5,"minor:some_spread",13892
"5-minor-spread","085001975204","PUUR VAPOR","PUUR VAPOR","PUUR VAPOR SMOKING ALTERNATIVE PRODUCT ELECTRONIC CIGARETTE LIQUID PO LUSH IC 750 PUFFS BOX 1 COUNT",1,12,"prefix10",13.5,"minor:some_spread",13430
"5-minor-spread","085001975202","PUUR VAPOR","PUUR VAPOR","PUUR VAPOR SMOKING ALTERNATIVE PRODUCT ELECTRONIC CIGARETTE LIQUID PO STRAWBERRY CREAM 750 PUFFS BOX 1 COUNT",1,12,"prefix10",13.5,"minor:some_spread",12680
"5-minor-spread","085001975209","PUUR VAPOR","PUUR VAPOR","PUUR VAPOR SMOKING ALTERNATIVE PRODUCT ELECTRONIC CIGARETTE LIQUID PO STRAWBERRY BANANA 750 PUFFS BOX 1 COUNT",1,12,"prefix10",13.5,"minor:some_spread",11423
"5-minor-spread","002012631800","MISTIC","MISTIC E-CG","MISTIC E-CG",1,2.5,"prefix11",18,"minor:some_spread",10932
"5-minor-spread","085001975208","PUUR VAPOR","PUUR VAPOR","PUUR VAPOR SMOKING ALTERNATIVE PRODUCT ELECTRONIC CIGARETTE LIQUID PO BLUE RAZZ 750 PUFFS BOX 1 COUNT",1,12,"prefix10",13.5,"minor:some_spread",9393
"5-minor-spread","085001975290","PUUR VAPOR","PUUR VAPOR","PUUR VAPOR SMOKING ALTERNATIVE PRODUCT ELECTRONIC CIGARETTE LIQUID PO BLUEBERRY ICE 750 PUFFS BOX 1 COUNT",1,12,"prefix10",13.5,"minor:some_spread",9191
"5-minor-spread","084866604131","FINITI","FIN ECGVT BOLD TOB","FIN ECGVT BOLD TOB",1,1.75,"prefix8+carts",12.6,"minor:some_spread",8720
"5-minor-spread","085001975228","PUUR VAPOR","PUUR VAPOR","PUUR VAPOR SMOKING ALTERNATIVE PRODUCT ELECTRONIC CIGARETTE LIQUID PO PINA COLADA 750 PUFFS BOX 1 COUNT",1,12,"prefix10",13.5,"minor:some_spread",7796
"5-minor-spread","085001975296","PUUR VAPOR","PUUR VAPOR","PUUR VAPOR SMOKING ALTERNATIVE PRODUCT ELECTRONIC CIGARETTE LIQUID PO BLUEBERRY ICE 750 PUFFS BOX 1 COUNT",1,12,"prefix10",13.5,"minor:some_spread",7244
"5-minor-spread","085001975246","PUUR VAPOR","PUUR VAPOR","PUUR VAPOR ANTISMOKING PRODUCT ELECTRONIC CIGARETTE LIQUID PO STRAWBERRY BANANA ULTRA BOX 1 COUNT",1,12,"prefix10",13.5,"minor:some_spread",6367
"5-minor-spread","085001975248","PUUR VAPOR","PUUR VAPOR","PUUR VAPOR ANTISMOKING PRODUCT ELECTRONIC CIGARETTE LIQUID PO STRAWBERRY BANANA ULTRA BOX 1 COUNT",1,12,"prefix10",13.5,"minor:some_spread",6185
"5-minor-spread","085001975238","PUUR VAPOR","PUUR VAPOR","PUUR VAPOR ANTISMOKING PRODUCT ELECTRONIC CIGARETTE LIQUID PO STRAWBERRY BANANA ULTRA BOX 1 COUNT",1,12,"prefix10",13.5,"minor:some_spread",6011
"5-minor-spread","085001975256","PUUR VAPOR","PUUR VAPOR","PUUR VAPOR SMOKING ALTERNATIVE PRODUCT ELECTRONIC CIGARETTE LIQUID PO PEACH ICE ULTRA BOX 1 COUNT",1,12,"prefix10",13.5,"minor:some_spread",5699
"5-minor-spread","085001975244","PUUR VAPOR","PUUR VAPOR","PUUR VAPOR ANTISMOKING PRODUCT ELECTRONIC CIGARETTE LIQUID PO STRAWBERRY BANANA ULTRA BOX 1 COUNT",1,12,"prefix10",13.5,"minor:some_spread",5624
"5-minor-spread","085001975294","PUUR VAPOR","PUUR VAPOR","PUUR VAPOR SMOKING ALTERNATIVE PRODUCT ELECTRONIC CIGARETTE LIQUID PO BLUEBERRY ICE 750 PUFFS BOX 1 COUNT",1,12,"prefix10",13.5,"minor:some_spread",5447
"5-minor-spread","085001975250","PUUR VAPOR","PUUR VAPOR","PUUR VAPOR SMOKING ALTERNATIVE PRODUCT ELECTRONIC CIGARETTE LIQUID PO ICED FRUIT PUNCH ULTRA BOX 1 COUNT",1,12,"prefix10",13.5,"minor:some_spread",4980
"5-minor-spread","085001975242","PUUR VAPOR","PUUR VAPOR","PUUR VAPOR ANTISMOKING PRODUCT ELECTRONIC CIGARETTE LIQUID PO STRAWBERRY BANANA ULTRA BOX 1 COUNT",1,12,"prefix10",13.5,"minor:some_spread",4657
"5-minor-spread","085001975252","PUUR VAPOR","PUUR VAPOR","PUUR VAPOR SMOKING ALTERNATIVE PRODUCT ELECTRONIC CIGARETTE LIQUID PO PEACH ICE ULTRA BOX 1 COUNT",1,12,"prefix10",13.5,"minor:some_spread",4562
"5-minor-spread","085001975233","PUUR VAPOR","PUUR VAPOR","PUUR VAPOR ANTISMOKING PRODUCT ELECTRONIC CIGARETTE LIQUID PO STRAWBERRY BANANA ULTRA BOX 1 COUNT",1,12,"prefix10",13.5,"minor:some_spread",4443
"5-minor-spread","085607300313","JAK","ELCT CGRTT","ELCT CGRTT",1,1.25,"line+carts",38.4,"minor:some_spread",4173
"5-minor-spread","085001975240","PUUR VAPOR","PUUR VAPOR","PUUR VAPOR ANTISMOKING PRODUCT ELECTRONIC CIGARETTE LIQUID PO STRAWBERRY BANANA ULTRA BOX 1 COUNT",1,12,"prefix10",13.5,"minor:some_spread",3904
"5-minor-spread","085001975262","SAVAGE","SAVAGE","SAVAGE SMOKING ALTERNATIVE PRODUCT ELECTRONIC CIGARETTE LIQUID PO MANGO DRAGONFRUIT LEMONADE MESH COIL BOX 1 COUNT",1,12,"prefix10",13.5,"minor:some_spread",3058
"5-minor-spread","085001975264","SAVAGE","SAVAGE","SAVAGE SMOKING ALTERNATIVE PRODUCT ELECTRONIC CIGARETTE LIQUID PO MANGO DRAGONFRUIT LEMONADE MESH COIL BOX 1 COUNT",1,12,"prefix10",13.5,"minor:some_spread",2904
"5-minor-spread","085001975236","PUUR VAPOR","PUUR VAPOR","PUUR VAPOR ANTISMOKING PRODUCT ELECTRONIC CIGARETTE LIQUID PO STRAWBERRY BANANA ULTRA BOX 1 COUNT",1,12,"prefix10",13.5,"minor:some_spread",2715
"5-minor-spread","085001975254","PUUR VAPOR","PUUR VAPOR","PUUR VAPOR SMOKING ALTERNATIVE PRODUCT ELECTRONIC CIGARETTE LIQUID PO PEACH ICE ULTRA BOX 1 COUNT",1,12,"prefix10",13.5,"minor:some_spread",2545
"5-minor-spread","085001975260","SAVAGE","SAVAGE","SAVAGE SMOKING ALTERNATIVE PRODUCT ELECTRONIC CIGARETTE LIQUID PO ENERGY BULL MESH COIL BOX 1 COUNT",1,12,"prefix10",13.5,"minor:some_spread",2297
"5-minor-spread","085001975268","SAVAGE","SAVAGE","SAVAGE SMOKING ALTERNATIVE PRODUCT ELECTRONIC CIGARETTE LIQUID PO APPLE WATERMELON MESH COIL BOX 1 COUNT",1,12,"prefix10",13.5,"minor:some_spread",1944
"5-minor-spread","085001975267","SAVAGE","SAVAGE","SAVAGE SMOKING ALTERNATIVE PRODUCT ELECTRONIC CIGARETTE LIQUID PO APPLE WATERMELON MESH COIL BOX 1 COUNT",1,12,"prefix10",13.5,"minor:some_spread",1842
"5-minor-spread","084866604112","FINITI","FIN ECGVT CHERRY","FIN ECGVT CHERRY",1,1.75,"prefix8+carts",12.6,"minor:some_spread",1720
"5-minor-spread","069582599990","SAVAGE","SAVAGE","SAVAGE SMOKING ALTERNATIVE PRODUCT ELECTRONIC CIGARETTE LIQUID PO WATERMELON ICED MESH COIL BOX 1 COUNT",1,12,"line+carts",13.5,"minor:some_spread",1400
"5-minor-spread","065747797270","SAVAGE","SAVAGE","SAVAGE SMOKING ALTERNATIVE PRODUCT ELECTRONIC CIGARETTE LIQUID PO PINEAPPLE COCONUT MESH COIL BOX 1 COUNT",1,12,"line+carts",13.5,"minor:some_spread",1158
"5-minor-spread","065747795989","SAVAGE","SAVAGE","SAVAGE SMOKING ALTERNATIVE PRODUCT ELECTRONIC CIGARETTE LIQUID PO STRAWRAZZ MESH COIL BOX 1 COUNT",1,12,"line+carts",13.5,"minor:some_spread",963
"5-minor-spread","085143800736","JAK","ELCT CGRTT","ELCT CGRTT",1,1.25,"line+carts",38.4,"minor:some_spread",403
"5-minor-spread","693764350223","IMIRACLE","LOST MARY","LOST MARY SMOKING ALTERNATIVE PRODUCT ELECTRONIC CIGARETTE LIQUID PO MANGO PASSION FRUIT BOX 1 COUNT",1,13.5,"prefix8+carts",11.1,"minor:some_spread",185
"5-minor-spread","693764350215","IMIRACLE","LOST MARY","LOST MARY SMOKING ALTERNATIVE PRODUCT ELECTRONIC CIGARETTE LIQUID PO BLUEBERRY RASPBERRY CHERRY BOX 1 COUNT",1,13.5,"prefix8+carts",11.1,"minor:some_spread",97
"5-minor-spread","693764350228","IMIRACLE","LOST MARY","LOST MARY SMOKING ALTERNATIVE PRODUCT ELECTRONIC CIGARETTE LIQUID PO STRAWBERRY ICE CREAM BOX 1 COUNT",1,13.5,"prefix8+carts",11.1,"minor:some_spread",97
"5-minor-spread","693764356879","IMIRACLE","ELF BAR","ELF BAR SMOKING ALTERNATIVE PRODUCT ELECTRONIC CIGARETTE LIQUID PO WATERMELON JOLLY CANDY ICE BOX 1 COUNT",1,13,"line+carts",11.5,"minor:some_spread",90
"5-minor-spread","693764350224","IMIRACLE","LOST MARY","LOST MARY SMOKING ALTERNATIVE PRODUCT ELECTRONIC CIGARETTE LIQUID PO MIXED BERRIES BOX 1 COUNT",1,13.5,"prefix8+carts",11.1,"minor:some_spread",84
"5-minor-spread","693764350217","IMIRACLE","LOST MARY","LOST MARY SMOKING ALTERNATIVE PRODUCT ELECTRONIC CIGARETTE LIQUID PO COTTON CANDY BOX 1 COUNT",1,13.5,"prefix8+carts",11.1,"minor:some_spread",82
"5-minor-spread","036586039515","FLAVORED MIST","F-M E-CGAC STRAWBERRY","F-M E-CGAC STRAWBERRY",3,2.7,"prefix8+carts",16,"minor:some_spread",57
"5-minor-spread","036586039509","FLAVORED MIST","F-M E-CGAC GRAPE","F-M E-CGAC GRAPE",3,2.7,"prefix8+carts",16,"minor:some_spread",27
"5-minor-spread","081505802007","LOGIC","LOGIC POWER E-CGC VANILLA","LOGIC POWER E-CGC VANILLA",3,1.35,"prefix11",24,"minor:some_spread",22
"5-minor-spread","084866604113","FINITI","FIN ECGVT VANILLA","FIN ECGVT VANILLA",1,1.75,"prefix8+carts",12.6,"minor:some_spread",22
"5-minor-spread","036586039503","FLAVORED MIST","F-M E-CGAC BLUEBERRY","F-M E-CGAC BLUEBERRY",3,2.7,"prefix8+carts",16,"minor:some_spread",17
"5-minor-spread","489525720184","IMIRACLE","ELF BAR","ELF BAR SMOKING ALTERNATIVE PRODUCT ELECTRONIC CIGARETTE LIQUID PO WATERMELON ICE CREATE BOX 1 COUNT",1,13,"line+carts",11.5,"minor:some_spread",11
"5-minor-spread","036586039506","FLAVORED MIST","F-M E-CGAC CHERRY","F-M E-CGAC CHERRY",3,2.7,"prefix8+carts",16,"minor:some_spread",10
"5-minor-spread","489525720307","IMIRACLE","ELF BAR","ELF BAR SMOKING ALTERNATIVE PRODUCT ELECTRONIC CIGARETTE LIQUID PO CHERRY LEMON MINT BOX 1 COUNT",1,13,"line+carts",11.5,"minor:some_spread",10
"5-minor-spread","489525720311","IMIRACLE","ELF BAR","ELF BAR SMOKING ALTERNATIVE PRODUCT ELECTRONIC CIGARETTE LIQUID PO STRAWBERRY PASSION FRUIT DUO I BOX 1 COUNT",1,13,"line+carts",11.5,"minor:some_spread",10
"5-minor-spread","085005452479","FUME","FUME QRJOY","FUME QRJOY SMOKING ALTERNATIVE PRODUCT ELECTRONIC CIGARETTE LIQUID PO STRAWBERRY BELTZ BOX 1 COUNT",1,12,"brand+carts",25,"minor:some_spread",9
"5-minor-spread","489525720171","IMIRACLE","ELF BAR","ELF BAR SMOKING ALTERNATIVE PRODUCT ELECTRONIC CIGARETTE LIQUID PO STRAWBERRY KIWI CREATE BOX 1 COUNT",1,13,"line+carts",11.5,"minor:some_spread",9
"5-minor-spread","489525720153","IMIRACLE","ELF BAR","ELF BAR SMOKING ALTERNATIVE PRODUCT ELECTRONIC CIGARETTE LIQUID PO FUJI ICE BOX 1 COUNT",1,13,"line+carts",11.5,"minor:some_spread",8
"5-minor-spread","489525720150","IMIRACLE","ELF BAR","ELF BAR SMOKING ALTERNATIVE PRODUCT ELECTRONIC CIGARETTE LIQUID PO CRANBERRY GRAPE CREATE BOX 1 COUNT",1,13,"line+carts",11.5,"minor:some_spread",7
"5-minor-spread","489525720167","IMIRACLE","ELF BAR","ELF BAR SMOKING ALTERNATIVE PRODUCT ELECTRONIC CIGARETTE LIQUID PO SAKURA GRAPE BOX 1 COUNT",1,13,"line+carts",11.5,"minor:some_spread",7
"5-minor-spread","489525720170","IMIRACLE","ELF BAR","ELF BAR SMOKING ALTERNATIVE PRODUCT ELECTRONIC CIGARETTE LIQUID PO STRAWBERRY ICE BOX 1 COUNT",1,13,"line+carts",11.5,"minor:some_spread",7
"5-minor-spread","036586037400","VAPIN PLUS","VAPIN PLUS LVP","VAPIN PLUS LVP",3,2.7,"prefix8+carts",16,"minor:some_spread",5
"5-minor-spread","489525720156","IMIRACLE","ELF BAR","ELF BAR SMOKING ALTERNATIVE PRODUCT ELECTRONIC CIGARETTE LIQUID PO MALIBU BOX 1 COUNT",1,13,"line+carts",11.5,"minor:some_spread",5
"5-minor-spread","489525720144","IMIRACLE","ELF BAR","ELF BAR SMOKING ALTERNATIVE PRODUCT ELECTRONIC CIGARETTE LIQUID PO BLUE RAZZ ICE BOX 1 COUNT",1,13,"line+carts",11.5,"minor:some_spread",4
"5-minor-spread","489525720174","IMIRACLE","ELF BAR","ELF BAR SMOKING ALTERNATIVE PRODUCT ELECTRONIC CIGARETTE LIQUID PO STRAWBERRY PINA COLADA BOX 1 COUNT",1,13,"line+carts",11.5,"minor:some_spread",4
"5-minor-spread","085005452457","FUME","FUME QRJOY","FUME QRJOY SMOKING ALTERNATIVE PRODUCT ELECTRONIC CIGARETTE LIQUID PO PACIFIC COOLER BOX 1 COUNT",1,12,"brand+carts",25,"minor:some_spread",2
"6-ok-ish","081068701482","NJOY",NA,NA,NA,3.8,"prefix11",12.6,"ok",2928816
"6-ok-ish","081991301158","JUUL",NA,NA,NA,2.8,"prefix10",50,"ok",2377287
"6-ok-ish","084920501622","VUSE",NA,NA,NA,3.6,"prefix11",50,"ok",1566972
"6-ok-ish","081991301543","JUUL",NA,NA,NA,1.4,"prefix10",50,"ok",1406027
"6-ok-ish","081991301137","JUUL",NA,NA,NA,2.8,"prefix11",50,"ok",1351013
"6-ok-ish","088796901108","BLU",NA,NA,NA,3,"prefix10",24.8,"ok",363985
"6-ok-ish","084920501532","VUSE",NA,NA,NA,3.8,"prefix11",30,"ok",332406
"6-ok-ish","081991301269","JUUL",NA,NA,NA,2.8,"prefix11",40,"ok",301672
"6-ok-ish","085570400807","MISTIC",NA,NA,NA,10,"prefix11",24,"ok",236707
"6-ok-ish","084920501535","VUSE",NA,NA,NA,3.8,"prefix11",30,"ok",232346
"6-ok-ish","085570400806","MISTIC",NA,NA,NA,10,"prefix11",24,"ok",199899
"6-ok-ish","085962600205","FINITI","FINITI MIDNIGHT E-CG CMT","FINITI MIDNIGHT E-CG CMT",1,1.75,"prefix11",16,"ok",169046
"6-ok-ish","081536802175","NJOY","ELCT CGRTT LIQUID POD","ELCT CGRTT LIQUID POD",1,1,"prefix10",60,"ok",130484
"6-ok-ish","081536802174","NJOY","ELCT CGRTT LIQUID POD","ELCT CGRTT LIQUID POD",1,1,"prefix10",60,"ok",126382
"6-ok-ish","084920501544","VUSE",NA,NA,NA,3.8,"prefix11",30,"ok",122100
"6-ok-ish","081536802177","NJOY",NA,"NJOY LOOP PODS SMOKING ALTERNATIVE PRODUCT ELECTRONIC CIGARETTE LIQUID PO TROPICAL TWIST BOX 2 COUNT",2,1,"prefix10",60,"ok",120373
"6-ok-ish","081068701775","NJOY","NJOY E-CG LIQUID MN","NJOY E-CG LIQUID MN",1,10,"prefix11",10,"ok",96566
"6-ok-ish","084866602263","FINITI","FIN E-CG","FIN E-CG",1,1,"prefix11",16,"ok",95807
"6-ok-ish","081536802173","NJOY","ELCT CGRTT LIQUID POD","ELCT CGRTT LIQUID POD",1,1,"prefix10",60,"ok",93632
"6-ok-ish","088886130210","NJOY","ELCT CGRTT LIQUID POD","ELCT CGRTT LIQUID POD",1,3,"prefix11",48,"ok",90804
"6-ok-ish","081536802176","NJOY","ELCT CGRTT LIQUID POD","ELCT CGRTT LIQUID POD",1,1,"prefix10",60,"ok",86190
"6-ok-ish","081068701686","NJOY","NJOY E-CGCM GOLD TOB RFL","NJOY E-CGCM GOLD TOB RFL",2,2,"prefix11",30,"ok",83411
"6-ok-ish","085962600207","FINITI","FINITI E-CG","FINITI E-CG",1,1.75,"prefix11",16,"ok",80663
"6-ok-ish","081991301516","JUUL","ELCT CGRTT CARTRIDGE","ELCT CGRTT CARTRIDGE",2,1.4,"prefix11",50,"ok",69345
"6-ok-ish","084920501547","VUSE",NA,NA,NA,3.8,"prefix11",30,"ok",65611
"6-ok-ish","088796901129","BLU","BLU","BLU SMOKING ALTERNATIVE PRODUCT TOBACCO 2 COUNT",2,3,"prefix10",24.8,"ok",64800
"6-ok-ish","084866604600","FINITI","FIN ECGVT BOLD TOB","FIN ECGVT BOLD TOB",1,4.8,"prefix11",24,"ok",62144
"6-ok-ish","084866604612","FINITI","FIN E-CG CLMR","FIN E-CG CLMR",2,4.8,"prefix10",24,"ok",59364
"6-ok-ish","084866604614","FINITI","FIN ECGVT MN","FIN ECGVT MN",2,4.8,"prefix10",24,"ok",51520
"6-ok-ish","081991301522","JUUL","ELCT CGRTT CARTRIDGE","ELCT CGRTT CARTRIDGE",2,1.4,"prefix11",50,"ok",41267
"6-ok-ish","088886130220","NJOY","ELCT CGRTT LIQUID POD","ELCT CGRTT LIQUID POD",1,3,"prefix10",48,"ok",40395
"6-ok-ish","081991301520","JUUL","ELCT CGRTT CARTRIDGE","ELCT CGRTT CARTRIDGE",2,1.4,"prefix11",50,"ok",38931
"6-ok-ish","081068701485","NJOY","ELCT CGRTT CARTRIDGE","ELCT CGRTT CARTRIDGE",1,3.8,"prefix11",12.6,"ok",36140
"6-ok-ish","088886130100","LEAP",NA,NA,NA,3,"prefix11",48,"ok",34139
"6-ok-ish","088886130216","NJOY","ELCT CGRTT LIQUID POD","ELCT CGRTT LIQUID POD",1,3,"prefix11",48,"ok",31938
"6-ok-ish","081068701690","NJOY","NJOY E-CGCM VANILLA BEAN RFL","NJOY E-CGCM VANILLA BEAN RFL",2,2,"prefix10",30,"ok",29822
"6-ok-ish","084866604603","FINITI","FIN ECGVT VANILLA","FIN ECGVT VANILLA",2,4.8,"prefix11",24,"ok",29266
"6-ok-ish","085570400861","MISTIC","MISTIC ECGT RFL","MISTIC ECGT RFL",1,10,"prefix10",24,"ok",22502
"6-ok-ish","081068701692","NJOY","NJOY E-CGCM POMEGRANATE RFL","NJOY E-CGCM POMEGRANATE RFL",2,2,"prefix10",30,"ok",21812
"6-ok-ish","081068701542","NJOY","NJOY E-CG MN KING","NJOY E-CG MN KING",5,5,"prefix11",37.5,"ok",20990
"6-ok-ish","084866604604","FINITI","FIN ECGVT CHERRY","FIN ECGVT CHERRY",2,4.8,"prefix11",24,"ok",20907
"6-ok-ish","079182782732","AVATA","AVATA","AVATA SMOKING ALTERNATIVE PRODUCT ELECTRONIC CIGARETTE LIQUID PO PINEAPPLE BANANA BOX 1 COUNT",1,12,"line+carts",25,"ok",18684
"6-ok-ish","081649401350","NICOTEK","NICOTEK METRO E-CG MN","NICOTEK METRO E-CG MN",2,2,"prefix8+carts",18,"ok",17014
"6-ok-ish","081068701787","NJOY","NJOY E-CG LIQUID BLD-ORNGE","NJOY E-CG LIQUID BLD-ORNGE",1,10,"prefix11",8,"ok",15758
"6-ok-ish","084866604606","FINITI","FIN ECGVT COFFEE","FIN ECGVT COFFEE",2,4.8,"prefix11",24,"ok",14713
"6-ok-ish","036586037191","VAPIN PLUS","VPLS E-CG LIQUID A-T","VPLS E-CG LIQUID A-T",1,14.9937645,"prefix11",16,"ok",13660
"6-ok-ish","084866604605","FINITI","FIN ECGVT GRAPE","FIN ECGVT GRAPE",2,4.8,"prefix11",24,"ok",13529
"6-ok-ish","081068701585","NJOY","NJOY E-CG KING 1CT=","NJOY E-CG KING 1CT=",2,5,"prefix10",45,"ok",11506
"6-ok-ish","009710000229","MARKTEN","ELCT VAPOR CGRTT CARTRIDGE","ELCT VAPOR CGRTT CARTRIDGE",2,3.6,"line+carts",50,"ok",10513
"6-ok-ish","084866604618","FINITI","FIN ECGVT CHERRY","FIN ECGVT CHERRY",2,4.8,"prefix10",24,"ok",10474
"6-ok-ish","081068701587","NJOY","NJOY E-CG MN KING 1CT=","NJOY E-CG MN KING 1CT=",2,5,"prefix10",45,"ok",10357
"6-ok-ish","088796901157","BLU","BLU","BLU SMOKING ALTERNATIVE PRODUCT 1 COUNT",2,3,"prefix10",24.8,"ok",10353
"6-ok-ish","085570400838","MISTIC","MISTIC E-CGC RFL","MISTIC E-CGC RFL",1,10,"prefix10",18,"ok",10186
"6-ok-ish","081068701586","NJOY","NJOY E-CG KING 1CT=","NJOY E-CG KING 1CT=",2,5,"prefix10",45,"ok",9368
"6-ok-ish","088796900577","BLU","ELCT CGRTT","ELCT CGRTT",1,5,"prefix11",19.2,"ok",8507
"6-ok-ish","009710000114","MARKTEN","MARKTEN E-CG/ECC","MARKTEN E-CG/ECC",1,1.6,"prefix11",35,"ok",6904
"6-ok-ish","085570400418","MISTIC","MISTIC E-CG","MISTIC E-CG",1,1,"prefix11",18,"ok",5937
"6-ok-ish","085962600211","FINITI","FINITI E-CG OLS","FINITI E-CG OLS",1,1.75,"prefix11",16,"ok",5779
"6-ok-ish","084866604607","FINITI",NA,NA,NA,4.8,"prefix11",24,"ok",5662
"6-ok-ish","036586037197","VAPIN PLUS","VPLS E-CG LIQUID PEACH","VPLS E-CG LIQUID PEACH",1,14.9937645,"prefix11",16,"ok",5002
"6-ok-ish","081068701288","NJOY","NJOY E-CG NO","NJOY E-CG NO",1,5,"prefix10",18,"ok",4348
"6-ok-ish","009710000116","MARKTEN","MARKTEN E-CG MN/ECC","MARKTEN E-CG MN/ECC",1,1.6,"prefix11",35,"ok",4029
"6-ok-ish","081002599579","IGNITE","IGNITE V8","IGNITE V8 SMOKING ALTERNATIVE PRODUCT ELECTRONIC CIGARETTE LIQUID PO ICY MINT BOX 1 COUNT",1,2.6,"line+carts",25,"ok",3878
"6-ok-ish","081002599711","IGNITE","IGNITE V8","IGNITE V8 SMOKING ALTERNATIVE PRODUCT ELECTRONIC CIGARETTE LIQUID PO MANGO BOX 1 COUNT",1,2.6,"line+carts",25,"ok",3304
"6-ok-ish","085002048173","PACHA","PACHA SYN","PACHA SYN SMOKING ALTERNATIVE PRODUCT ELECTRONIC CIGARETTE LIQUID PO BANANA ICE BOX 1 COUNT",1,4,"prefix10",40.6,"ok",2583
"6-ok-ish","081002599206","IGNITE","IGNITE","IGNITE SMOKING ALTERNATIVE PRODUCT ELECTRONIC CIGARETTE LIQUID PO TOBACCO BOX 1 COUNT",1,1.2,"prefix11",25,"ok",2538
"6-ok-ish","085570400411","NEO","NEO E-CGC RFL","NEO E-CGC RFL",5,1,"prefix11",18,"ok",2527
"6-ok-ish","085962600216","FINITI","FINITI E-CG C-M OLS","FINITI E-CG C-M OLS",1,1.75,"prefix11",16,"ok",2501
"6-ok-ish","085570400415","NEO","NEO E-CGC RFL","NEO E-CGC RFL",5,1,"prefix11",18,"ok",2449
"6-ok-ish","697184747161","JUICY","JUICY BAR","JUICY BAR SMOKING ALTERNATIVE PRODUCT ELECTRONIC CIGARETTE LIQUID PO MIXED BERRY ICE MESH COIL BOX 1 COUNT",1,13,"prefix11",11.5,"ok",2026
"6-ok-ish","081649401430","NICOTEK","NBL-NCL E-CG LIQUID TOB","NBL-NCL E-CG LIQUID TOB",1,9.995843,"prefix11",24,"ok",2013
"6-ok-ish","036586037194","VAPIN PLUS","VPLS E-CG LIQUID GRAPE","VPLS E-CG LIQUID GRAPE",1,14.9937645,"prefix11",16,"ok",1859
"6-ok-ish","081002599209","IGNITE","IGNITE","IGNITE SMOKING ALTERNATIVE PRODUCT ELECTRONIC CIGARETTE LIQUID PO TOBACCO BOX 1 COUNT",1,1.2,"prefix11",25,"ok",1660
"6-ok-ish","081990502870","GLAS",NA,"GLAS SMOKING ALTERNATIVE PRODUCT BANDED 3 COUNT",3,1.3,"prefix10",63.5,"ok",1594
"6-ok-ish","081068701240","NJOY","NJOY E-CGC NO RFL","NJOY E-CGC NO RFL",5,5,"prefix11",24,"ok",1543
"6-ok-ish","081002599212","IGNITE","IGNITE","IGNITE SMOKING ALTERNATIVE PRODUCT BLOOD ORANGE 1 COUNT",1,1.2,"prefix11",80.2,"ok",1362
"6-ok-ish","081649401433","NICOTEK","NBL-NCL E-CG LIQUID WM","NBL-NCL E-CG LIQUID WM",1,9.995843,"prefix11",24,"ok",1306
"6-ok-ish","081649401432","NICOTEK","NL-NBL E-CG LIQUID CHERRY","NL-NBL E-CG LIQUID CHERRY",1,9.995843,"prefix11",24,"ok",1063
"6-ok-ish","081649401434","NICOTEK","NL-NBL E-CG LIQUID GRAPE","NL-NBL E-CG LIQUID GRAPE",1,9.995843,"prefix11",24,"ok",1008
"6-ok-ish","081649401455","NICOTEK",NA,NA,NA,9.995843,"prefix10",24,"ok",969
"6-ok-ish","081649401454","NICOTEK",NA,NA,NA,9.995843,"prefix10",24,"ok",921
"6-ok-ish","081649401453","NICOTEK",NA,NA,NA,9.995843,"prefix10",24,"ok",836
"6-ok-ish","081068701483","NJOY",NA,NA,NA,3.8,"prefix11",12.6,"ok",834
"6-ok-ish","084934900227","V2 CIGS","V2 CIGS E-CG MN","V2 CIGS E-CG MN",1,1,"prefix11",18,"ok",802
"6-ok-ish","081649401465","NICOTEK",NA,NA,NA,9.995843,"prefix10",24,"ok",744
"6-ok-ish","002590017500","E SWISHER","E SWISHER E-CGAC","E SWISHER E-CGAC",1,3,"prefix11",15,"ok",698
"6-ok-ish","036586037182","VAPIN PLUS","VPLS E-CG LIQUID APPLE","VPLS E-CG LIQUID APPLE",1,14.9937645,"prefix10",16,"ok",668
"6-ok-ish","081649401456","NICOTEK",NA,NA,NA,9.995843,"prefix10",24,"ok",645
"6-ok-ish","002012632802","MISTIC",NA,NA,NA,5,"prefix11",15,"ok",631
"6-ok-ish","081649401437","NICOTEK","NL-NBL E-CG LIQUID VANILLA","NL-NBL E-CG LIQUID VANILLA",1,9.995843,"prefix11",24,"ok",613
"6-ok-ish","081649401438","NICOTEK","NL-NBL E-CG LIQUID KIWI","NL-NBL E-CG LIQUID KIWI",1,9.995843,"prefix11",24,"ok",562
"6-ok-ish","081649401435","NICOTEK","NL-NBL E-CG LIQUID APPLE","NL-NBL E-CG LIQUID APPLE",1,9.995843,"prefix11",24,"ok",561
"6-ok-ish","002590017501","E SWISHER","E SWISHER E-CG MB","E SWISHER E-CG MB",1,3,"prefix11",15,"ok",423
"6-ok-ish","084018990339","SHENZHEN GOLDREAMS TECHNOLOGY","AIR BAR","AIR BAR ANTISMOKING PRODUCT 1 COUNT",1,10,"prefix10",16.2,"ok",375
"6-ok-ish","697184747274","JUICY BAR","JUICY BAR","JUICY BAR SMOKING ALTERNATIVE PRODUCT ELECTRONIC CIGARETTE LIQUID PO VANILLA ICE CREAM MESH COIL BOX 1 COUNT",1,13,"prefix10",11.5,"ok",336
"6-ok-ish","002590017504","E SWISHER","E SWISHER E-CGC MB RFL","E SWISHER E-CGC MB RFL",3,3,"prefix11",15,"ok",309
"6-ok-ish","002012632805","MISTIC","MISTIC E-CGC MN RFL","MISTIC E-CGC MN RFL",5,5,"prefix11",15,"ok",283
"6-ok-ish","081068701760","NJOY","NJOY E-CGCMB AST 2'S\SAP=","NJOY E-CGCMB AST 2'S\SAP=",2,10,"prefix10",10,"ok",251
"6-ok-ish","036586037188","VAPIN PLUS","VPLS E-CG LIQUID CHO","VPLS E-CG LIQUID CHO",1,14.9937645,"prefix10",16,"ok",248
"6-ok-ish","084018990594","SHENZHEN GOLDREAMS TECHNOLOGY","AIR BAR BOX","AIR BAR BOX SMOKING ALTERNATIVE PRODUCT ELECTRONIC CIGARETTE LIQUID PO MONSTER ICE 3000 PUFFS BOX 1 COUNT",1,10,"prefix10",16.2,"ok",239
"6-ok-ish","081068701761","NJOY","NJOY E-CGCMB AST 2'S\SAP=","NJOY E-CGCMB AST 2'S\SAP=",2,10,"prefix10",10,"ok",230
"6-ok-ish","697184747132","JUICY BAR","JUICY BAR","JUICY BAR SMOKING ALTERNATIVE PRODUCT ELECTRONIC CIGARETTE LIQUID PO STRAWBERRY KIWI MESH COIL BOX 1 COUNT",1,13,"prefix11",11.5,"ok",208
"6-ok-ish","019383500507","SHENZHEN GOLDREAMS TECHNOLOGY","AIR BAR MAX","AIR BAR MAX SMOKING ALTERNATIVE PRODUCT GUAVA SHAKE 1 COUNT",1,6.5,"prefix10",33.2,"ok",200
"6-ok-ish","081068701789","NJOY","NJOY E-CG LIQUID BLD-ORNGE","NJOY E-CG LIQUID BLD-ORNGE",1,10,"prefix11",8,"ok",183
"6-ok-ish","081991301141","JUUL","ELCT CGRTT CARTRIDGE","ELCT CGRTT CARTRIDGE",4,2.8,"prefix11",50,"ok",158
"6-ok-ish","002590017505","E SWISHER","E SWISHER E-CGC MB RFL","E SWISHER E-CGC MB RFL",3,3,"prefix11",15,"ok",148
"6-ok-ish","036586037185","VAPIN PLUS","VPLS E-CIG LIQUID CAPPUCCINO","VPLS E-CIG LIQUID CAPPUCCINO",1,14.9937645,"prefix10",16,"ok",147
"6-ok-ish","697184747275","JUICY BAR","JUICY BAR","JUICY BAR SMOKING ALTERNATIVE PRODUCT ELECTRONIC CIGARETTE LIQUID PO ALASKAN BLUEBERRY MINT MESH COIL BOX 1 COUNT",1,13,"prefix10",11.5,"ok",114
"6-ok-ish","019383500511","SHENZHEN GOLDREAMS TECHNOLOGY","AIR BAR MAX","AIR BAR MAX SMOKING ALTERNATIVE PRODUCT BANANA SHAKE 1 COUNT",1,6.5,"prefix11",33.2,"ok",79
"6-ok-ish","002590017506","E SWISHER","E SWISHER E-CG TF","E SWISHER E-CG TF",1,3,"prefix11",15,"ok",45
"6-ok-ish","081536802011","NJOY","NJOY E-CG TROPICAL TWIST","NJOY E-CG TROPICAL TWIST",1,1,"prefix10",45,"ok",34
"6-ok-ish","019383500501","SHENZHEN GOLDREAMS TECHNOLOGY","AIR BAR MAX","AIR BAR MAX SMOKING ALTERNATIVE PRODUCT CRANBERRY GRAPE 1 COUNT",1,6.5,"prefix10",33.2,"ok",20
"6-ok-ish","019383500513","SHENZHEN GOLDREAMS TECHNOLOGY","AIR BAR MAX","AIR BAR MAX SMOKING ALTERNATIVE PRODUCT BANANA SHAKE 1 COUNT",1,6.5,"prefix11",33.2,"ok",18
"6-ok-ish","078779031461","SWITCH MODS","SWITCH MODS","SWITCH MODS SMOKING ALTERNATIVE PRODUCT GRAPEFRUIT GUAVA 1 COUNT",1,1.3,"prefix10",25,"ok",16
"6-ok-ish","081068701554","NJOY","NJOY E-CG TRDNL KING 10P","NJOY E-CG TRDNL KING 10P",10,5,"prefix10",45,"ok",9
"6-ok-ish","081068701553","NJOY","NJOY E-CG TRDNL KING","NJOY E-CG TRDNL KING",10,5,"prefix10",45,"ok",7
"6-ok-ish","081068701245","NJOY","NJOY E-CGC MN NO RFL","NJOY E-CGC MN NO RFL",5,5,"prefix11",24,"ok",5
"6-ok-ish","081068701717","NJOY","NJOY E-CG MN KING -5.00","NJOY E-CG MN KING -5.00",5,10,"prefix10",10,"ok",5
"6-ok-ish","697184747333","JUICY BAR","JUICY BAR","JUICY BAR SMOKING ALTERNATIVE PRODUCT ELECTRONIC CIGARETTE LIQUID PO MEXICAN PINA COLADA MESH COIL BOX 1 COUNT",1,13,"line+carts",11.5,"ok",5
"6-ok-ish","002590017507","E SWISHER","E SWISHER E-CG MB","E SWISHER E-CG MB",1,3,"prefix11",15,"ok",4
"6-ok-ish","083921900232","CIG2O","CIG2O E-CG RED HOT","CIG2O E-CG RED HOT",1,1,"prefix10",18,"ok",4
"6-ok-ish","085570400815","MISTIC","HAUS ECTA RFL","HAUS ECTA RFL",1,10,"prefix10",24,"ok",4
"6-ok-ish","081068701241","NJOY","NJOY E-CGC NO RFL","NJOY E-CGC NO RFL",5,5,"prefix11",24,"ok",3
"6-ok-ish","081068701683","NJOY","NJOY E-CG 4P","NJOY E-CG 4P",4,2,"prefix11",30,"ok",3
"6-ok-ish","085570400812","MISTIC","HAUS E-CG LIQUID A-B 5P","HAUS E-CG LIQUID A-B 5P",5,10,"prefix10",24,"ok",3
"6-ok-ish","084866603276","FINITI","FIN E-CGCM MN RFL","FIN E-CGCM MN RFL",5,5,"prefix11",16,"ok",2
"6-ok-ish","081068701716","NJOY","NJOY E-CG KING -5.00","NJOY E-CG KING -5.00",5,10,"prefix10",10,"ok",1
"6-ok-ish","083921900016","CIG2O","CIG2O E-CG RT","CIG2O E-CG RT",1,1,"prefix8+carts",18,"ok",1
"6-ok-ish","083921900017","CIG2O","CIG2O E-CG CM","CIG2O E-CG CM",1,1,"prefix8+carts",18,"ok",1
