month,brand,mgml_mL-sales-weighted,mgml_UPC-unweighted,cap_mL-sales-weighted,cap_UPC-unweighted,Nhom_mL-sales-weighted,Nhom_UPC-unweighted
2013-01-01,21ST CENTURY SMOKE,10.88171301645436,10.759111111111112,2.5845675917246194,3.24,28.124522804775886,34.85952
2013-01-01,BLU,14.021669753638713,14.765714285714287,3.6309832838720624,4.142857142857143,50.91244848743667,61.172244897959196
2013-01-01,CIG2O,12.434285714285712,13.259999999999998,2.7142857142857144,2.5,33.75020408163265,33.14999999999999
2013-01-01,E SWISHER,12.239999999999997,12.239999999999997,3,3,36.71999999999999,36.71999999999999
2013-01-01,FINITI,9.558704319196329,8.927891156462586,2.997210828854681,3.589285714285714,28.649452095315244,32.04475218658892
2013-01-01,FLAVORED MIST,0.9796072227224859,0.979607222722486,14.9937645,14.9937645,14.688000000000002,14.688000000000004
2013-01-01,GREEN SMOKE,16.437582388258846,17.252571428571432,2.8065376917945297,2.142857142857143,46.132694534626395,36.96979591836735
2013-01-01,LOGIC,13.600000000000003,13.600000000000003,1.2,1.2,16.320000000000004,16.320000000000004
2013-01-01,MISTIC,9.983738071566862,10.626133333333332,4.479495727965196,3.611111111111111,44.72211204070724,38.37214814814814
2013-01-01,NICOTEK,11.686866914471352,9.269882166816746,2.5941822421040697,3.6991686,30.317862615355164,34.290857037188474
2013-01-01,NJOY,19.888431145748687,14.931789473684212,3.101916560467743,4.776470588235294,61.6922539327203,71.321253250774
2013-01-01,QUIK E-CIG,2.9376000000000007,2.9376000000000007,5,5,14.688000000000002,14.688000000000002
2013-02-01,21ST CENTURY SMOKE,10.88,10.330505050505051,2.603565414940532,3.0272727272727273,28.32679171455299,31.27325619834711
2013-02-01,BLU,13.956862683266179,14.646153846153847,3.6936000392047403,4.076923076923077,51.55106855408714,59.711242603550296
2013-02-01,CIG2O,12.867692307692305,13.056,2.6923076923076925,2.4,34.643786982248514,31.334399999999995
2013-02-01,E SWISHER,12.239999999999997,12.239999999999997,3,3,36.71999999999999,36.71999999999999
2013-02-01,FINITI,9.555081932073389,9.6196336996337,3.1367049097351103,3.5,29.971472409255842,33.668717948717955
2013-02-01,FLAVORED MIST,0.9796072227224861,0.979607222722486,14.993764499999997,14.9937645,14.688000000000004,14.688000000000004
2013-02-01,GREEN SMOKE,16.414210463018645,17.252571428571432,2.824413710162357,2.142857142857143,46.36052107324027,36.96979591836735
2013-02-01,LOGIC,13.032676215250577,9.817011494252876,1.502433635252453,3.216666666666667,19.580731103147105,31.57805363984675
2013-02-01,MISTIC,9.52463502083518,10.626133333333334,4.2188225906552,3.611111111111111,40.18274539364512,38.37214814814815
2013-02-01,NICOTEK,9.73182411926057,6.05792338275021,4.068286527133543,6.2919168823529414,39.59184894882104,38.11595040392668
2013-02-01,NJOY,21.937663300557208,14.590026315789475,2.639543745932663,4.7625,57.90542196536228,69.48500032894738
2013-02-01,QUIK E-CIG,2.9376000000000007,2.9376000000000007,5,5,14.688000000000002,14.688000000000002
2013-03-01,21ST CENTURY SMOKE,10.881322895818437,10.074074074074074,2.6115857375294573,3.225,28.417507680172164,32.488888888888894
2013-03-01,BLU,13.979904511569098,14.765714285714287,3.6775051752814996,4.142857142857143,51.41117119123654,61.172244897959196
2013-03-01,CIG2O,12.391111111111108,13.056,2.888888888888889,2.4,35.79654320987653,31.334399999999995
2013-03-01,E SWISHER,12.239999999999997,12.239999999999997,3,3,36.71999999999999,36.71999999999999
2013-03-01,FINITI,9.556757047389237,9.839492063492065,3.1028262272305613,3.5416666666666665,29.652956413909823,34.84820105820106
2013-03-01,FLAVORED MIST,0.979607222722486,0.979607222722486,14.9937645,14.9937645,14.688000000000004,14.688000000000004
2013-03-01,GREEN SMOKE,16.43455384615385,17.252571428571432,2.8173076923076925,2.142857142857143,46.301194970414215,36.96979591836735
2013-03-01,LOGIC,5.805829699334406,9.344137931034485,5.354980491163644,3.46875,31.090104774954227,32.41247844827587
2013-03-01,MISTIC,9.300820516404038,10.626133333333334,4.010918556304811,3.611111111111111,37.30483359810545,38.37214814814815
2013-03-01,NICOTEK,7.244532481061993,6.05792338275021,5.8801421477972635,6.2919168823529414,42.59888078297891,38.11595040392668
2013-03-01,NJOY,22.44118220409987,14.590026315789475,2.496263196112383,4.7625,56.019097213346676,69.48500032894738
2013-03-01,QUIK E-CIG,2.937600000000001,2.937600000000001,5,5,14.688000000000006,14.688000000000006
2013-04-01,21ST CENTURY SMOKE,10.877584713201772,9.671111111111111,2.6230434708363464,3.225,28.532377560433158,31.189333333333334
2013-04-01,BLU,13.990997378317548,14.998857142857144,3.685707546836997,3.8571428571428568,51.56672462504162,57.85273469387755
2013-04-01,CIG2O,12.701886792452829,13.056,2.7358490566037736,2.4,34.750444998220004,31.334399999999995
2013-04-01,FINITI,9.559844065387066,9.744900432900433,3.1034002982247486,2.590909090909091,29.668022923504314,25.248151121605666
2013-04-01,FLAVORED MIST,0.979607222722486,0.979607222722486,14.9937645,14.9937645,14.688000000000004,14.688000000000004
2013-04-01,GREEN SMOKE,16.45326279470961,17.252571428571432,2.8251868890166763,2.142857142857143,46.48354232915946,36.96979591836735
2013-04-01,IMPERIAL,0.7347054170418644,0.7347054170418644,19.991686,19.991686,14.688000000000004,14.688000000000004
2013-04-01,KRAVE,9.690000000000001,9.690000000000001,4,4,38.760000000000005,38.760000000000005
2013-04-01,LOGIC,2.9890724470348204,6.694482758620691,6.992787324734482,4.98125,20.901947920338174,33.34689224137932
2013-04-01,MISTIC,8.88198984007526,10.626133333333334,3.6145813734713075,3.611111111111111,32.10467503529743,38.37214814814815
2013-04-01,NEO,2.4245609687412,6.07104,7.2052942833004785,4.9,17.46967528758444,29.748096000000004
2013-04-01,NICOTEK,7.340903655957013,6.05792338275021,5.813317804972162,6.2919168823529414,42.67500592776015,38.11595040392668
2013-04-01,NJOY,23.145047448454594,15.399494736842106,2.347537869348914,4.413333333333333,54.33387537312462,67.96310343859649
2013-04-01,QUIK E-CIG,2.9376000000000007,2.9376000000000007,5,5,14.688000000000002,14.688000000000002
2013-05-01,21ST CENTURY SMOKE,10.85941224659336,9.671111111111111,2.642512316976081,3.225,28.696130616743847,31.189333333333334
2013-05-01,BLU,13.977364214627517,14.998857142857144,3.7149400896481093,3.8571428571428568,51.925070668532626,57.85273469387755
2013-05-01,CIG2O,12.239999999999998,12.239999999999998,2.9452054794520546,2.6666666666666665,36.049315068493144,32.63999999999999
2013-05-01,E SWISHER,4.895999999999999,4.895999999999999,3,3,14.687999999999997,14.687999999999997
2013-05-01,FINITI,9.56277639784757,9.59015873015873,3.1094691028456842,3.083333333333333,29.735157746528966,29.56965608465608
2013-05-01,FLAVORED MIST,0.9796072227224861,0.979607222722486,14.993764499999997,14.9937645,14.688000000000004,14.688000000000004
2013-05-01,GREEN SMOKE,16.46123905013193,17.136000000000003,2.803693931398417,2.25,46.15227602815354,38.556000000000004
2013-05-01,IMPERIAL,0.7347054170418644,0.7347054170418645,19.991686,19.991686,14.688000000000004,14.688000000000006
2013-05-01,KRAVE,9.690000000000001,9.690000000000001,4,4,38.760000000000005,38.760000000000005
2013-05-01,LOGIC,2.8788547964233717,9.485893416927901,7.202912661777876,5.204545454545455,20.736139664577873,49.36976346537476
2013-05-01,MISTIC,9.121108858234999,10.626133333333334,3.518364633538308,3.611111111111111,32.091386825467,38.37214814814815
2013-05-01,NEO,2.479594464313482,6.07104,7.170502254703779,4.9,17.77993769711083,29.748096000000004
2013-05-01,NICOTEK,7.465571166619601,6.05792338275021,5.753335933800634,6.2919168823529414,42.951938859258476,38.11595040392668
2013-05-01,NJOY,23.484580939413735,13.522694736842105,2.2702734716057225,4.413333333333333,53.3164210985284,59.68015943859649
2013-05-01,QUIK E-CIG,2.937600000000001,2.9376000000000007,5,5,14.688000000000006,14.688000000000002
2013-06-01,21ST CENTURY SMOKE,10.80802021522537,10.074074074074076,2.7001528026553707,3,29.183306075296688,30.22222222222223
2013-06-01,BLU,13.965066458639521,14.998857142857144,3.717650557492641,3.8571428571428568,51.917237105382995,57.85273469387755
2013-06-01,CIG2O,14.067840000000002,13.98857142857143,2.888,2.5714285714285716,40.627921920000006,35.970612244897964
2013-06-01,E SWISHER,6.402461538461537,8.058,2.8461538461538463,2.75,18.222390532544377,22.1595
2013-06-01,FINITI,9.589675704545932,10.715638752052547,3.1208495606507274,3.2327586206896552,29.927935209315127,34.64107355189401
2013-06-01,FLAVORED MIST,1.523285387306702,5.186404815148323,14.464157265332581,10.895843,22.03303940198719,56.51025260030014
2013-06-01,GREEN SMOKE,16.422428987382727,17.136000000000003,2.811064380459398,2.25,46.16450516705549,38.556000000000004
2013-06-01,IMPERIAL,0.7347054170418645,0.7347054170418645,19.991686,19.991686,14.688000000000006,14.688000000000006
2013-06-01,KRAVE,9.690000000000001,9.690000000000001,4,4,38.760000000000005,38.760000000000005
2013-06-01,LOGIC,3.1014880656950785,9.733166144200629,7.216660451574034,5.754545454545455,22.382386264730524,56.00994699344544
2013-06-01,MISTIC,9.513584383895893,11.10848,3.961366409109394,3.533333333333333,37.68679360859288,39.24996266666667
2013-06-01,NEO,2.6360509090909097,6.07104,7.071590909090909,4.9,18.641073644628104,29.748096000000004
2013-06-01,NICOTEK,7.563664974899935,6.05792338275021,5.68535436622817,6.2919168823529414,43.002115689734424,38.11595040392668
2013-06-01,NJOY,23.77437074560709,14.313744360902255,2.2075054242054586,4.014285714285714,52.482052377999224,57.459459505907624
2013-06-01,QUIK E-CIG,2.937600000000001,2.9376000000000007,5,5,14.688000000000006,14.688000000000002
2013-07-01,21ST CENTURY SMOKE,10.755169536788125,9.671111111111111,2.763920577040803,3.225,29.7264343922911,31.189333333333334
2013-07-01,BLU,13.366359266526253,14.385777777777779,4.007682730321163,3.888888888888889,53.5681271997255,55.9446913580247
2013-07-01,CIG2O,14.723478260869566,13.98857142857143,2.9130434782608696,2.5714285714285716,42.89013232514178,35.970612244897964
2013-07-01,E SWISHER,7.946075675675676,8.975999999999999,2.6216216216216215,2.75,20.831603798392987,24.683999999999997
2013-07-01,FINITI,9.70314304169358,10.703463844797179,3.1426798148259367,2.435185185185185,30.49387177749916,26.064916585015354
2013-07-01,FLAVORED MIST,4.713492534398978,7.289803611361241,11.35651584206542,8.84688225,53.528852638359076,64.49203417533766
2013-07-01,GREEN SMOKE,16.476067239447147,17.136000000000003,2.7803511393350764,2.25,45.8092523209582,38.556000000000004
2013-07-01,IMPERIAL,0.7347054170418644,0.7347054170418644,19.991686,19.991686,14.688000000000004,14.688000000000004
2013-07-01,KRAVE,7.532389874890895,8.2824,2.1606051789351177,2.8,16.27452057344771,23.190720000000002
2013-07-01,LOGIC,3.195896576648481,10.055402298850577,7.226386644343811,5.375,23.09478433819669,54.047787356321855
2013-07-01,MISTIC,10.309658697222735,11.1792,4.517204590130882,3.625,46.57083758977731,40.5246
2013-07-01,NEO,2.7848929323104086,6.07104,6.977493380406002,4.9,19.431572000335336,29.748096000000004
2013-07-01,NICOTEK,6.168843178563511,5.696806190904987,6.6669664565833875,6.61667219047619,41.127470547406176,37.69389909789362
2013-07-01,NJOY,23.890326629172343,15.802245614035089,2.1790749176157,4.788888888888889,52.05881153127588,75.67519844054581
2013-07-01,QUIK E-CIG,2.9376000000000007,2.9376000000000007,5,5,14.688000000000002,14.688000000000002
2013-07-01,V2 CIGS,12.24,12.240000000000002,2.5384615384615383,2.6,31.07076923076923,31.824000000000005
2013-07-01,VUSE,39.19092134831461,42.0512,1.5168539325842696,1.2,59.44690316879182,50.46144
2013-08-01,21ST CENTURY SMOKE,10.743700839755252,10.000808080808081,2.7982935423494997,3.0272727272727273,30.06402868082202,30.27517355371901
2013-08-01,BLU,13.074044890605123,14.385777777777779,4.20100075633402,3.888888888888889,54.92407247377705,55.9446913580247
2013-08-01,CIG2O,15.038677685950418,13.98857142857143,2.9173553719008263,2.5714285714285716,43.87316713339254,35.970612244897964
2013-08-01,E SWISHER,7.922681948424068,8.975999999999999,2.71919770773639,2.75,21.5433385932792,24.683999999999997
2013-08-01,FINITI,9.789337961288377,10.903224958949098,3.1931790641057023,2.4741379310344827,31.25910902944124,26.97608244153785
2013-08-01,FLAVORED MIST,3.7271865793791985,6.02776433363349,12.317295221118668,10.0762587,45.908857442405036,60.73731280832416
2013-08-01,GREEN SMOKE,16.471026360067306,17.136000000000003,2.799214806505889,2.25,46.1059408654492,38.556000000000004
2013-08-01,IMPERIAL,0.7347054170418644,0.7347054170418644,19.991686,19.991686,14.688000000000004,14.688000000000004
2013-08-01,KRAVE,7.370258826688149,7.695333333333335,2.057725869244194,2.6666666666666665,15.165972250701564,20.52088888888889
2013-08-01,LOGIC,3.207443226380522,10.328063660477456,7.231440512993659,5.053846153846154,23.1944348903752,52.19644480718222
2013-08-01,MARKTEN,23.916666666666668,29.749999999999996,1.6,1.6,38.26666666666667,47.599999999999994
2013-08-01,MISTIC,11.171337575503083,11.1792,4.625520850156659,3.625,51.67325487962805,40.5246
2013-08-01,NEO,2.8817475728155344,6.07104,6.91626213592233,4.9,19.93092162315016,29.748096000000004
2013-08-01,NICOTEK,6.4232078578774585,5.696806190904987,6.494833467533014,6.616672190476191,41.71766536426356,37.69389909789363
2013-08-01,NJOY,24.058210158388277,18.062759002770083,2.1767459298367475,4.536842105263158,52.36861104142878,81.94788558098848
2013-08-01,QUIK E-CIG,2.937600000000001,2.937600000000001,5,5,14.688000000000006,14.688000000000006
2013-08-01,V2 CIGS,12.24,12.24,2.895633652822151,2.6,35.44255591054313,31.824
2013-08-01,VUSE,37.51527020785219,42.0512,1.1480369515011548,1.2,43.06891644416472,50.46144
2013-09-01,21ST CENTURY SMOKE,10.726577529494465,10.000808080808081,2.8287982061283206,3.027272727272728,30.343323273330295,30.275173553719014
2013-09-01,BLU,13.107723477989758,14.272,4.198230067271833,4.0588235294117645,55.02923881878153,57.9275294117647
2013-09-01,CIG2O,15.851803278688529,13.872000000000002,2.9344262295081966,2.6,46.515947325987646,36.06720000000001
2013-09-01,E SWISHER,8.620389105058365,8.975999999999999,2.657587548638132,2.75,22.90943875001892,24.683999999999997
2013-09-01,FINITI,9.947891516444347,10.903224958949098,3.199037325935895,2.4741379310344827,31.823676275466497,26.97608244153785
2013-09-01,FLAVORED MIST,4.208284385792347,6.588670679290268,11.848648702908973,9.529869166666666,49.86248332919058,62.789169555889046
2013-09-01,GREEN SMOKE,16.436489045936398,17.136000000000006,2.8325088339222613,2.25,46.55650042128133,38.55600000000001
2013-09-01,IMPERIAL,0.7347054170418645,0.7347054170418644,19.991686000000005,19.991686,14.688000000000008,14.688000000000004
2013-09-01,KRAVE,7.267240821406349,7.695333333333335,2.04542626011201,2.6666666666666665,14.864605214662522,20.52088888888889
2013-09-01,LOGIC,3.2981881870149943,10.055402298850577,7.233394107868887,5.375,23.857094998597027,54.047787356321855
2013-09-01,MARKTEN,27.72096774193548,29.75,1.6,1.6,44.353548387096765,47.6
2013-09-01,MISTIC,11.379621963884889,11.1792,4.691017007828291,3.625,53.38200017524039,40.5246
2013-09-01,NEO,2.982002216475804,6.07104,6.852881418544515,4.9,20.435307579345594,29.748096000000004
2013-09-01,NICOTEK,8.144686324837314,5.696806190904987,5.2872386729328635,6.616672190476191,43.06290051558729,37.69389909789363
2013-09-01,NJOY,24.220670356864908,17.28202105263158,2.1535507227366932,4.81,52.160442152193625,83.1265212631579
2013-09-01,QUIK E-CIG,2.937600000000001,2.9376000000000007,5,5,14.688000000000006,14.688000000000002
2013-09-01,V2 CIGS,12.240000000000002,12.240000000000002,3.417244033872209,2.6,41.827066974595844,31.824000000000005
2013-09-01,VUSE,36.858043109079034,42.0512,1.1020030481166994,1.2,40.6176758538218,50.46144
2013-10-01,21ST CENTURY SMOKE,10.75173949308807,10.000808080808081,2.8271772857190522,3.0272727272727273,30.39707367682707,30.27517355371901
2013-10-01,BLU,13.19098673685975,14.272,4.15728430690748,4.0588235294117645,54.83868215377174,57.9275294117647
2013-10-01,CIG2O,14.42926829268293,13.98857142857143,2.951219512195122,2.5714285714285716,42.58393813206426,35.970612244897964
2013-10-01,E SWISHER,8.887069219440354,9.558857142857141,2.5375552282768776,2.7142857142857144,22.551428961849382,25.945469387755097
2013-10-01,FINITI,10.107146894278417,10.902450793650795,3.3226104764979225,2.45,33.582112158432906,26.71100444444445
2013-10-01,FLAVORED MIST,3.423083044856247,7.289803611361242,12.613528254671628,8.84688225,43.17715470438166,64.49203417533766
2013-10-01,GREEN SMOKE,16.44653677932406,17.136000000000003,2.8429423459244534,2.25,46.756555853744345,38.556000000000004
2013-10-01,IMPERIAL,0.7347054170418644,0.7347054170418644,19.991686,19.991686,14.688000000000004,14.688000000000004
2013-10-01,KRAVE,7.254944607667506,7.695333333333335,2.037262629881763,2.6666666666666665,14.780227531063217,20.52088888888889
2013-10-01,LOGIC,4.576702115372156,10.055402298850577,7.15463077473498,5.375,32.744613801436316,54.047787356321855
2013-10-01,MARKTEN,27.07180974477958,29.75,1.5999999999999999,1.6,43.31489559164732,47.6
2013-10-01,MISTIC,11.47189943966079,11.1792,4.740504806487505,3.625,54.38259443325329,40.5246
2013-10-01,NEO,2.877801526717558,6.07104,6.9187568157033805,4.9,19.910808927218696,29.748096000000004
2013-10-01,NICOTEK,8.369877391536718,5.696806190904987,5.1298907742120905,6.616672190476191,42.93655681213057,37.69389909789363
2013-10-01,NJOY,24.55756550701257,17.525916897506928,2.3892914268046477,4.273684210526316,58.67518072909866,74.90023431987171
2013-10-01,QUIK E-CIG,2.937600000000001,2.9376000000000007,5,5,14.688000000000006,14.688000000000002
2013-10-01,V2 CIGS,12.24,12.240000000000002,3.5836680053547525,2.6,43.86409638554217,31.824000000000005
2013-10-01,VUSE,37.92201867694116,42.0512,1.0554104355776137,1.2,40.02329424981287,50.46144
2013-11-01,21ST CENTURY SMOKE,10.755129836467319,10.000808080808083,2.837129753994062,3.0272727272727273,30.51369886711072,30.275173553719014
2013-11-01,BLU,13.229933208072069,14.272,4.136347861937755,4.0588235294117645,54.723605938788204,57.9275294117647
2013-11-01,CIG2O,15.306181818181823,13.98857142857143,2.9272727272727272,2.5714285714285716,44.80536859504134,35.970612244897964
2013-11-01,E SWISHER,8.916794952681387,8.975999999999999,2.470031545741325,2.75,22.024764820030054,24.683999999999997
2013-11-01,FINITI,10.8081940147445,10.902450793650795,3.2626135040864552,2.45,35.2629597472918,26.71100444444445
2013-11-01,FLAVORED MIST,3.599110781979305,4.134705417041863,12.442056289904011,11.920323374999999,44.78033894298695,49.287025631503234
2013-11-01,GREEN SMART LIVING,12.24,12.24,5,5,61.2,61.2
2013-11-01,GREEN SMOKE,16.423786580436545,17.136000000000003,2.8647264888170305,2.25,47.049656463654244,38.556000000000004
2013-11-01,IMPERIAL,0.7347054170418644,0.7347054170418644,19.991686,19.991686,14.688000000000004,14.688000000000004
2013-11-01,KRAVE,7.309207116945934,7.695333333333335,2.0635688374503367,2.6666666666666665,15.083052032999847,20.52088888888889
2013-11-01,LOGIC,6.886760611991881,10.328063660477456,7.111430569621115,5.053846153846154,48.97471994178168,52.19644480718222
2013-11-01,MARKTEN,26.89156729131175,29.75,1.6,1.6,43.0265076660988,47.6
2013-11-01,MISTIC,11.613736181706205,11.1792,4.7662076027514155,3.625,55.35347768559731,40.5246
2013-11-01,NEO,2.816536661466459,6.07104,6.957488299531981,4.9,19.596020867355758,29.748096000000004
2013-11-01,NICOTEK,8.593800191951258,5.696806190904987,4.978940086714596,6.616672190476191,42.78801627292171,37.69389909789363
2013-11-01,NJOY,26.18245453588974,16.77202105263158,3.5537107778470203,4.56,93.04487087468097,76.48041599999999
2013-11-01,QUIK E-CIG,2.9376000000000007,2.9376000000000007,5,5,14.688000000000002,14.688000000000002
2013-11-01,V2 CIGS,12.239999999999998,12.240000000000002,3.6537530266343827,2.6,44.72193704600484,31.824000000000005
2013-11-01,VUSE,35.205641226762886,42.0512,1.0716134598792062,1.2,37.726839002277394,50.46144
2013-12-01,21ST CENTURY SMOKE,10.55960479676435,8.980317460317462,2.923977478788422,3.535714285714286,30.876046610645155,31.751836734693885
2013-12-01,BLU,13.248247975667194,14.487578947368421,4.1147478016213865,3.9473684210526314,54.51319923321157,57.187811634349025
2013-12-01,CIG2O,15.174246575342469,13.98857142857143,2.863013698630137,2.5714285714285716,43.44407581159693,35.970612244897964
2013-12-01,E SWISHER,9.209446033810144,8.975999999999999,2.505851755526658,2.75,23.077506511251165,24.683999999999997
2013-12-01,FINITI,11.216532196222532,11.077210445468511,3.459915957819336,2.532258064516129,38.8082587371047,28.05035548287994
2013-12-01,FLAVORED MIST,2.5150805234227454,5.186404815148323,13.498030770631967,10.895843,33.94863429577737,56.51025260030014
2013-12-01,GREEN SMART LIVING,12.24,12.24,4.777777777777778,4,58.48,48.96
2013-12-01,GREEN SMOKE,16.364784503631967,17.136000000000003,2.949959644874899,2.25,48.275453882788405,38.556000000000004
2013-12-01,IMPERIAL,0.7347054170418644,0.7347054170418644,19.991686,19.991686,14.688000000000004,14.688000000000004
2013-12-01,KRAVE,7.3096899967202384,7.695333333333335,2.0561495572318793,2.6666666666666665,15.029815850258615,20.52088888888889
2013-12-01,LOGIC,7.915225092649115,10.055402298850577,7.111947689088299,5.375,56.29266680627959,54.047787356321855
2013-12-01,MARKTEN,28.456521739130434,29.75,1.6,1.6,45.530434782608694,47.6
2013-12-01,MISTIC,11.768922477574261,11.1792,4.7675706630328465,3.625,56.10916953959089,40.5246
2013-12-01,NEO,2.43384971098266,6.07104,7.199421965317919,4.9,17.52231106953123,29.748096000000004
2013-12-01,NICOTEK,8.968893978654291,5.696806190904987,4.72656673506972,6.61667219047619,42.39207592987448,37.69389909789362
2013-12-01,NJOY,26.35186621616291,16.712382775119618,3.858357326602071,4.6,101.67491608476976,76.87696076555024
2013-12-01,QUIK E-CIG,2.9376000000000007,2.9376000000000007,5,5,14.688000000000002,14.688000000000002
2013-12-01,V2 CIGS,12.240000000000002,12.240000000000002,3.7800114876507753,2.6,46.2673406088455,31.824000000000005
2013-12-01,VUSE,34.76543845534996,42.0512,1.0720978656949505,1.2,37.27195236792985,50.46144
2014-01-01,21ST CENTURY SMOKE,10.189227245785155,8.834188034188035,3.039920665817911,3.3923076923076927,30.974442473177206,29.968284023668645
2014-01-01,AL CAPONE,12.240000000000002,12.240000000000002,1,1,12.240000000000002,12.240000000000002
2014-01-01,BLU,13.211304496614908,13.74688,4.127658953372181,5.1,54.53175929117867,70.109088
2014-01-01,CIG2O,14.04616600790514,13.98857142857143,2.9367588932806323,2.5714285714285716,41.25020294021154,35.970612244897964
2014-01-01,E SWISHER,8.910273556231001,8.975999999999999,2.5866261398176293,2.75,23.047546493472893,24.683999999999997
2014-01-01,FINITI,11.350599369666549,10.228926984126986,3.533049617927742,2.858333333333333,40.10223076625127,29.237682962962964
2014-01-01,FLAVORED MIST,4.196829077382614,5.712254514201552,11.859807536579957,10.3836028125,49.773585121680235,59.313782039379056
2014-01-01,GREEN SMART LIVING,12.662068965517243,13.98857142857143,4.879310344827586,4.5,61.78216409036862,62.948571428571434
2014-01-01,GREEN SMOKE,16.349602523659314,16.972800000000003,2.9550473186119874,2.4,48.31384909791124,40.73472
2014-01-01,KRAVE,7.4085640686922085,8.126000000000001,2.055041831792162,2.6666666666666665,15.224909074674828,21.669333333333334
2014-01-01,LOGIC,8.417558601124263,10.055402298850577,7.109778787618966,5.375,59.84697958581286,54.047787356321855
2014-01-01,MARKTEN,28.727006732263074,31.2375,1.6000000000000003,1.6,45.96321077162093,49.980000000000004
2014-01-01,MISTIC,11.445237887435056,11.025066666666666,4.736835559093397,3.5555555555555554,54.21420980748536,39.200237037037034
2014-01-01,NEO,2.2835098814229253,5.3856,7.294466403162056,5.333333333333333,16.6569861113281,28.7232
2014-01-01,NICOTEK,9.201488465755808,5.696806190904987,4.55645282826489,6.61667219047619,41.926148144039814,37.69389909789362
2014-01-01,NJOY,25.09913625374316,16.712382775119618,3.957147277389986,4.6,99.32097869134004,76.87696076555024
2014-01-01,QUIK E-CIG,2.9376000000000007,2.9376000000000007,5,5,14.688000000000002,14.688000000000002
2014-01-01,V2 CIGS,12.240000000000002,12.240000000000002,3.869718309859155,2.3333333333333335,47.365352112676064,28.560000000000006
2014-01-01,VAPOR X,18.265846153846155,35.496,2,2,36.53169230769231,70.992
2014-01-01,VUSE,34.779673518645154,42.0512,1.0516714268474194,1.2,36.57678887464096,50.46144
2014-02-01,21ST CENTURY SMOKE,10.339075931194966,9.239365079365081,3.0137273193712386,3.2142857142857144,31.159155590895896,29.697959183673476
2014-02-01,AL CAPONE,12.24,12.24,1,1,12.24,12.24
2014-02-01,BLU,13.214240229704693,13.611452631578949,4.1333284931718595,5.105263157894737,54.61879565705626,69.49004764542937
2014-02-01,CIG2O,13.981463414634147,13.98857142857143,2.926829268292683,2.5714285714285716,40.921356335514574,35.970612244897964
2014-02-01,E SWISHER,8.837208211143695,8.975999999999999,2.6099706744868034,2.75,23.064854275419027,24.683999999999997
2014-02-01,FINITI,11.542479552053006,10.206476190476192,3.6750804447822807,2.4741379310344827,42.41954088604934,25.252229885057474
2014-02-01,FLAVORED MIST,4.521640032922075,6.02776433363349,11.543403010596299,10.0762587,52.19511316886543,60.73731280832416
2014-02-01,GREEN SMART LIVING,12.240000000000002,12.24,4.916666666666667,4,60.180000000000014,48.96
2014-02-01,GREEN SMOKE,16.350051678051685,16.972800000000003,2.9602019602019602,2.4,48.399455026771946,40.73472
2014-02-01,IMPERIAL,0.7347054170418644,0.7347054170418644,19.991686,19.991686,14.688000000000004,14.688000000000004
2014-02-01,KRAVE,7.418447764449294,8.126000000000001,2.0634678298800435,2.6666666666666665,15.307728309586643,21.669333333333334
2014-02-01,LOGIC,8.975461200699892,9.733166144200629,7.115838552933672,5.754545454545455,63.86793284230064,56.00994699344544
2014-02-01,MARKTEN,31.984502551020405,31.237499999999997,1.6000000000000003,1.6,51.17520408163266,49.98
2014-02-01,MISTIC,11.676249424571662,11.025066666666667,4.7532724207168195,3.5555555555555554,55.500394367227116,39.200237037037034
2014-02-01,NEO,2.287523241954709,5.3856,7.291929167376128,5.333333333333333,16.68045744906034,28.7232
2014-02-01,NICOTEK,9.293782435674952,5.696806190904987,4.480676384786061,6.61667219047619,41.64243148486823,37.69389909789362
2014-02-01,NJOY,24.37439105631398,16.248746411483253,4.096394864008494,4.372727272727273,99.84713033641916,71.05133658112223
2014-02-01,QUIK E-CIG,2.937600000000001,2.937600000000001,5,5,14.688000000000006,14.688000000000006
2014-02-01,V2 CIGS,12.24,12.240000000000002,3.962962962962963,2.3333333333333335,48.50666666666667,28.560000000000006
2014-02-01,VAPOR X,20.28342857142857,35.496,2,2,40.56685714285714,70.992
2014-02-01,VUSE,34.21249802607571,48.221714285714285,1.0366088312377666,1,35.46497759253474,48.221714285714285
2014-03-01,21ST CENTURY SMOKE,10.357178596070895,9.23936507936508,2.9987364384071933,3.2142857142857144,31.05844885512885,29.69795918367347
2014-03-01,AL CAPONE,12.24,12.24,1,1,12.24,12.24
2014-03-01,BLU,13.228282880035865,13.611452631578949,4.104451384809673,5.105263157894737,54.2948439856173,69.49004764542937
2014-03-01,CIG2O,14.198400000000001,14.280000000000001,2.949090909090909,2.6666666666666665,41.872372363636366,38.08
2014-03-01,E SWISHER,8.90647533632287,8.975999999999999,2.623318385650224,2.75,23.364520501116047,24.683999999999997
2014-03-01,FINITI,10.599395110158783,10.206476190476192,3.5803099054027414,2.4741379310344827,37.94911930417887,25.252229885057474
2014-03-01,FLAVORED MIST,0.979607222722486,0.979607222722486,14.9937645,14.9937645,14.688000000000004,14.688000000000004
2014-03-01,GREEN SMART LIVING,12.24,12.240000000000002,5,5,61.2,61.20000000000001
2014-03-01,GREEN SMOKE,16.339557922769647,17.04533333333334,2.9773635153129163,2.3333333333333335,48.64880361559645,39.77244444444446
2014-03-01,IMPERIAL,0.7347054170418644,0.7347054170418645,19.991686,19.991686,14.688000000000004,14.688000000000006
2014-03-01,KRAVE,7.4139653902798255,8.126000000000001,2.059646539027982,2.6666666666666665,15.270148156563085,21.669333333333334
2014-03-01,LOGIC,9.205603168196017,9.733166144200629,7.13381009425346,5.754545454545455,65.67102480496838,56.00994699344544
2014-03-01,MARKTEN,33.14228325011347,31.2375,1.6,1.6,53.02765320018156,49.980000000000004
2014-03-01,MISTIC,11.893412831100816,10.800872727272727,4.6963707025765284,3.8181818181818183,55.85587557362964,41.239695867768596
2014-03-01,NEO,2.2975868041237124,5.3856,7.285567010309278,5.333333333333333,16.739222623445645,28.7232
2014-03-01,NICOTEK,8.813616696000835,5.696806190904987,4.833024850991813,6.616672190476191,42.596428518888395,37.69389909789363
2014-03-01,NJOY,24.52556579123825,17.252816842105265,4.130975900542764,4.848,101.31452123078124,83.64165605052632
2014-03-01,QUIK E-CIG,2.9376000000000007,2.9376000000000007,5,5,14.688000000000002,14.688000000000002
2014-03-01,V2 CIGS,12.245585397653196,12.852,3.8292046936114734,2,46.89085308071374,25.704
2014-03-01,VAPOR X,22.365818181818184,35.496,2,2,44.73163636363637,70.992
2014-03-01,VUSE,34.127534652480854,48.221714285714285,1.0329372576315003,1,35.25160205365757,48.221714285714285
2014-04-01,21ST CENTURY SMOKE,10.137028882887341,9.239365079365081,3.078268079662649,3.2142857142857144,31.204492432810422,29.697959183673476
2014-04-01,AL CAPONE,12.239999999999998,12.239999999999998,1,1,12.239999999999998,12.239999999999998
2014-04-01,BLU,13.305369163266654,13.611452631578949,4.050986309597931,5.105263157894737,53.899868324539696,69.49004764542937
2014-04-01,CIG2O,14.799272727272728,13.872000000000002,2.981818181818182,2.8,44.128740495867774,38.8416
2014-04-01,E SWISHER,9.573217391304347,8.975999999999999,2.4347826086956523,2.75,23.308703213610585,24.683999999999997
2014-04-01,FINITI,10.708383165706474,10.206476190476192,3.779579107788023,2.4741379310344827,40.47318129129316,25.252229885057474
2014-04-01,FLAVORED MIST,1.2961241771229821,4.134705417041864,14.685439318182928,11.920323374999999,19.034152951969336,49.28702563150325
2014-04-01,GREEN SMART LIVING,12.24,12.24,4.857142857142857,4,59.451428571428565,48.96
2014-04-01,GREEN SMOKE,16.33229709364909,17.04533333333334,2.9779332615715823,2.3333333333333335,48.63649075304651,39.77244444444446
2014-04-01,IMPERIAL,0.7347054170418644,0.7347054170418644,19.991686,19.991686,14.688000000000004,14.688000000000004
2014-04-01,KRAVE,7.409788163961349,8.126000000000001,2.0560853912713952,2.6666666666666665,15.235157196336624,21.669333333333334
2014-04-01,LOGIC,9.43675895087235,9.733166144200627,7.144001865197901,5.754545454545455,67.41622354645506,56.00994699344543
2014-04-01,MARKTEN,33.67234636871509,29.75,1.6000000000000005,1.6,53.87575418994416,47.6
2014-04-01,MISTIC,11.728326535524879,11.822933333333333,4.654218226953022,4.962962962962964,54.58619113329668,58.67678024691359
2014-04-01,NEO,2.220032485110991,5.385600000000001,7.334596643205198,5.333333333333333,16.28304281310157,28.723200000000006
2014-04-01,NICOTEK,8.979806259705585,5.168381771302331,4.758329089240445,7.039068541666667,42.72887334130052,36.380593537697685
2014-04-01,NJOY,25.26828989404773,15.432746411483254,4.116480264610764,4.6,104.01641666931108,70.99063349282297
2014-04-01,QUIK E-CIG,2.937600000000001,2.937600000000001,5,5,14.688000000000006,14.688000000000006
2014-04-01,V2 CIGS,12.687387978142077,12.852000000000002,3.355798421372192,2,42.576316548385705,25.704000000000004
2014-04-01,VAPOR X,26.50226086956522,35.496,2,2,53.00452173913044,70.992
2014-04-01,VUSE,33.914885927606086,48.221714285714285,1.0239895410011657,1,34.72848847411625,48.221714285714285
2014-05-01,21ST CENTURY SMOKE,10.597214004879547,9.485128205128206,2.932759840389871,3.0461538461538464,31.079083653527846,28.893159763313612
2014-05-01,AL CAPONE,12.24,12.24,1,1,12.24,12.24
2014-05-01,BLU,13.321719986344899,13.440880000000002,4.007048134240172,5.1,53.38077321615334,68.548488
2014-05-01,CIG2O,15.384220183486244,13.872,2.963302752293578,2.8,45.588102011615206,38.8416
2014-05-01,E SWISHER,9.253303621169916,8.975999999999999,2.4958217270194987,2.75,23.09459622442408,24.683999999999997
2014-05-01,FINITI,11.106519419481723,10.047593650793651,3.8953248501931963,2.558333333333333,43.26350109386047,25.705093756613756
2014-05-01,FLAVORED MIST,1.1200648810591414,2.7825204766192733,14.85694202511465,13.237512428571428,16.6407390022626,36.83364939200212
2014-05-01,GREEN SMART LIVING,12.24,12.240000000000002,5,5,61.2,61.20000000000001
2014-05-01,GREEN SMOKE,16.330936963350787,16.972800000000003,2.9836649214659685,2.4,48.726043752221706,40.73472
2014-05-01,IMPERIAL,0.7347054170418644,0.7347054170418644,19.991686,19.991686,14.688000000000004,14.688000000000004
2014-05-01,KRAVE,7.419904603068715,8.126000000000001,2.064709806537692,2.6666666666666665,15.319949797530136,21.669333333333334
2014-05-01,LOGIC,9.390771433201488,10.055402298850577,7.144488849292311,5.375,67.0922617907608,54.047787356321855
2014-05-01,MARKTEN,30.085349373764007,29.75,1.6,1.6,48.136558998022416,47.6
2014-05-01,MISTIC,11.16630555445224,11.822933333333333,4.708826750341869,4.962962962962964,52.5801982972957,58.67678024691359
2014-05-01,NEO,2.5773479469982012,5.3856,7.108702764600033,5.333333333333333,18.321600476162335,28.7232
2014-05-01,NICOTEK,9.119884008278506,5.020422933813586,4.6761186035998135,7.157339520000001,42.64565927378356,35.93287147129833
2014-05-01,NJOY,25.89097106044789,16.051067669172934,4.183560738547846,4.3428571428571425,108.31645001136827,69.70749387755102
2014-05-01,QUIK E-CIG,2.937600000000001,2.937600000000001,5,5,14.688000000000006,14.688000000000006
2014-05-01,V2 CIGS,12.821680733944953,12.852000000000002,3.1743119266055047,2,40.70001407288949,25.704000000000004
2014-05-01,VAPIN PLUS,6.36744694769616,6.36744694769616,2.3067330000000004,2.306733,14.688000000000008,14.688000000000006
2014-05-01,VAPOR X,13.871999999999998,26.928,2,2,27.743999999999996,53.856
2014-05-01,VUSE,34.01888563168839,48.22171428571429,1.017370796774357,1,34.609820780486544,48.22171428571429
2014-06-01,21ST CENTURY SMOKE,10.680256356081413,9.485128205128206,2.879583897788991,3.0461538461538464,30.754694227230562,28.893159763313612
2014-06-01,AL CAPONE,12.24,12.24,1,1,12.24,12.24
2014-06-01,BLU,13.364693779810878,13.74688,3.944841774904454,5.1,52.721602331403666,70.109088
2014-06-01,CIG2O,15.186666666666671,14.280000000000001,2.9166666666666665,2.6666666666666665,44.29444444444445,38.08
2014-06-01,E SWISHER,9.360570297029703,8.975999999999999,2.615841584158416,2.75,24.485769034408392,24.683999999999997
2014-06-01,FINITI,11.859984707112028,10.410260317460319,3.8535138222844187,2.558333333333333,45.702615000938025,26.632915978835978
2014-06-01,FLAVORED MIST,0.979607222722486,0.979607222722486,14.993764499999997,14.9937645,14.688000000000002,14.688000000000004
2014-06-01,GREEN SMART LIVING,12.240000000000002,12.24,4.878787878787879,4,59.716363636363646,48.96
2014-06-01,GREEN SMOKE,16.326476190476193,17.04533333333334,2.9935515873015874,2.3333333333333335,48.87414871504158,39.77244444444446
2014-06-01,KRAVE,7.408409064039411,8.126000000000001,2.054909688013136,2.6666666666666665,15.223611558458916,21.669333333333334
2014-06-01,LOGIC,9.367639753495792,9.733166144200629,7.130048627449688,5.754545454545455,66.7917269668558,56.00994699344544
2014-06-01,MARKTEN,24.34483387788009,28.758333333333333,1.2257478677812195,1.4666666666666668,29.840628217299518,42.17888888888889
2014-06-01,MISTIC,10.515895292180517,11.822933333333333,4.806254690457789,4.962962962962964,50.542071072405584,58.67678024691359
2014-06-01,NEO,2.6372893136403133,5.3856,7.070807993049522,5.333333333333333,18.647766358872016,28.7232
2014-06-01,NICOTEK,9.333299008563644,5.0204229338135855,4.50955950057529,7.157339520000001,42.089067215778115,35.93287147129833
2014-06-01,NJOY,26.692155473285208,16.051067669172934,4.279037260220716,4.3428571428571425,114.21672782579172,69.70749387755102
2014-06-01,QUIK E-CIG,2.9376000000000007,2.9376000000000007,5,5,14.688000000000002,14.688000000000002
2014-06-01,V2 CIGS,12.792392809229943,12.852000000000002,3.1947947410786157,2,40.86906927273972,25.704000000000004
2014-06-01,VAPIN PLUS,6.367446947696159,6.367446947696159,2.306733,2.306733,14.688000000000004,14.688000000000004
2014-06-01,VAPOR X,22.24486956521739,35.496,2,2,44.48973913043478,70.992
2014-06-01,VUSE,34.13613064361192,44.75911111111111,0.9687533354680329,0.8888888888888888,33.069490420971576,39.785876543209874
2014-07-01,21ST CENTURY SMOKE,10.72284787084215,9.485128205128206,2.87715129423707,3.0461538461538464,30.851255629500702,28.893159763313612
2014-07-01,AL CAPONE,12.24,12.24,1,1,12.24,12.24
2014-07-01,BLU,13.401657616986538,13.869409523809525,3.898282799212221,4.904761904761905,52.243451369230065,68.02615147392291
2014-07-01,CIG2O,15.33777777777778,14.280000000000001,2.9444444444444446,2.6666666666666665,45.161234567901246,38.08
2014-07-01,E SWISHER,9.37125,8.975999999999999,2.6125,2.75,24.482390624999997,24.683999999999997
2014-07-01,FINITI,11.47761470791573,10.42541321044547,3.8360945863709186,2.9274193548387095,44.029215645486765,30.519556414449237
2014-07-01,FLAVORED MIST,0.979607222722486,0.979607222722486,14.9937645,14.9937645,14.688000000000004,14.688000000000004
2014-07-01,GREEN SMART LIVING,12.24,12.24,4.714285714285714,4,57.70285714285715,48.96
2014-07-01,GREEN SMOKE,16.320832440703906,16.728000000000005,2.9928589645498596,2.5,48.84594967907685,41.820000000000014
2014-07-01,IMPERIAL,0.7347054170418644,0.7347054170418644,19.991686,19.991686,14.688000000000004,14.688000000000004
2014-07-01,KRAVE,7.378733785091967,8.126000000000001,2.029611069984625,2.6666666666666665,14.975959772692208,21.669333333333334
2014-07-01,LOGIC,9.624539534352817,10.055402298850577,7.122416554775572,5.375,68.54997971156646,54.047787356321855
2014-07-01,MARKTEN,23.925255432436323,28.758333333333333,1.2863515819336802,1.4666666666666668,30.77629017368184,42.17888888888889
2014-07-01,MISTIC,10.57576662208785,11.983542857142858,5.010852426770187,5.142857142857143,52.99360584324405,61.62964897959184
2014-07-01,NEO,2.2456623981373696,5.3856,7.3183934807916184,5.333333333333333,16.4346410545874,28.7232
2014-07-01,NICOTEK,9.36786306037765,5.5046518565040214,4.483492297457687,6.770270863636364,42.00074187484159,37.267984078550995
2014-07-01,NJOY,27.11239614253061,17.176019138755983,4.299400903426382,4.372727272727273,116.56706046925007,75.10604732492389
2014-07-01,QUIK E-CIG,2.9376000000000007,2.937600000000001,5,5,14.688000000000002,14.688000000000006
2014-07-01,V2 CIGS,12.846523139861926,12.852000000000002,3.1631296343646125,2,40.635218042247985,25.704000000000004
2014-07-01,VAPIN PLUS,6.367446947696159,6.367446947696159,2.3067330000000004,2.306733,14.688000000000006,14.688000000000004
2014-07-01,VAPOR X,21.25894736842105,26.928,2,2,42.5178947368421,53.856
2014-07-01,VUSE,33.2420874835842,44.75911111111111,0.939296898676634,0.8888888888888888,31.224189678867994,39.785876543209874
2014-08-01,21ST CENTURY SMOKE,10.704944054265287,9.485128205128206,2.908545916295289,3.0461538461538464,31.135821313202836,28.893159763313612
2014-08-01,AL CAPONE,12.24,12.24,1,1,12.24,12.24
2014-08-01,BLU,13.507353919949113,13.869409523809525,3.8010086684473063,4.904761904761905,51.34156933751228,68.02615147392291
2014-08-01,CIG2O,14.816301886792456,13.872,2.761006289308176,2.2222222222222223,40.90790269372257,30.826666666666668
2014-08-01,E SWISHER,9.84096,8.975999999999999,2.44,2.75,24.011942400000002,24.683999999999997
2014-08-01,FINITI,11.974645513401784,10.76231836734694,4.0444632439653985,3.141428571428571,48.431013638468684,33.80905441399417
2014-08-01,FLAVORED MIST,0.979607222722486,0.979607222722486,14.9937645,14.9937645,14.688000000000004,14.688000000000004
2014-08-01,GREEN SMART LIVING,12.240000000000002,12.24,4.708333333333333,4,57.63,48.96
2014-08-01,GREEN SMOKE,16.323305651205192,17.04533333333334,2.9943285395989467,2.3333333333333335,48.87733997200048,39.77244444444446
2014-08-01,KRAVE,7.237455130868302,7.624500000000001,2.475695886996261,3.5,17.91773789981064,26.685750000000006
2014-08-01,LOGIC,9.981894616491003,9.733166144200629,7.083077238006663,5.754545454545455,70.70253055024867,56.00994699344544
2014-08-01,MARKTEN,23.84974502185527,28.758333333333333,1.3973496149309654,1.4666666666666668,33.32643202249117,42.17888888888889
2014-08-01,MISTIC,11.714939520502687,11.778537931034483,6.244271216447032,5.793103448275862,73.15125965029273,68.23428870392391
2014-08-01,NEO,2.0475146262188524,5.3856,7.443661971830986,5.333333333333333,15.241006759953008,28.7232
2014-08-01,NICOTEK,9.159343738296602,5.168381771302331,4.650335992662516,7.0390685416666665,42.59402585536873,36.38059353769768
2014-08-01,NJOY,24.21384340424774,15.751083955877396,5.085836448274951,5.124407763157895,123.14764733814518,80.71497690164989
2014-08-01,QUIK E-CIG,2.937600000000001,2.937600000000001,5,5,14.688000000000006,14.688000000000006
2014-08-01,V2 CIGS,12.866422523461939,12.852000000000002,3.24400417101147,2,41.738728332106454,25.704000000000004
2014-08-01,VAPIN PLUS,6.367446947696159,6.367446947696159,2.306733,2.306733,14.688000000000004,14.688000000000004
2014-08-01,VAPOR X,29.784000000000002,35.496,2,2,59.568000000000005,70.992
2014-08-01,VUSE,32.960668915261294,44.75911111111111,0.9448469706433479,0.8888888888888888,31.142788174963,39.785876543209874
2014-09-01,21ST CENTURY SMOKE,10.741859593280285,9.066666666666666,2.912002122015915,3.225,31.280317930029202,29.24
2014-09-01,AL CAPONE,12.239999999999998,12.239999999999998,1,1,12.239999999999998,12.239999999999998
2014-09-01,BLU,13.619600264702374,13.980800000000002,3.7177469922650497,5.2272727272727275,50.634227919949524,73.08145454545456
2014-09-01,CIG2O,15.280000000000001,14.688,2.8823529411764706,2.6,44.042352941176475,38.1888
2014-09-01,E SWISHER,10.08342857142857,9.558857142857141,2.142857142857143,2.7142857142857144,21.607346938775507,25.945469387755097
2014-09-01,FINITI,12.73000454542818,10.765587301587303,4.191409337966158,3.1930555555555555,53.356659924059315,34.37511834215168
2014-09-01,FLAVORED MIST,0.979607222722486,0.979607222722486,14.9937645,14.9937645,14.688000000000004,14.688000000000004
2014-09-01,GREEN SMART LIVING,12.24,12.24,4.7725118483412325,4,58.41554502369669,48.96
2014-09-01,GREEN SMOKE,16.32183010933558,16.786285714285718,2.9977572189515,2.5714285714285716,48.928884036760685,43.16473469387756
2014-09-01,KRAVE,6.965762039660058,7.624500000000001,3.306318512132036,3.5,23.031027982834658,26.685750000000006
2014-09-01,LOGIC,10.420273124975369,9.733166144200629,7.073675554839443,5.754545454545455,73.70963127888868,56.00994699344544
2014-09-01,MARKTEN,23.82011945235689,28.758333333333333,1.403951116420105,1.4666666666666668,33.44228329839672,42.17888888888889
2014-09-01,MISTIC,13.416828825049816,12.27497142857143,7.781795993230892,5.642857142857143,104.40702479263739,69.26591020408165
2014-09-01,NEO,1.9991595639246784,4.0147200000000005,7.474231912784935,6.2,14.942182211435046,24.891264000000003
2014-09-01,NICOTEK,8.959116515854285,5.32920659465966,4.769377201137891,6.910513130434783,42.72940605305336,36.82755214719522
2014-09-01,NJOY,19.704545949404864,15.277215670189872,6.118710231112385,5.46290527027027,120.56640690004765,83.45798199973581
2014-09-01,QUIK E-CIG,2.9376000000000007,2.9376000000000007,5,5,14.688000000000002,14.688000000000002
2014-09-01,V2 CIGS,12.865551539832019,12.852,3.3364723848307456,2,42.92555742826621,25.704
2014-09-01,VAPIN PLUS,6.36744694769616,6.36744694769616,2.306733,2.306733,14.688000000000006,14.688000000000006
2014-09-01,VAPOR X,26.56533333333334,26.928,2,2,53.13066666666668,53.856
2014-09-01,VUSE,32.77984993816133,44.75911111111112,0.9162887636846686,0.8888888888888888,30.035808173606803,39.78587654320988
2014-10-01,21ST CENTURY SMOKE,10.733227495355514,9.066666666666666,2.910192535044756,3.225,31.23575853392074,29.24
2014-10-01,AL CAPONE,12.24,12.24,1,1,12.24,12.24
2014-10-01,BLU,13.675704248609964,14.506666666666668,3.6688020557644196,5.238095238095238,50.17345186132644,75.98730158730159
2014-10-01,CIG2O,14.568808988764046,13.7088,2.9213483146067416,2,42.56056558515339,27.4176
2014-10-01,E SWISHER,9.641353846153844,9.111999999999998,2.292307692307692,2.6666666666666665,22.100949585798812,24.298666666666662
2014-10-01,FINITI,12.09232888255148,10.710508843537417,3.8105333492549054,2.8271428571428574,46.07822247712072,30.280138573372213
2014-10-01,GREEN SMART LIVING,12.240000000000002,12.24,4.25,3.5,52.02000000000001,42.84
2014-10-01,GREEN SMOKE,16.324816527299564,17.04533333333334,2.9960649286768324,2.3333333333333335,48.91021026452614,39.77244444444446
2014-10-01,KRAVE,6.876463519313306,7.624500000000001,3.627467811158798,3.5,24.944150070916766,26.685750000000006
2014-10-01,LOGIC,10.698006551973588,9.733166144200627,7.091360736668068,5.754545454545455,75.86342362328324,56.00994699344543
2014-10-01,MARKTEN,23.820473035984183,28.758333333333333,1.4569636942470336,1.4666666666666668,34.70556439321937,42.17888888888889
2014-10-01,MISTIC,13.55802358722746,11.808309677419356,7.772538796854511,5.612903225806453,105.380264340394,66.27889947970866
2014-10-01,NEO,2.0481396508728182,5.3856,7.443266832917706,5.333333333333333,15.244849932525298,28.7232
2014-10-01,NICOTEK,9.558758707389599,5.16838177130233,4.33891265911025,7.0390685416666665,41.474619160873054,36.38059353769767
2014-10-01,NJOY,18.44331862669522,15.160557640087923,6.222410431735929,5.045460394736842,114.7618982185779,76.49199313518865
2014-10-01,QUIK E-CIG,2.937600000000001,2.9376000000000007,5,5,14.688000000000006,14.688000000000002
2014-10-01,V2 CIGS,12.89256785206259,12.852,3.2304409672830725,2,41.64867936277972,25.704
2014-10-01,VAPIN PLUS,6.367446947696159,6.367446947696159,2.306733,2.306733,14.688000000000004,14.688000000000004
2014-10-01,VAPOR X,23.011199999999995,26.928,2,2,46.02239999999999,53.856
2014-10-01,VUSE,32.77829091736854,44.75911111111111,0.919578496092268,0.8888888888888888,30.14221146626861,39.785876543209874
2014-11-01,21ST CENTURY SMOKE,10.771990364348087,9.066666666666666,2.936676829268292,3.225,31.633854508082333,29.24
2014-11-01,AL CAPONE,12.24,12.24,1,1,12.24,12.24
2014-11-01,BLU,13.821755098058349,14.413985185185187,3.595704219828238,4.814814814814815,49.69894313152086,69.4006694101509
2014-11-01,CIG2O,15.123200000000002,13.575272727272727,2.890909090909091,1.9090909090909092,43.71979636363638,25.91642975206612
2014-11-01,E SWISHER,8.448585365853658,7.0176,2.097560975609756,2.6,17.721422962522308,18.24576
2014-11-01,FINITI,12.02560379862099,10.590337662337664,3.7627524523330926,2.756060606060606,45.24937018404729,29.187612436048802
2014-11-01,FLAVORED MIST,0.979607222722486,0.979607222722486,14.9937645,14.9937645,14.688000000000004,14.688000000000004
2014-11-01,GREEN SMART LIVING,12.239999999999998,12.24,4.540983606557377,3.5,55.58163934426229,42.84
2014-11-01,GREEN SMOKE,16.325399503722085,17.045333333333335,2.9958643507030605,2.3333333333333335,48.90868238418643,39.77244444444445
2014-11-01,KRAVE,6.795891594498218,7.624500000000001,3.911360163015792,3.5,26.5811796548942,26.685750000000006
2014-11-01,LOGIC,10.923648288570844,10.328063660477454,7.109371681801807,5.053846153846154,77.66027580472833,52.19644480718221
2014-11-01,MARKTEN,23.807295277168663,27.586363636363636,1.4525854141614203,1.4545454545454546,34.58212987024927,40.12561983471075
2014-11-01,MISTIC,13.632740413467218,11.7504,7.835101890135854,6.378378378378378,106.81391018128843,74.9484972972973
2014-11-01,NEO,2.2191061806656105,5.3856,7.335182250396197,5.333333333333333,16.27754826816288,28.7232
2014-11-01,NICOTEK,7.417733560946598,4.639957351699673,5.813130022403064,7.461464892857144,43.12024966132546,34.62087888406152
2014-11-01,NJOY,17.962801344603786,15.643283495891653,6.378470343949144,5.389011511627907,114.57519567080506,84.30183483901897
2014-11-01,QUIK E-CIG,2.9376000000000007,2.9376000000000007,5,5,14.688000000000002,14.688000000000002
2014-11-01,V2 CIGS,12.785776119402986,12.852000000000002,3.355410447761194,2,42.901526773780354,25.704000000000004
2014-11-01,VAPIN PLUS,6.36744694769616,6.36744694769616,2.306733,2.306733,14.688000000000006,14.688000000000006
2014-11-01,VAPOR X,25.17942857142857,26.928,2,2,50.35885714285714,53.856
2014-11-01,VUSE,32.7387148809894,44.75911111111111,0.9508631489165105,0.8888888888888888,31.1300375232174,39.785876543209874
2014-11-01,ZIG-ZAG,10.491428571428575,10.491428571428575,1.4,1.4,14.688000000000004,14.688000000000004
2014-12-01,21ST CENTURY SMOKE,10.672341494742666,8.901818181818182,2.9786434528246173,3.4363636363636365,31.789100119623733,30.589884297520666
2014-12-01,AL CAPONE,12.24,12.24,1,1,12.24,12.24
2014-12-01,BLU,14.317529688377478,14.340676923076925,3.356735897991569,4.8076923076923075,48.060165875536725,68.94556213017752
2014-12-01,CIG2O,13.151067961165047,13.872,2.9611650485436893,2.6,38.942482797624656,36.0672
2014-12-01,E SWISHER,7.766068965517242,8.4864,2.6551724137931036,2.6,20.620252080856126,22.06464
2014-12-01,FINITI,13.069738954411774,10.920034632034634,4.281084246523466,2.854545454545455,55.95265354390633,31.171735222353412
2014-12-01,FLAVORED MIST,0.979607222722486,0.979607222722486,14.9937645,14.9937645,14.688000000000004,14.688000000000004
2014-12-01,GREEN SMART LIVING,12.240000000000002,12.24,4.578828828828829,3.5,56.04486486486488,42.84
2014-12-01,GREEN SMOKE,16.321635680280636,16.786285714285718,2.996993234778251,2.5714285714285716,48.91583171431638,43.16473469387756
2014-12-01,KRAVE,6.732747103475829,7.568400000000001,4.081235850312958,3.2,27.477928849796278,24.218880000000006
2014-12-01,LOGIC,11.189122686331354,9.733166144200629,7.100916561464117,5.754545454545455,79.45302659162418,56.00994699344544
2014-12-01,MARKTEN,23.80503469284143,26.18,1.4080216618717216,1.4400000000000002,33.51800450912858,37.699200000000005
2014-12-01,MISTIC,13.546722004002078,11.7504,8.264742212011166,6.378378378378378,111.96016518085646,74.9484972972973
2014-12-01,NEO,2.2017514792899417,5.3856,7.346153846153846,5.333333333333333,16.174405097860724,28.7232
2014-12-01,NICOTEK,4.268100014497086,4.883845545362439,8.006641865680958,7.2665127307692305,34.17314826298587,35.48852583048676
2014-12-01,NJOY,17.40140558622518,14.606643206671363,6.526202391019324,5.536602435897436,113.5650947439198,80.8711763583414
2014-12-01,QUIK E-CIG,2.9376000000000007,2.9376000000000007,5,5,14.688000000000002,14.688000000000002
2014-12-01,V2 CIGS,12.587583180987204,12.852000000000002,3.628478569977656,2,45.673775820023245,25.704000000000004
2014-12-01,VAPIN PLUS,6.367446947696159,6.367446947696159,2.306733,2.306733,14.688000000000004,14.688000000000004
2014-12-01,VAPOR X,25.296000000000003,35.496,2,2,50.592000000000006,70.992
2014-12-01,VUSE,32.696153910118305,43.547200000000004,0.9644895490796387,0.9,31.53509874140847,39.19248
2015-01-01,21ST CENTURY SMOKE,10.79668578185722,8.901818181818182,2.9451497356593026,3.4363636363636365,31.797856276433343,30.589884297520666
2015-01-01,AL CAPONE,12.24,12.24,1,1,12.24,12.24
2015-01-01,BLU,14.583677927923771,14.340676923076925,3.2236410762546925,4.8076923076923075,47.012543211323994,68.94556213017752
2015-01-01,CIG2O,15.117857142857146,13.98857142857143,2.9285714285714284,2.4285714285714284,44.273724489795924,33.972244897959186
2015-01-01,E SWISHER,9.366260869565217,8.567999999999998,2.1739130434782608,2.6666666666666665,20.361436672967862,22.847999999999992
2015-01-01,FAZE,1.4694108340837284,1.4694108340837284,9.995843,9.995843,14.687999999999999,14.687999999999999
2015-01-01,FINITI,12.909754763135588,10.069120708748617,4.394255282509073,3.3627906976744186,56.72875806380523,33.860345453140695
2015-01-01,FLAVORED MIST,0.9796072227224857,0.9796072227224857,14.9937645,14.9937645,14.687999999999999,14.687999999999999
2015-01-01,GREEN SMART LIVING,12.24,12.24,4.497142857142857,3.5,55.045028571428574,42.84
2015-01-01,GREEN SMOKE,16.32124603932049,16.728000000000005,2.9977094865432337,2.5,48.92635408427721,41.820000000000014
2015-01-01,KRAVE,6.687401066197402,7.5684,4.250815175197971,3.2,28.426905934827005,24.21888
2015-01-01,LOGIC,11.536549048421845,9.841632183908047,7.070353655020836,5.375,81.56748173083653,52.898772988505755
2015-01-01,MARKTEN,18.889396492826236,24.650000000000002,1.549004782509679,1.4666666666666668,29.2597655061094,36.153333333333336
2015-01-01,MISTIC,13.899731180124224,11.7504,8.681805809280235,6.378378378378378,120.6747669070361,74.9484972972973
2015-01-01,NEO,2.1901796407185627,5.3856,7.353469531525185,5.333333333333333,16.10541925659073,28.7232
2015-01-01,NICOTEK,8.170287902888942,5.5046518565040214,5.335036111211383,6.770270863636364,43.588781000906025,37.267984078550995
2015-01-01,NJOY,17.166735734625455,14.997264739777867,6.5667084871404375,5.523292439024391,112.72894924506201,82.83427894326219
2015-01-01,QUIK E-CIG,2.9375999999999998,2.9375999999999998,5,5,14.687999999999999,14.687999999999999
2015-01-01,V2 CIGS,12.535424749163882,12.852,3.78149386845039,2,47.40263182738449,25.704
2015-01-01,VAPIN PLUS,1.4470334941639682,1.7492986120044387,13.893091107245237,13.181331428571427,20.103768169655428,23.05808477237048
2015-01-01,VAPOR X,29.598545454545455,35.496,2,2,59.19709090909091,70.992
2015-01-01,VUSE,32.689847705340846,41.030153846153844,0.9521120910329106,0.923076923076923,31.124399254279467,37.87398816568047
2015-02-01,21ST CENTURY SMOKE,10.833909192891305,8.572121212121212,2.9162853515970952,3.4363636363636365,31.59477067976202,29.456925619834713
2015-02-01,AL CAPONE,12.24,12.24,1,1,12.24,12.24
2015-02-01,BLU,14.716804581523457,14.796800000000003,3.2064354873935303,4.8,47.188484471232506,71.02464
2015-02-01,CIG2O,14.94186666666667,13.98857142857143,2.973333333333333,2.5714285714285716,44.42715022222223,35.970612244897964
2015-02-01,E SWISHER,8.568,6.731999999999999,2,2.5,17.136,16.83
2015-02-01,FINITI,13.14269678642423,10.185885225885226,4.519492208446401,2.8358974358974356,59.39831572421786,28.886125794433482
2015-02-01,FLAVORED MIST,0.9796072227224856,0.9796072227224857,14.9937645,14.9937645,14.687999999999997,14.687999999999999
2015-02-01,GREEN SMART LIVING,12.240000000000002,12.240000000000002,4.5401346452615226,3.5,55.571248058001046,42.84
2015-02-01,GREEN SMOKE,16.320000000000007,16.320000000000004,2.9995438996579247,2.8333333333333335,48.952556442417354,46.240000000000016
2015-02-01,KRAVE,6.630397321123486,7.5684,4.3809198387207,3.2,29.04723916271046,24.21888
2015-02-01,LOGIC,11.602580558253468,9.561780564263323,7.061698729379695,5.754545454545455,81.93392838574407,55.02370088344258
2015-02-01,MARKTEN,18.85470119715403,21.62777777777778,1.5536291007989123,1.4222222222222223,29.293212466766587,30.75950617283951
2015-02-01,MISTIC,13.94586393925603,11.4512,8.688045222640064,6.722222222222223,121.16229657304169,76.97751111111113
2015-02-01,NEO,1.9985624999999996,5.3856,7.474609375,5.333333333333333,14.938473999023435,28.7232
2015-02-01,NICOTEK,10.420610516513419,5.16838177130233,3.787585657556222,7.0390685416666665,39.468954935325755,36.38059353769767
2015-02-01,NJOY,15.825824420340782,14.110161551258585,6.96627768024542,5.536158170731707,110.2470874309029,78.1160861623446
2015-02-01,QUIK E-CIG,2.9375999999999998,2.9375999999999998,5,5,14.687999999999999,14.687999999999999
2015-02-01,V2 CIGS,12.488147100424328,12.852,3.989156058462989,2,49.81716766463472,25.704
2015-02-01,VAPIN PLUS,1.4306336240714976,2.05717516771722,13.931708749766168,12.4563582,19.931170978186564,25.62491076923077
2015-02-01,VAPOR X,23.482666666666667,26.928,2,2,46.965333333333334,53.856
2015-02-01,VUSE,32.684919402985074,42.976,0.9533691834942932,0.75,31.160794923800662,32.232
2015-02-01,ZIG-ZAG,10.491428571428571,10.491428571428571,1.4,1.4,14.687999999999999,14.687999999999999
2015-03-01,21ST CENTURY SMOKE,10.837022603234603,8.901818181818182,2.9062327025628334,3.4363636363636365,31.49490948793301,30.589884297520666
2015-03-01,AL CAPONE,12.240000000000002,12.240000000000002,1,1,12.240000000000002,12.240000000000002
2015-03-01,BLU,14.823746584473078,14.855384615384617,3.156992715997555,4.423076923076923,46.79845999097514,65.70650887573966
2015-03-01,CIG2O,14.733082872928177,14.338285714285714,2.9668508287292816,2.2857142857142856,43.710859131284145,32.773224489795915
2015-03-01,E SWISHER,10.666285714285712,9.791999999999998,1.8571428571428572,2.3333333333333335,19.808816326530607,22.847999999999995
2015-03-01,FINITI,13.111116295990433,10.310776942355892,4.573278615800954,2.8644736842105263,59.960787785732464,29.534949215143126
2015-03-01,FLAVORED MIST,0.9796072227224857,0.9796072227224857,14.9937645,14.9937645,14.687999999999999,14.687999999999999
2015-03-01,GREEN SMART LIVING,12.240000000000002,12.24,4.427572427572428,3.5,54.193486513486526,42.84
2015-03-01,GREEN SMOKE,16.320872493985572,16.864000000000004,2.9989307671745524,2.5,48.9451666693462,42.16000000000001
2015-03-01,KRAVE,6.618828538075946,7.593333333333333,4.441529904552634,3.3333333333333335,29.397724884970707,25.31111111111111
2015-03-01,LOGIC,11.572173281586617,12.742351395730706,7.110117118327196,5.292857142857143,82.2795073456576,67.44344560168895
2015-03-01,MARKTEN,18.61346534081889,23.587500000000002,1.5653509215026922,1.4000000000000001,29.13660512360927,33.02250000000001
2015-03-01,MISTIC,13.877952783505409,11.894400000000001,8.652335127420447,6.75,120.07669836540622,80.28720000000001
2015-03-01,NEO,1.9921378178835107,5.3856,7.478671041837572,5.333333333333333,14.898543409954902,28.7232
2015-03-01,NICOTEK,10.77640163620939,5.696806190904987,3.5599257750013917,6.61667219047619,38.36318994650898,37.69389909789362
2015-03-01,NJOY,16.74020492716571,13.536738252044575,6.62964072735713,5.983804130434781,110.98154436944229,81.00119026519883
2015-03-01,QUIK E-CIG,2.9375999999999998,2.9375999999999998,5,5,14.687999999999999,14.687999999999999
2015-03-01,V2 CIGS,12.472529702970297,12.852000000000002,4.053836633663367,2,50.56159782435546,25.704000000000004
2015-03-01,VAPIN PLUS,1.3941806611388674,2.1769049393833013,14.017546471859294,12.174424166666666,19.54299220768159,26.502564102564097
2015-03-01,VAPOR X,24.226758620689655,40.6368,2,2,48.45351724137931,81.2736
2015-03-01,VUSE,32.65888896689864,42.976,0.9573791479959527,0.75,31.266939293623835,32.232
2015-03-01,ZIG-ZAG,10.491428571428571,10.491428571428571,1.4,1.4,14.687999999999999,14.687999999999999
2015-04-01,21ST CENTURY SMOKE,10.798289266765629,8.341333333333333,2.910023368263253,3.6900000000000004,31.42327410355425,30.77952
2015-04-01,AL CAPONE,12.24,12.24,1,1,12.24,12.24
2015-04-01,BLU,14.999722574210532,14.482057142857144,3.0807125551003227,4.714285714285714,46.20983365739212,68.27255510204083
2015-04-01,CIG2O,14.795862068965523,14.280000000000001,2.9310344827586206,2.6666666666666665,43.367181926278256,38.08
2015-04-01,E SWISHER,10.404,8.568,1.5,2,15.606,17.136
2015-04-01,FINITI,12.886948730404107,10.442419562419563,4.3676627389589875,2.8945945945945946,56.28584578866085,30.226571219868518
2015-04-01,GREEN SMART LIVING,12.239999999999998,12.24,4.362086258776329,3.5,53.39193580742226,42.84
2015-04-01,GREEN SMOKE,16.32408817635271,16.864000000000004,2.99749498997996,2.6666666666666665,48.93137252460835,44.97066666666667
2015-04-01,KRAVE,6.659157861386136,7.5684,4.328396039603961,3.2,28.82347251432133,24.21888
2015-04-01,LOGIC,11.611494080749434,12.179816091954024,7.006304588236069,5.159375,81.35366425423072,62.84023864942529
2015-04-01,MARKTEN,18.435651301547075,21.356250000000003,1.5719942974813879,1.4000000000000001,28.98073871638733,29.898750000000007
2015-04-01,MISTIC,13.967235777952913,12.007563636363637,8.678206489631858,6.6818181818181825,121.21055617044925,80.2323570247934
2015-04-01,NEO,2.689648068669528,5.3856,7.0377069282648685,5.333333333333333,18.928954847469758,28.7232
2015-04-01,NICOTEK,10.674421114782026,5.168381771302331,3.6147585070292223,7.039068541666667,38.58545453227068,36.380593537697685
2015-04-01,NJOY,16.358295763297487,13.294739724647856,6.822401783815898,6.082444,111.60286619570881,80.864509869746
2015-04-01,V2 CIGS,12.457805438066464,12.852,4.078549848942598,2,50.809780487582245,25.704
2015-04-01,VAPIN PLUS,1.3304078276039986,2.1769049393833013,14.167715739915073,12.174424166666666,18.84883991965139,26.502564102564097
2015-04-01,VAPOR X,15.737142857142857,35.496,2,2,31.474285714285713,70.992
2015-04-01,VUSE,32.655777840254665,39.14533333333333,0.9461514742025884,0.9583333333333334,30.897312344789167,37.51427777777778
2015-04-01,ZIG-ZAG,11.78043956043956,11.161714285714286,1.9384615384615382,1.68,22.83592899408284,18.75168
2015-05-01,21ST CENTURY SMOKE,10.788770213344204,9.066666666666668,2.913815016426465,3.2250000000000005,31.4364806564169,29.24000000000001
2015-05-01,AL CAPONE,12.240000000000002,12.240000000000002,1,1,12.240000000000002,12.240000000000002
2015-05-01,BLU,15.123354412462245,14.855384615384617,3.0389435813021315,4.6923076923076925,45.959020819509405,69.70603550295858
2015-05-01,CIG2O,15.672692307692312,15.300000000000002,2.980769230769231,2.75,46.716678994082855,42.07500000000001
2015-05-01,E SWISHER,8.291612903225806,8.4864,2.3548387096774195,2.6,19.525411030176897,22.06464
2015-05-01,FINITI,13.161877542514995,9.786578073089702,4.544671413328425,3.0651162790697675,59.81640861319728,29.996999768214483
2015-05-01,GREEN SMART LIVING,12.24,12.24,4.448151487826871,3.5,54.445374211000896,42.84
2015-05-01,GREEN SMOKE,16.320000000000004,16.320000000000004,2.9991935483870966,2.8333333333333335,48.94683870967743,46.240000000000016
2015-05-01,KRAVE,6.661664028776977,7.5684,4.365467625899281,3.2,29.081278652243668,24.21888
2015-05-01,LOGIC,11.574170899429966,12.074075533661741,6.87722941084338,5.725,79.59822851568732,69.12408243021346
2015-05-01,MARKTEN,18.067172018997894,23.611111111111114,1.5842229421570788,1.4222222222222223,28.622428412394893,33.580246913580254
2015-05-01,MISTIC,14.075525244220238,11.894400000000001,8.758306076091998,6.632352941176471,123.2777582706404,78.88785882352943
2015-05-01,NEO,2.64560205655527,5.3856,7.065552699228792,5.333333333333333,18.69264075177933,28.7232
2015-05-01,NICOTEK,10.52369210957171,5.329206594659661,3.7334479155587625,6.910513130434782,39.2896563704627,36.82755214719522
2015-05-01,NJOY,16.514363600582755,12.446497720687479,6.624704076846901,6.117233617021276,109.40277187131264,76.13813427116814
2015-05-01,QUIK E-CIG,2.9375999999999993,2.9375999999999998,5,5,14.687999999999997,14.687999999999999
2015-05-01,V2 CIGS,12.487754588886096,12.852,4.0751822982147345,2,50.889876445078436,25.704
2015-05-01,VAPIN PLUS,1.37078497252477,1.9592144454449714,14.072637538699208,12.6870315,19.290560061836842,24.856615384615385
2015-05-01,VAPOR X,20.96765217391304,26.928,2,2,41.93530434782608,53.856
2015-05-01,VUSE,32.646329153959115,41.030153846153844,0.9591362626604918,0.923076923076923,31.3122781343126,37.87398816568047
2015-05-01,ZIG-ZAG,12.050232558139536,11.161714285714286,2.0511627906976746,1.68,24.71698864250947,18.75168
2015-06-01,21ST CENTURY SMOKE,10.79723326541635,8.901818181818182,2.9030418250950567,3.4363636363636365,31.34481976481134,30.589884297520666
2015-06-01,AL CAPONE,12.24,12.24,1,1,12.24,12.24
2015-06-01,BLU,15.195485797966532,14.796800000000001,3.0094502296415087,4.4,45.73005822420466,65.10592000000001
2015-06-01,CIG2O,15.704581005586597,13.98857142857143,2.9553072625698324,2.5714285714285716,46.41186230142631,35.970612244897964
2015-06-01,E SWISHER,11.190857142857142,9.791999999999998,1.5714285714285714,2.3333333333333335,17.585632653061225,22.847999999999995
2015-06-01,FINITI,13.01267622365746,9.660066445182725,4.483138704894629,3.0186046511627906,58.337632432540836,29.159921501970178
2015-06-01,FLAVORED MIST,0.9796072227224857,0.9796072227224857,14.9937645,14.9937645,14.687999999999999,14.687999999999999
2015-06-01,GREEN SMART LIVING,12.24,12.24,4.370843989769821,3.5,53.49913043478261,42.84
2015-06-01,GREEN SMOKE,16.320000000000004,16.320000000000004,3,3,48.96000000000001,48.96000000000001
2015-06-01,KRAVE,6.658461087090795,7.5684,4.4119827053736875,3.2,29.37701516064827,24.21888
2015-06-01,LOGIC,11.596477080966483,12.130470498084293,6.778073652513613,5.423333333333334,78.6017757644769,65.78758500127715
2015-06-01,MARKTEN,17.899280590806843,24.40714285714286,1.5901532193030856,1.3714285714285714,28.462598654680736,33.47265306122449
2015-06-01,MISTIC,14.17801165268444,11.992567741935485,8.831067119661048,7.048387096774195,125.20697252819275,84.52825972944851
2015-06-01,NEO,2.351622047244095,5.3856,7.25140607424072,5.333333333333333,17.05256639770423,28.7232
2015-06-01,NICOTEK,10.514898147766665,5.696806190904987,3.731469240349951,6.61667219047619,39.23601900380399,37.69389909789362
2015-06-01,NJOY,16.073469236333715,12.577027991503337,6.712433804248656,6.1676082608695655,107.89209825351726,77.57018173758374
2015-06-01,QUIK E-CIG,2.9375999999999998,2.9375999999999998,5,5,14.687999999999999,14.687999999999999
2015-06-01,V2 CIGS,12.490789581689029,12.852,3.9676400947119177,2,49.558957558919296,25.704
2015-06-01,VAPIN PLUS,1.3513399203675236,2.1769049393833013,14.118425832678074,12.174424166666666,19.078792440445977,26.502564102564097
2015-06-01,VAPOR X,16.92313043478261,26.928,2,2,33.84626086956522,53.856
2015-06-01,VUSE,32.644827885523,38.8416,0.9687095549954751,0.8,31.623356693888862,31.07328
2015-06-01,ZIG-ZAG,11.415960591133006,11.161714285714286,1.7862068965517244,1.6799999999999997,20.391267538644474,18.751679999999997
2015-07-01,21ST CENTURY SMOKE,10.761430711693617,10.396444444444445,3.059165011264136,2.79,32.920992304356425,29.00608
2015-07-01,AL CAPONE,12.24,12.24,1,1,12.24,12.24
2015-07-01,BLU,15.28383392600617,14.855384615384617,2.9931092951510725,4.6923076923076925,45.74618538947438,69.70603550295858
2015-07-01,CIG2O,15.670909090909099,14.280000000000001,2.9545454545454546,2.6666666666666665,46.30041322314052,38.08
2015-07-01,E SWISHER,9.960827586206896,8.567999999999998,2.2413793103448274,2.6666666666666665,22.325992865636145,22.847999999999992
2015-07-01,FINITI,13.010190553455882,9.819109634551495,4.445991870836626,3.169767441860465,57.84320143870032,31.124294027659737
2015-07-01,GREEN SMART LIVING,12.24,12.24,4.352143244709713,3.5,53.270233315246884,42.84
2015-07-01,GREEN SMOKE,16.320000000000007,16.320000000000004,2.999581677473332,2.875,48.953172976364804,46.92000000000001
2015-07-01,KRAVE,6.600584449142588,7.5684,4.617179547412105,3.2,30.47608351954755,24.21888
2015-07-01,LOGIC,11.640802162336797,12.074075533661743,6.716829039109311,5.725,78.18927800251026,69.12408243021348
2015-07-01,MARKTEN,17.885359704412085,20.96666666666667,1.5925233644859818,1.4222222222222223,28.48285321151234,29.819259259259262
2015-07-01,MISTIC,14.435856893479349,12.3264,9.163026191274419,6.7058823529411775,132.27613480844064,82.65938823529413
2015-07-01,NEO,1.986301221166893,4.0147200000000005,7.4823609226594305,6.2,14.862222637889866,24.891264000000003
2015-07-01,NICOTEK,10.486945714802001,5.5046518565040214,3.738496902329616,6.770270863636365,39.20541406968612,37.267984078551
2015-07-01,NJOY,16.50626868541051,13.21273891201617,6.445346300540488,5.974095425531915,106.38861780723795,78.93416309302333
2015-07-01,QUIK E-CIG,2.9375999999999993,2.9375999999999998,5,5,14.687999999999997,14.687999999999999
2015-07-01,V2 CIGS,12.449337773549003,12.852000000000002,3.9828734538534727,2,49.58413693632362,25.704000000000004
2015-07-01,VAPIN PLUS,1.4013908394933348,2.1769049393833013,14.00056828309103,12.174424166666666,19.620268139624695,26.502564102564097
2015-07-01,VAPOR X,19.2168,26.928,2,2,38.4336,53.856
2015-07-01,VUSE,32.64173724018153,38.8416,0.9711935309167647,0.8,31.70144404554915,31.07328
2015-07-01,ZIG-ZAG,11.96278745644599,11.161714285714286,2.014634146341463,1.68,24.10064009518143,18.75168
2015-08-01,21ST CENTURY SMOKE,10.833616196983328,8.901818181818182,2.9610110146619015,3.4363636363636365,32.078456887887214,30.589884297520666
2015-08-01,AL CAPONE,12.24,12.24,1,1,12.24,12.24
2015-08-01,BLU,15.595328694648924,14.340676923076925,2.8198025200621126,4.423076923076923,43.975747154368015,63.42991715976333
2015-08-01,CIG2O,14.931666666666668,14.280000000000001,2.9583333333333335,2.5,44.17284722222223,35.7
2015-08-01,E SWISHER,10.477439999999996,8.568,2.56,2.5,26.82224639999999,21.419999999999998
2015-08-01,FINITI,12.731967051508809,9.811428571428571,4.44229459367721,3.0636363636363635,56.55914839979395,30.05864935064935
2015-08-01,GREEN SMART LIVING,12.24,12.24,4.362586605080831,3.5,53.39806004618937,42.84
2015-08-01,GREEN SMOKE,16.320000000000004,16.320000000000004,2.999756038058063,2.875,48.956018541107596,46.92000000000001
2015-08-01,KRAVE,6.640367365542388,7.5684,4.577028258887876,3.2,30.393149081484346,24.21888
2015-08-01,LOGIC,11.573471918949277,12.074075533661741,6.704358273048674,5.725,77.59270220770411,69.12408243021346
2015-08-01,MARKTEN,17.753202745688935,21.533333333333335,1.5954729616608072,1.3333333333333335,28.324754963629097,28.711111111111116
2015-08-01,MISTIC,14.432450209337231,10.780021621621623,9.203267109039682,9.554054054054054,132.82569431444622,102.99290927684443
2015-08-01,NEO,2.012944297082228,5.3856,7.4655172413793105,5.333333333333333,15.027670355803531,28.7232
2015-08-01,NICOTEK,10.276664294936877,4.883845545362439,3.9051678462292885,7.2665127307692305,40.132098971080076,35.48852583048676
2015-08-01,NJOY,15.807936096357118,14.022341939068461,6.570430292295385,5.6954684375,103.86494218617447,79.86380593379697
2015-08-01,V2 CIGS,12.445095896673905,12.852,3.8849011315578923,2,48.34796713133493,25.704
2015-08-01,VAPIN PLUS,1.3862980723752643,1.9592144454449714,14.036108021023768,12.6870315,19.458229493196235,24.856615384615385
2015-08-01,VAPOR X,34.181333333333335,26.928,2,2,68.36266666666667,53.856
2015-08-01,VUSE,32.64343619559837,38.8416,0.973585058991275,0.8,31.78116175416956,31.07328
2015-08-01,ZIG-ZAG,11.608571428571427,11.161714285714286,1.8666666666666665,1.68,21.669333333333327,18.75168
2015-09-01,21ST CENTURY SMOKE,10.85328247510066,9.550222222222223,2.907692307692308,3.24,31.55800596606192,30.942720000000005
2015-09-01,AL CAPONE,12.24,12.24,1,1,12.24,12.24
2015-09-01,BLU,15.969934016245746,14.796800000000001,2.536184764882642,4.84,40.50270334818352,71.616512
2015-09-01,CIG2O,15.402000000000005,15.300000000000002,2.975,2.75,45.82095000000002,42.07500000000001
2015-09-01,E SWISHER,9.315999999999999,9.384,2.5,2.5,23.29,23.46
2015-09-01,FINITI,11.907865848752161,9.760544217687075,4.60591407632763,3.0666666666666664,54.846606931788635,29.932335600907027
2015-09-01,FLAVORED MIST,0.9796072227224857,0.9796072227224857,14.9937645,14.9937645,14.687999999999999,14.687999999999999
2015-09-01,GREEN SMART LIVING,12.24,12.24,4.220843672456576,3.5,51.66312655086849,42.84
2015-09-01,GREEN SMOKE,16.320000000000004,16.320000000000004,2.999804992199688,2.875,48.956817472698916,46.92000000000001
2015-09-01,KRAVE,6.691954013108412,7.5684,4.4175351885677445,3.2,29.561942333183545,24.21888
2015-09-01,LOGIC,11.962667565149943,12.130470498084293,6.668796886796792,5.423333333333334,79.7766002162569,65.78758500127715
2015-09-01,MARKTEN,17.563496849591385,21.533333333333335,1.5970887313106952,1.3333333333333335,28.050462900893297,28.711111111111116
2015-09-01,MISTIC,13.403891093406703,10.07352,9.876953624988591,10.9875,132.3896107239756,110.68280100000001
2015-09-01,NEO,3.3163471698113205,5.3856,6.6415094339622645,5.333333333333333,22.02555101459594,28.7232
2015-09-01,NICOTEK,10.218252169475077,5.6968061909049865,3.9716438432370667,6.616672190476191,40.58325831753949,37.69389909789362
2015-09-01,NJOY,15.455709362024786,13.582788236767387,7.136196569296814,5.632295612244898,110.29498012532993,76.50227858799657
2015-09-01,QUIK E-CIG,2.9375999999999998,2.9375999999999998,5,5,14.687999999999999,14.687999999999999
2015-09-01,V2 CIGS,12.570498079763663,12.939428571428572,3.9542097488921715,2.142857142857143,49.7063860554318,27.727346938775508
2015-09-01,VAPIN PLUS,1.2219547751106514,2.0571751677172196,14.42309588548185,12.456358199999999,17.624370889143336,25.624910769230762
2015-09-01,VAPOR X,46.512,26.928,2,2,93.024,53.856
2015-09-01,VUSE,32.64026204017476,35.7408,0.9722435837847431,0.85,31.73428534161262,30.37968
2015-09-01,ZIG-ZAG,10.953694581280788,11.161714285714286,1.5931034482758621,1.68,17.45036860879905,18.75168
2015-10-01,21ST CENTURY SMOKE,10.873682412815523,8.341333333333335,2.8905054674805677,3.6900000000000004,31.43043846589056,30.77952000000001
2015-10-01,AL CAPONE,12.24,12.24,1,1,12.24,12.24
2015-10-01,BLU,16.138179104413965,14.796800000000001,2.417495932740427,4.68,39.0139823467573,69.249024
2015-10-01,CIG2O,15.0992125984252,14.688000000000002,2.968503937007874,2.6,44.8220720441441,38.18880000000001
2015-10-01,E SWISHER,9.486,8.568,1.75,2,16.6005,17.136
2015-10-01,FAZE,1.4694108340837282,1.4694108340837282,9.995843,9.995843,14.687999999999997,14.687999999999997
2015-10-01,FINITI,12.170239510619796,9.816641114982579,4.747835910809199,3.098780487804878,57.78230019166964,30.419615942891134
2015-10-01,GREEN SMART LIVING,12.24,12.24,4.235099337748345,3.5,51.83761589403974,42.84
2015-10-01,GREEN SMOKE,16.320000000000007,16.320000000000007,3,3,48.96000000000002,48.96000000000002
2015-10-01,JUUL,34.00000000000001,34,2.8000000000000003,2.8,95.20000000000003,95.19999999999999
2015-10-01,KRAVE,6.766256458608333,7.593333333333333,4.185178201018291,3.3333333333333335,28.31798903306682,25.31111111111111
2015-10-01,LOGIC,12.038967046942384,15.446040671971708,6.679477095381189,3.9134615384615383,80.41400464210056,60.447486091273895
2015-10-01,MARKTEN,17.465264350956733,21.655384615384616,1.6095473031535437,1.6615384615384616,28.111169134946135,35.98125443786982
2015-10-01,MISTIC,12.923438218584591,10.066863157894739,10.866863443021485,11.276315789473685,140.4372383356836,113.51712797783937
2015-10-01,NEO,2.8055730337078653,5.3856,6.964419475655431,5.333333333333333,19.53918747632875,28.7232
2015-10-01,NICOTEK,10.323445067630487,5.32920659465966,3.8807034730850356,6.910513130434782,40.06222912815621,36.82755214719521
2015-10-01,NJOY,17.602974894211503,13.742745272213146,6.390657872704728,5.5751527551020414,112.49459009071641,76.61790416704467
2015-10-01,V2 CIGS,12.471666589914806,12.852000000000002,4.14068616163942,2,51.64125726144093,25.704000000000004
2015-10-01,VAPIN PLUS,1.1946422019019485,2.05717516771722,14.487410247885524,12.4563582,17.307271678390816,25.62491076923077
2015-10-01,VAPOR X,50.918400000000005,35.496,2,2,101.83680000000001,70.992
2015-10-01,VUSE,32.641095269773054,38.27781818181818,0.9691666911959497,0.8181818181818182,31.634662299617716,31.31821487603306
2015-10-01,ZIG-ZAG,11.47233449477352,11.161714285714286,1.8097560975609752,1.6799999999999997,20.762127305175486,18.751679999999997
2015-11-01,21ST CENTURY SMOKE,10.874443714890202,8.999506172839506,2.887196323046619,3.5,31.396653908808407,31.498271604938274
2015-11-01,AL CAPONE,12.24,12.24,1,1,12.24,12.24
2015-11-01,BLU,16.176121497593655,14.664347826086958,2.4001110206897294,4.6521739130434785,38.82448747839058,68.22109640831759
2015-11-01,CIG2O,15.821333333333337,14.280000000000001,2.933333333333333,2.6666666666666665,46.409244444444454,38.08
2015-11-01,E SWISHER,12.24,12.24,1,1,12.24,12.24
2015-11-01,FINITI,12.588075448258161,9.926057142857143,4.7488629476765665,3.1325,59.77904507879027,31.093374
2015-11-01,FLAVORED MIST,0.9796072227224857,0.9796072227224857,14.9937645,14.9937645,14.687999999999999,14.687999999999999
2015-11-01,GREEN SMART LIVING,12.240000000000002,12.24,4.198275862068965,3.5,51.38689655172414,42.84
2015-11-01,GREEN SMOKE,16.320246246699362,16.786285714285718,2.9998491135420595,2.7142857142857144,48.95827623594921,45.56277551020409
2015-11-01,JUUL,34,34,2.8,2.8,95.19999999999999,95.19999999999999
2015-11-01,KRAVE,6.731126894158473,7.5684,4.213071139386929,3.2,28.35871645333024,24.21888
2015-11-01,LOGIC,12.204830356574838,15.508466338259442,6.623588080377023,3.730357142857143,80.83976887283275,57.852118179685675
2015-11-01,MARKTEN,17.531372674791537,21.476666666666667,1.6331302116741502,1.6666666666666667,28.631014367320716,35.794444444444444
2015-11-01,MISTIC,12.701175416629118,10.122584615384616,11.160150295202174,11.243589743589745,141.74702657530804,113.8141885601578
2015-11-01,NEO,2.0936842105263156,4.0147200000000005,7.4144736842105265,6.2,15.52356648199446,24.891264000000003
2015-11-01,NICOTEK,10.363754728789994,5.5046518565040214,3.8447569011242044,6.770270863636365,39.846117515073935,37.267984078551
2015-11-01,NJOY,17.125585513493437,13.450129874541217,6.462645727945667,5.529068333333333,110.67659205734655,74.36668716854648
2015-11-01,QUIK E-CIG,2.9375999999999993,2.9375999999999993,5,5,14.687999999999997,14.687999999999997
2015-11-01,V2 CIGS,12.4114039497307,12.852,4.2495511669658885,2,52.742896138263134,25.704
2015-11-01,VAPIN PLUS,1.1572603163567527,2.05717516771722,14.575435353243245,12.4563582,16.867572927931676,25.62491076923077
2015-11-01,VAPOR X,46.512,35.496,2,2,93.024,70.992
2015-11-01,VUSE,32.64124525952946,35.7408,0.969154312104682,0.85,31.634403595739485,30.37968
2015-11-01,ZIG-ZAG,11.484444444444444,11.161714285714286,1.8148148148148149,1.68,20.842139917695473,18.75168
2015-12-01,21ST CENTURY SMOKE,10.878639635616684,9.822222222222223,2.8575421988032508,3.2625,31.086171824348295,32.045
2015-12-01,AL CAPONE,12.24,12.24,1,1,12.24,12.24
2015-12-01,BLU,16.18633211654504,14.733333333333336,2.402684044785631,4.666666666666667,38.890641920023995,68.75555555555557
2015-12-01,CIG2O,16.028571428571436,14.96,3,3,48.0857142857143,44.88
2015-12-01,E SWISHER,7.3439999999999985,8.568,2.3333333333333335,2,17.136,17.136
2015-12-01,FAZE,1.4694108340837284,1.4694108340837284,9.995843,9.995843,14.687999999999999,14.687999999999999
2015-12-01,FINITI,12.250019507532398,9.76210989010989,4.796076074101195,3.167948717948718,58.752025467349036,30.925863510848124
2015-12-01,FLAVORED MIST,0.9796072227224857,0.9796072227224857,14.9937645,14.9937645,14.687999999999999,14.687999999999999
2015-12-01,GREEN SMART LIVING,12.24,12.24,3.5306122448979593,3.5,43.21469387755102,42.84
2015-12-01,GREEN SMOKE,16.320000000000004,16.320000000000007,3,3,48.96000000000001,48.96000000000002
2015-12-01,JUUL,34.00000000000001,34.00000000000001,2.8,2.8,95.20000000000002,95.20000000000002
2015-12-01,KRAVE,6.664531893797509,7.593333333333333,4.384488267048584,3.3333333333333335,29.22056189372626,25.31111111111111
2015-12-01,LOGIC,12.267975579766834,15.508466338259444,6.621126911061169,3.730357142857143,81.22782325543542,57.85211817968568
2015-12-01,MARKTEN,17.507107900256347,21.655384615384616,1.651439588144319,1.6615384615384616,28.911931060397492,35.98125443786982
2015-12-01,MISTIC,12.614536680673643,10.122584615384616,11.452255060974755,11.243589743589745,144.46489154309643,113.8141885601578
2015-12-01,NEO,2.395914893617021,5.3856,7.223404255319149,5.333333333333333,17.306661837935717,28.7232
2015-12-01,NICOTEK,10.343320582516322,5.696806190904987,3.8680840468729847,6.61667219047619,40.00883333692437,37.69389909789362
2015-12-01,NJOY,18.550321682311704,13.481490366768883,5.756852650822562,5.6636497,106.7914685504274,76.35443887130347
2015-12-01,V2 CIGS,12.338133001864515,12.852000000000002,4.343691733996271,2,53.59304633314549,25.704000000000004
2015-12-01,VAPIN PLUS,1.1499247038570246,2.1769049393833018,14.592708908435405,12.174424166666666,16.780516470004347,26.502564102564104
2015-12-01,VAPOR X,61.20000000000001,61.2,2,2,122.40000000000002,122.4
2015-12-01,VUSE,32.64019614019774,35.7408,0.9716460772593001,0.85,31.71471854059728,30.37968
2015-12-01,ZIG-ZAG,12.014805194805195,11.329285714285714,2.036363636363636,1.7499999999999998,24.466512396694213,19.826249999999998
2016-01-01,21ST CENTURY SMOKE,10.346956641949296,8.186631753130888,3.500650150760832,4.64937645,36.22107532855559,38.062732877828964
2016-01-01,AL CAPONE,12.24,12.24,1,1,12.24,12.24
2016-01-01,BLU,16.22360979335188,14.261504000000002,2.36478984091425,4.6,38.365427622275455,65.60291840000001
2016-01-01,CIG2O,16.320000000000004,16.320000000000004,2.789473684210526,2.6666666666666665,45.5242105263158,43.52000000000001
2016-01-01,E SWISHER,12.24,12.24,1,1,12.24,12.24
2016-01-01,FINITI,12.474882483412054,9.64707335907336,4.82020193016435,3.1567567567567565,60.131452625116225,30.45346400918293
2016-01-01,GREEN SMART LIVING,12.24,12.24,4.0588235294117645,3.5,49.68,42.84
2016-01-01,GREEN SMOKE,16.320000000000004,16.320000000000004,2.999847850893876,2.9,48.95751692658807,47.32800000000001
2016-01-01,JUUL,34.00000000000001,34,2.8,2.8,95.20000000000002,95.19999999999999
2016-01-01,KRAVE,6.745698347107436,7.5684,4.304752066115703,3.2,29.038558897104018,24.21888
2016-01-01,LOGIC,12.109885953821998,14.792789536266351,6.651439011283845,3.6431034482758617,80.5481678554499,53.89166256919103
2016-01-01,MARKTEN,17.4395813287304,21.47666666666667,1.6462741929560392,1.6666666666666667,28.71033267744685,35.79444444444445
2016-01-01,MISTIC,12.573538038562658,9.510712195121952,11.902011706576397,12.158536585365853,149.65039692805638,115.63634217727544
2016-01-01,NEO,2.1322959830866806,5.3856,7.3900634249471455,5.333333333333333,15.757802555770596,28.7232
2016-01-01,NICOTEK,10.328452924479308,5.16838177130233,3.8456353560405097,7.0390685416666665,39.71946373957763,36.38059353769767
2016-01-01,NJOY,19.540233936437097,14.304114981354694,5.229075519207525,5.4530997999999995,102.17735891661131,78.00176654400228
2016-01-01,V2 CIGS,12.316438223418572,12.852,4.380888290713324,2,53.95693999626844,25.704
2016-01-01,VAPIN PLUS,1.12657118345974,1.8775805102180978,14.647700679542265,12.879259249999999,16.501677489515966,24.181846153846152
2016-01-01,VAPOR X,61.2,61.2,2,2,122.4,122.4
2016-01-01,VUSE,32.64075704603605,37.808,0.9768257192523292,1.1666666666666667,31.884330978434697,44.10933333333334
2016-01-01,ZIG-ZAG,11.688367346938776,11.161714285714286,1.8999999999999997,1.68,22.207897959183672,18.75168
2016-02-01,21ST CENTURY SMOKE,9.627038984955702,8.827615528170123,4.373831326173404,4.5659738333333335,42.10704469069186,40.306661512351795
2016-02-01,AL CAPONE,12.24,12.24,1,1,12.24,12.24
2016-02-01,BLU,16.253666782677875,14.855384615384617,2.3221796847809872,4.769230769230769,37.74393480593411,70.84875739644971
2016-02-01,CIG2O,15.625531914893621,13.600000000000001,2.9574468085106385,2.6666666666666665,46.211679492983265,36.266666666666666
2016-02-01,E SWISHER,10.0368,9.791999999999998,2.2,2.3333333333333335,22.08096,22.847999999999995
2016-02-01,FINITI,12.389157808525452,9.64707335907336,4.798377795535618,3.1567567567567565,59.44785973381525,30.45346400918293
2016-02-01,GREEN SMART LIVING,12.239999999999998,12.24,4.022471910112359,3.5,49.23505617977527,42.84
2016-02-01,GREEN SMOKE,16.320000000000004,16.320000000000004,3,3,48.96000000000001,48.96000000000001
2016-02-01,JUUL,34.00000000000001,34,2.8,2.8,95.20000000000002,95.19999999999999
2016-02-01,KRAVE,6.766231195731771,7.593333333333333,4.193534888586672,3.3333333333333335,28.374426583544697,25.31111111111111
2016-02-01,LOGIC,12.204331377403248,14.792789536266351,6.639299010733895,3.6431034482758617,81.02820524066202,53.89166256919103
2016-02-01,MARKTEN,17.49546912766425,21.655384615384616,1.6582289606679856,1.6615384615384616,29.01149358796552,35.98125443786982
2016-02-01,MISTIC,12.596740243357727,9.69952,12.677065898340802,12.4375,159.68970616932745,120.63777999999999
2016-02-01,NEO,2.126950819672131,5.3856,7.39344262295082,5.333333333333333,15.725488847084117,28.7232
2016-02-01,NICOTEK,10.526042909330801,5.32920659465966,3.740016217195228,6.910513130434782,39.367571183790034,36.82755214719521
2016-02-01,NJOY,19.89650008103305,13.841532472032041,4.810385440127815,5.539649700000001,95.70983429930328,76.67724120623257
2016-02-01,QUIK E-CIG,2.9375999999999998,2.9375999999999998,5,5,14.687999999999999,14.687999999999999
2016-02-01,V2 CIGS,12.279147121535182,12.852,4.3049040511727075,2,52.860550188442495,25.704
2016-02-01,VAPIN PLUS,1.1891908962577897,2.0571751677172196,14.500246725946116,12.4563582,17.243561399986945,25.624910769230766
2016-02-01,VAPOR X,40.63680000000001,35.496,2,2,81.27360000000002,70.992
2016-02-01,VUSE,32.640727596968354,37.808,0.9760306919773799,1.1666666666666667,31.858351943114183,44.10933333333334
2016-02-01,ZIG-ZAG,11.074285714285715,11.161714285714286,1.6434782608695653,1.68,18.200347826086958,18.75168
2016-03-01,21ST CENTURY SMOKE,9.621729101184762,8.827615528170124,4.372801439851772,4.5659738333333335,42.073910867524425,40.3066615123518
2016-03-01,AL CAPONE,12.24,12.24,1,1,12.24,12.24
2016-03-01,BLU,16.25831454553074,14.664347826086958,2.355517155527509,4.260869565217392,38.2967388319601,62.48287334593574
2016-03-01,CIG2O,15.810000000000004,15.300000000000002,2.75,2.5,43.47750000000001,38.25000000000001
2016-03-01,E SWISHER,8.22528,9.111999999999998,2.68,2.6666666666666665,22.0437504,24.298666666666662
2016-03-01,FINITI,12.401651992548837,9.483135531135531,4.795047621812658,3.0846153846153843,59.46651189341951,29.251825753733442
2016-03-01,GREEN SMART LIVING,12.24,12.24,4.571428571428571,4,55.95428571428571,48.96
2016-03-01,GREEN SMOKE,16.320000000000004,16.320000000000004,3,3,48.96000000000001,48.96000000000001
2016-03-01,JUUL,34,34,2.8,2.8,95.19999999999999,95.19999999999999
2016-03-01,KRAVE,6.772133894650373,7.593333333333333,4.2281548413594825,3.3333333333333335,28.63363071300062,25.31111111111111
2016-03-01,LOGIC,12.298659053842039,14.889772413793105,6.599442801719348,3.4587499999999998,81.16429696367832,51.5000003362069
2016-03-01,MARKTEN,18.061600494361194,21.655384615384616,1.7256295380812605,1.6615384615384616,31.167631318092774,35.98125443786982
2016-03-01,MISTIC,12.278909090909094,9.699520000000001,13.142233540453354,12.212499999999999,161.3722908947231,118.455388
2016-03-01,NEO,2.137090909090909,5.3856,7.387032085561497,5.333333333333333,15.786759115216332,28.7232
2016-03-01,NICOTEK,10.540256870791062,5.32920659465966,3.6866874640639167,6.910513130434783,38.858632873558975,36.82755214719522
2016-03-01,NJOY,19.50257508765915,13.90399719867101,5.0636083238605485,5.604903653846154,98.75340155058623,77.93056470189784
2016-03-01,QUIK E-CIG,2.9375999999999998,2.9375999999999998,5,5,14.687999999999999,14.687999999999999
2016-03-01,V2 CIGS,12.284671532846716,12.852,4.401459854014599,2,54.0704885715808,25.704
2016-03-01,VAPIN PLUS,1.270358224900392,2.0571751677172196,14.30911771917808,12.4563582,18.17770538562581,25.624910769230766
2016-03-01,VAPOR X,12.24,12.24,2,2,24.48,24.48
2016-03-01,VUSE,32.63999999999999,32.64,0.9793565995006097,1.3,31.966199407699893,42.432
2016-03-01,ZIG-ZAG,11.100779220779222,11.161714285714286,1.6545454545454545,1.68,18.366743801652895,18.75168
2016-04-01,21ST CENTURY SMOKE,9.596181290885745,8.186631753130888,4.396102195214339,4.64937645,42.185793638537596,38.062732877828964
2016-04-01,AL CAPONE,12.24,12.24,1,1,12.24,12.24
2016-04-01,BLU,16.267335939752872,14.909629629629631,2.3824315814872286,4.62962962962963,38.75581488952947,69.02606310013718
2016-04-01,CIG2O,16.320000000000004,16.320000000000004,2.9310344827586206,2.6666666666666665,47.8344827586207,43.52000000000001
2016-04-01,E SWISHER,12.24,12.239999999999998,2,2.3333333333333335,24.48,28.56
2016-04-01,FINITI,12.391668679002494,9.822676691729324,4.791484968674653,3.1197368421052634,59.37449421223695,30.644166363276618
2016-04-01,GREEN SMART LIVING,12.34343661971831,13.551428571428572,3.888732394366197,3.125,48.000321840904576,42.348214285714285
2016-04-01,GREEN SMOKE,16.320000000000004,16.320000000000004,3,3,48.96000000000001,48.96000000000001
2016-04-01,JUUL,34.00000000000001,34,2.8,2.8,95.20000000000002,95.19999999999999
2016-04-01,KRAVE,6.899124378109451,7.5684,4.01239416950336,3.2,27.682006429404858,24.21888
2016-04-01,LOGIC,12.713979168473909,14.68601992337165,6.251759563921879,3.427777777777778,79.4847408620103,50.34041273733504
2016-04-01,MARKTEN,20.779505996346604,21.476666666666667,2.112810737828608,1.6666666666666667,43.90316339585505,35.794444444444444
2016-04-01,MISTIC,12.34410442105263,9.844968421052632,13.310022620001781,12.63157894736842,164.3003090678745,124.35749584487534
2016-04-01,NEO,2.203564828614009,5.3856,7.345007451564829,5.333333333333333,16.18520008617607,28.7232
2016-04-01,NICOTEK,10.639027600791694,5.5046518565040214,3.5798912044179283,6.770270863636364,38.08656133163376,37.267984078550995
2016-04-01,NJOY,19.888191198362367,14.282947205618086,4.886578245018435,5.599642551020407,97.18520244268466,79.97939892655705
2016-04-01,V2 CIGS,12.277306733167084,12.852,4.347187586589083,2,53.37175542717051,25.704
2016-04-01,VAPIN PLUS,1.3336535489813908,2.0571751677172196,14.160072867918652,12.4563582,18.88463143413481,25.624910769230766
2016-04-01,VAPOR X,12.24,12.24,2,2,24.48,24.48
2016-04-01,VUSE,32.640140595244574,35.45890909090909,0.9799454087092152,1.2272727272727273,31.98555591593319,43.5177520661157
2016-04-01,ZIG-ZAG,11.75953667953668,11.161714285714286,1.9297297297297298,1.68,22.69272753834916,18.75168
2016-05-01,21ST CENTURY SMOKE,9.5636909773536,8.827615528170123,4.430056441784978,4.5659738333333335,42.36769082146619,40.306661512351795
2016-05-01,AL CAPONE,12.24,12.24,1,1,12.24,12.24
2016-05-01,BLU,16.275847771532064,14.664347826086958,2.404404433333815,4.739130434782608,39.133720538137986,69.49625708884689
2016-05-01,CIG2O,16.320000000000004,16.320000000000004,2.8823529411764706,2.6666666666666665,47.04000000000001,43.52000000000001
2016-05-01,E SWISHER,7.8336,8.568,2.2,2,17.23392,17.136
2016-05-01,FINITI,12.409870508971004,9.941127413127415,4.8050853485937814,3.1567567567567565,59.630486960602624,31.381721131169783
2016-05-01,GREEN SMART LIVING,12.24,12.24,4.102803738317757,3.5,50.218317757009345,42.84
2016-05-01,GREEN SMOKE,16.320000000000004,16.320000000000004,3,3,48.96000000000001,48.96000000000001
2016-05-01,JUUL,34.00000000000001,34.00000000000001,2.8000000000000003,2.8,95.20000000000003,95.20000000000002
2016-05-01,KRAVE,6.960518740629684,7.5684,3.8280859570214893,3.2,26.645464044589396,24.21888
2016-05-01,LOGIC,13.810155195590974,14.882985440613028,5.581095498457178,3.2933333333333334,77.0757949951078,49.01463205108558
2016-05-01,MARKTEN,21.89502614515792,21.476666666666667,2.320095475964911,1.6666666666666667,50.798551105514335,35.794444444444444
2016-05-01,MISTIC,12.230355015443083,9.765463414634146,13.781725354793645,11.914634146341466,168.55539381445956,116.35192385484834
2016-05-01,NEO,2.5057095057034218,5.3856,7.153992395437262,5.333333333333333,17.92582674897714,28.7232
2016-05-01,NICOTEK,10.201671263945734,5.696806190904987,3.886955697298246,6.616672190476191,39.65344424135767,37.69389909789363
2016-05-01,NJOY,20.282336377837684,14.630085251668758,4.52734094747224,5.531744999999999,91.82505199379034,80.92990094049237
2016-05-01,V2 CIGS,12.258073831009025,12.852000000000002,4.388022969647252,2,53.78870953409948,25.704000000000004
2016-05-01,VAPIN PLUS,1.3374257899755322,2.0571751677172196,14.151190172300145,12.4563582,18.92616669528251,25.624910769230766
2016-05-01,VAPOR X,61.2,61.2,2,2,122.4,122.4
2016-05-01,VUSE,32.64,32.64,0.981814355805119,1.3,32.04642057347908,42.432
2016-05-01,ZIG-ZAG,11.29577142857143,11.161714285714286,1.7359999999999998,1.6799999999999997,19.6094592,18.751679999999997
2016-06-01,21ST CENTURY SMOKE,9.488865591616326,8.827615528170124,4.518110714690406,4.5659738333333335,42.87174529973884,40.3066615123518
2016-06-01,AL CAPONE,12.24,12.24,1,1,12.24,12.24
2016-06-01,BLU,16.282742611540808,14.909629629629631,2.4367636951492213,4.2592592592592595,39.67719605326186,63.50397805212621
2016-06-01,CIG2O,14.114594594594594,14.280000000000001,2.5675675675675675,2.5,36.24017531044558,35.7
2016-06-01,E SWISHER,6.731999999999998,9.791999999999998,2.875,2.3333333333333335,19.354499999999994,22.847999999999995
2016-06-01,FINITI,12.470141905186836,10.055819548872181,4.809739473036047,3.205263157894737,59.978133755738064,32.23154792243768
2016-06-01,GREEN SMART LIVING,12.24,12.240000000000002,3.8,3.5,46.512,42.84
2016-06-01,GREEN SMOKE,16.320000000000004,16.320000000000004,3,3,48.96000000000001,48.96000000000001
2016-06-01,JUUL,34,34,2.8,2.8,95.19999999999999,95.19999999999999
2016-06-01,KRAVE,6.9025895456271344,7.5684,3.8144538665991647,3.2,26.329609381864394,24.21888
2016-06-01,LOGIC,14.365224004932621,14.632845577211397,5.239918805128661,3.379347826086957,75.2726074033321,49.44947489081548
2016-06-01,MARKTEN,22.32984903241644,21.476666666666667,2.3738813806646943,1.6666666666666667,53.008412851106925,35.794444444444444
2016-06-01,MISTIC,12.063048065574835,9.906379487179487,14.250814206442874,12.564102564102564,171.9082567458971,124.46476791584483
2016-06-01,NEO,2.2995890236119974,5.3856,7.284301212507977,5.333333333333333,16.750899112966906,28.7232
2016-06-01,NICOTEK,10.069011585198707,5.5046518565040214,3.9576482760310627,6.770270863636364,39.84960634149846,37.267984078550995
2016-06-01,NJOY,20.24780178412258,14.182692460598359,4.5224360607341945,5.509444074074074,91.5693889391141,78.13875093145867
2016-06-01,QUIK E-CIG,2.9375999999999998,2.9375999999999998,5,5,14.687999999999999,14.687999999999999
2016-06-01,V2 CIGS,12.262211276733636,12.852,4.428386260531433,2,54.30180794162083,25.704
2016-06-01,VAPIN PLUS,1.3708752460288445,2.05717516771722,14.072424966898955,12.4563582,19.29153903872006,25.62491076923077
2016-06-01,VAPOR X,61.2,61.2,2,2,122.4,122.4
2016-06-01,VUSE,32.640169179147236,35.45890909090909,0.9819543334151731,1.2272727272727273,32.051155568868005,43.5177520661157
2016-06-01,ZIG-ZAG,12.068571428571431,11.161714285714286,2.0588235294117645,1.68,24.847058823529416,18.75168
2016-07-01,21ST CENTURY SMOKE,9.243280345537038,8.186631753130888,4.808781598134004,4.64937645,44.448916432012226,38.062732877828964
2016-07-01,AL CAPONE,12.24,12.24,1,1,12.24,12.24
2016-07-01,BLU,16.291519151584883,14.855384615384617,2.4418556540138754,4.230769230769231,39.78153815277288,62.849704142011845
2016-07-01,CIG2O,16.119344262295087,15.300000000000002,2.9344262295081966,2.75,47.301026605751154,42.07500000000001
2016-07-01,E SWISHER,5.759999999999999,7.833599999999999,2.9411764705882355,2.6,16.941176470588232,20.367359999999998
2016-07-01,FINITI,12.41037925975635,9.989274725274726,4.8127235550352,3.167948717948718,59.727724590349695,31.645510059171595
2016-07-01,GREEN SMART LIVING,12.24,12.24,4.027027027027027,3,49.29081081081081,36.72
2016-07-01,GREEN SMOKE,16.330045549673773,16.82215384615385,3.1477286716730273,2.8461538461538463,51.40255258643466,47.8784378698225
2016-07-01,JUUL,34,34,2.8,2.8,95.19999999999999,95.19999999999999
2016-07-01,KRAVE,6.78321524491623,7.593333333333333,3.9117534211536,3.3333333333333335,26.534265440722315,25.31111111111111
2016-07-01,LOGIC,14.532562167933715,14.324338557993732,4.8525242821820544,3.4375,70.51961080221864,49.239913793103455
2016-07-01,MARKTEN,22.657077109406547,22.65857142857143,2.408321261488043,1.6571428571428573,54.56552052575784,37.54848979591837
2016-07-01,MISTIC,11.549143861904673,9.906379487179487,15.276712956835757,12.564102564102564,176.43295567551928,124.46476791584483
2016-07-01,NEO,3.0668252788104087,5.3856,6.799256505576208,5.333333333333333,20.85213172841724,28.7232
2016-07-01,NICOTEK,9.945042046963437,5.696806190904987,4.094574982047634,6.616672190476191,40.72072036090828,37.69389909789363
2016-07-01,NJOY,20.14946338521413,13.801697350831141,4.6024527901438725,5.533113018867925,92.73695397718058,76.36635129435874
2016-07-01,V2 CIGS,12.251553982300884,12.852,4.392330383480826,2,53.812872801315685,25.704
2016-07-01,VAPIN PLUS,1.3815833708823526,1.9592144454449714,14.047209978284377,12.6870315,19.407391713290348,24.856615384615385
2016-07-01,VUSE,32.64078079897935,37.808,0.9799919422189953,1.1666666666666667,31.987702170736263,44.10933333333334
2016-07-01,ZIG-ZAG,11.350769230769231,11.161714285714286,1.758974358974359,1.68,19.965712031558187,18.75168
2016-08-01,21ST CENTURY SMOKE,9.116984466983647,8.827615528170123,4.9639417779208594,4.5659738333333335,45.256180084315666,40.306661512351795
2016-08-01,AL CAPONE,12.24,12.24,1,1,12.24,12.24
2016-08-01,BLU,16.2960829722543,14.855384615384617,2.440721239922452,4.230769230769231,39.77419583791967,62.849704142011845
2016-08-01,CIG2O,15.99789473684211,15.3,2.9473684210526314,2.75,47.15168975069253,42.075
2016-08-01,E SWISHER,9.398571428571428,9.558857142857141,2.9285714285714284,2.7142857142857144,27.524387755102037,25.945469387755097
2016-08-01,FINITI,12.3667569979657,9.794100386100387,4.815016875688999,3.1567567567567565,59.54614364274986,30.917592570176357
2016-08-01,GREEN SMART LIVING,12.24,12.24,4.331606217616581,3.5,53.01886010362695,42.84
2016-08-01,GREEN SMOKE,16.48746350659844,16.972800000000003,3.918125504982494,2.8,64.59995127767145,47.52384000000001
2016-08-01,IMPERIAL,0.7347054170418642,0.7347054170418642,19.991686,19.991686,14.687999999999999,14.687999999999999
2016-08-01,JUUL,34.00000000000001,34,2.8,2.8,95.20000000000002,95.19999999999999
2016-08-01,KRAVE,6.695525526830329,7.593333333333333,4.135998262003041,3.3333333333333335,27.692681942167237,25.31111111111111
2016-08-01,LOGIC,14.61785789242032,14.423592775041051,4.030286329879215,3.5011904761904757,58.91415283593861,50.499745656423485
2016-08-01,MARKTEN,22.89594333214736,21.476666666666667,2.4475595950447975,1.6666666666666667,56.03918579019923,35.794444444444444
2016-08-01,MISTIC,11.366156684047384,9.96472,15.591505875003003,12.5,177.21549871552944,124.559
2016-08-01,NEO,2.225454545454545,4.0147200000000005,7.3311688311688314,6.2,16.31518299881936,24.891264000000003
2016-08-01,NICOTEK,10.118528575083296,5.32920659465966,3.9524843735071626,6.910513130434783,39.993326075902424,36.82755214719522
2016-08-01,NJOY,20.494181491750563,14.18346320787455,4.44670505477646,5.293774215686275,91.1315804328734,75.08405181898124
2016-08-01,V2 CIGS,12.25224,12.852,4.275,2,52.37832600000001,25.704
2016-08-01,VAPIN PLUS,1.3751152300021063,1.9592144454449716,14.062440852119346,12.6870315,19.337476586753112,24.856615384615385
2016-08-01,VUSE,32.640644158110405,35.7408,0.9801063625362895,1.25,31.991303016646974,44.676
2016-08-01,ZIG-ZAG,12.22920634920635,11.161714285714286,2.1259259259259258,1.68,25.99838683127572,18.75168
2016-09-01,21ST CENTURY SMOKE,9.34285284001588,8.827615528170123,4.6921599407715275,4.5659738333333335,43.83815982844601,40.306661512351795
2016-09-01,AL CAPONE,12.24,12.24,1,1,12.24,12.24
2016-09-01,BLU,16.30267104720741,14.855384615384617,2.437875021340562,4.230769230769231,39.74387452711893,62.849704142011845
2016-09-01,CIG2O,15.799148936170216,14.96,2.9574468085106385,2.6666666666666665,46.725142598460856,39.89333333333333
2016-09-01,E SWISHER,8.13367741935484,9.384,2.935483870967742,2.5,23.87627887617066,23.46
2016-09-01,FINITI,12.365067604879446,9.64707335907336,4.810245388197849,3.1567567567567565,59.47900942112598,30.45346400918293
2016-09-01,GREEN SMART LIVING,12.240000000000002,12.24,3.5168539325842696,3,43.04629213483147,36.72
2016-09-01,GREEN SMOKE,16.398650602409642,16.91345454545455,4.136720796228392,2.8181818181818183,67.83663897707122,47.66519008264464
2016-09-01,IMPERIAL,0.7347054170418642,0.7347054170418642,19.991686,19.991686,14.687999999999999,14.687999999999999
2016-09-01,JUUL,34,34.00000000000001,2.8,2.8,95.19999999999999,95.20000000000002
2016-09-01,KRAVE,6.660700285442434,7.32942857142857,4.239137329527434,3.4285714285714284,28.23562322081306,25.129469387755098
2016-09-01,LOGIC,14.504132283135496,14.021071166544388,3.9713313527649663,3.807181468085106,57.600715280666506,53.380762307970215
2016-09-01,MARKTEN,22.957842727471228,21.476666666666667,2.460238934464581,1.6666666666666667,56.48177852943925,35.794444444444444
2016-09-01,MISTIC,11.317625276015077,8.808266666666668,15.754019752850803,12.8125,178.29809215370506,112.85591666666669
2016-09-01,NICOTEK,10.040642240237782,5.5046518565040214,4.001669008662507,6.770270863636364,40.179326879827215,37.267984078550995
2016-09-01,NJOY,20.280037316326222,14.014677607045648,4.328012010895572,5.544517105263158,87.77224508647029,77.70461971701314
2016-09-01,V2 CIGS,12.246076954902774,12.852000000000002,4.268514687629293,2,52.272559347841096,25.704000000000004
2016-09-01,VAPIN PLUS,1.2874073063647968,1.9592144454449714,14.268971344262294,12.6870315,18.369977962913193,24.856615384615385
2016-09-01,VUSE,32.64061997710675,35.7408,0.9797684683018509,1.25,31.980250239392678,44.676
2016-09-01,ZIG-ZAG,11.100779220779222,11.329285714285714,1.6545454545454545,1.75,18.366743801652895,19.826249999999998
2016-10-01,21ST CENTURY SMOKE,9.263666027755457,8.827615528170123,4.766579292607707,4.5659738333333335,44.15599866153266,40.306661512351795
2016-10-01,AL CAPONE,12.24,12.24,1,1,12.24,12.24
2016-10-01,BLU,16.30422427258061,14.96,2.397746481975343,4.285714285714286,39.09339639091715,64.11428571428571
2016-10-01,CIG2O,15.949090909090915,14.960000000000003,3,3,47.847272727272745,44.88000000000001
2016-10-01,E SWISHER,12.24,12.24,1,1,12.24,12.24
2016-10-01,FAZE,1.4694108340837284,1.4694108340837284,9.995843,9.995843,14.687999999999999,14.687999999999999
2016-10-01,FINITI,12.434378362674158,9.858920634920636,4.812771837815229,3.1958333333333333,59.84382600461723,31.5074671957672
2016-10-01,GREEN SMART LIVING,12.24,12.24,3.8181818181818183,3.5,46.734545454545454,42.84
2016-10-01,GREEN SMOKE,16.394368432401354,17.045333333333335,4.1748724214763175,2.7777777777777777,68.44439663595433,47.348148148148155
2016-10-01,JUUL,34.00000000000001,34,2.8000000000000003,2.8,95.20000000000003,95.19999999999999
2016-10-01,KRAVE,6.688657223796033,6.935999999999999,4.141643059490085,3.3333333333333335,27.702030768243063,23.119999999999997
2016-10-01,LOGIC,13.310823454268633,13.416810344827587,4.463019448336516,3.8789068541666665,59.40646394977475,52.042557607605964
2016-10-01,MARKTEN,23.038892556604218,21.476666666666667,2.467952949927937,1.6666666666666667,56.85890284814417,35.794444444444444
2016-10-01,MISTIC,10.671362009332709,8.735251063829788,16.552722926772802,12.872340425531915,176.6400985917738,112.44312539610684
2016-10-01,NEO,1.9584,1.9583999999999997,7.5,7.5,14.687999999999999,14.687999999999997
2016-10-01,NICOTEK,10.219895565495316,5.696806190904987,3.857134485129702,6.61667219047619,39.4195116200961,37.69389909789362
2016-10-01,NJOY,18.988082411120928,14.347634981354693,4.480936468719863,5.534199599999999,85.08439094704995,79.40267577475913
2016-10-01,V2 CIGS,12.245382191278857,12.852,4.525100769512642,2,55.41158837673236,25.704
2016-10-01,VAPIN PLUS,1.3207289454533881,2.05717516771722,14.190507116236162,12.4563582,18.741813499075388,25.62491076923077
2016-10-01,VUSE,32.640125482070815,35.7408,0.9816459000206385,1.25,32.04104535563398,44.676
2016-10-01,ZIG-ZAG,11.007032967032966,11.161714285714286,1.6153846153846152,1.68,17.78059171597633,18.75168
2016-11-01,21ST CENTURY SMOKE,8.979009670213447,9.628845246969167,5.057440271666395,4.4617205625,45.410805105819485,42.961216831532724
2016-11-01,BLU,16.30676755367888,14.796800000000001,2.3749964576189533,4.36,38.72851517520303,64.514048
2016-11-01,CIG2O,13.26,14.960000000000003,3,3,39.78,44.88000000000001
2016-11-01,E SWISHER,12.24,12.24,1,1,12.24,12.24
2016-11-01,FINITI,12.65810156325552,9.739490347490348,4.815013434431349,3.3324324324324324,60.948929081471796,32.45619350933946
2016-11-01,GREEN SMART LIVING,12.240000000000002,12.24,3.744186046511628,3.5,45.828837209302336,42.84
2016-11-01,GREEN SMOKE,16.3902655048693,17.04533333333334,4.235776524859046,2.7777777777777777,69.4255018617324,47.34814814814816
2016-11-01,JUUL,34,34,2.8,2.8,95.19999999999999,95.19999999999999
2016-11-01,KRAVE,6.787636363636363,6.935999999999999,3.8181818181818183,3.3333333333333335,25.916429752066115,23.119999999999997
2016-11-01,LOGIC,13.22776278733077,13.284229885057472,4.651303343389772,3.8830562000000004,61.52633727827842,51.58341121739771
2016-11-01,MARKTEN,23.10043631245602,22.17846153846154,2.4723489395758307,1.8461538461538463,57.11233922083965,40.944852071005926
2016-11-01,MISTIC,10.264749520485458,8.675666666666666,17.005557166514617,12.65625,174.55778477056896,109.80140625
2016-11-01,NEO,1.9584,1.9584,7.5,7.5,14.687999999999999,14.687999999999999
2016-11-01,NICOTEK,9.68053523442419,5.696806190904987,4.056859966803195,6.616672190476191,39.27257584976328,37.69389909789363
2016-11-01,NJOY,17.46339609523322,13.73905189692532,4.857481846062748,5.554726909090908,84.82812950319845,76.31668127724755
2016-11-01,V2 CIGS,12.248551965065502,12.939428571428572,4.528384279475983,2.142857142857143,55.46615016494728,27.727346938775508
2016-11-01,VAPIN PLUS,1.299133898157968,2.05717516771722,14.241358117614515,12.4563582,18.501431086400167,25.62491076923077
2016-11-01,VAPOR X,12.24,12.24,2,2,24.48,24.48
2016-11-01,VUSE,31.87665925879464,32.20061538461539,1.1714176119503805,1.8846153846153846,37.3408800658932,60.685775147929
2016-11-01,ZIG-ZAG,11.007032967032966,11.161714285714286,1.6153846153846152,1.68,17.78059171597633,18.75168
2016-12-01,21ST CENTURY SMOKE,9.171764847475506,8.827615528170123,4.814824240116317,4.5659738333333335,44.1604357122718,40.306661512351795
2016-12-01,AL CAPONE,12.24,12.24,1,1,12.24,12.24
2016-12-01,BLU,16.31021259845651,14.96,2.3669162289717582,4.333333333333334,38.604906897266346,64.82666666666668
2016-12-01,CIG2O,16.320000000000004,16.320000000000004,3,3,48.96000000000001,48.96000000000001
2016-12-01,E SWISHER,9.792,8.568,1.6666666666666667,2,16.32,17.136
2016-12-01,FINITI,12.541518380677221,9.612825396825398,4.828855248012818,3.1958333333333333,60.56117685058242,30.720987830687836
2016-12-01,GREEN SMART LIVING,12.24,12.24,4.262569832402234,3.5,52.17385474860335,42.84
2016-12-01,GREEN SMOKE,16.382569354222394,16.972800000000003,4.188893134632531,2.8,68.62483229554348,47.52384000000001
2016-12-01,JUUL,34.00000000000001,34,2.8,2.8,95.20000000000002,95.19999999999999
2016-12-01,KRAVE,6.84225152957172,6.935999999999999,3.6397008837525493,3.3333333333333335,24.90374893903942,23.119999999999997
2016-12-01,LOGIC,13.301063989765304,13.416810344827587,4.682859765126719,3.8789068541666665,62.28701739104781,52.042557607605964
2016-12-01,MARKTEN,23.116058653735134,22.17846153846154,2.4763884078051035,1.8461538461538463,57.24433968425253,40.944852071005926
2016-12-01,MISTIC,9.893447595170871,8.570365217391306,17.559750298169604,12.93478260869565,173.72646935922705,110.85581096408318
2016-12-01,NICOTEK,9.35903480047571,5.6968061909049865,4.261841959181293,6.616672190476191,39.8867272101053,37.69389909789362
2016-12-01,NJOY,21.21575387850767,14.578828405439188,3.549627076155328,5.483941730769231,75.30801440819823,79.9494454783118
2016-12-01,V2 CIGS,12.241816697588128,12.648000000000001,4.487940630797774,2.3333333333333335,54.94054655188439,29.512000000000004
2016-12-01,VAPIN PLUS,1.3804267169494542,1.9592144454449714,14.049933612547893,12.6870315,19.39490373012727,24.856615384615385
2016-12-01,VUSE,30.550836162075278,32.232,1.4992276850876707,1.8214285714285716,45.802659376760815,58.70828571428572
2016-12-01,ZIG-ZAG,11.161714285714288,11.161714285714286,1.68,1.6799999999999997,18.751680000000004,18.751679999999997
2017-01-01,21ST CENTURY SMOKE,9.215621429952712,8.571067469191389,4.7686744253198565,5.0242205625,43.9462982264451,43.06293342128621
2017-01-01,BLU,16.31370594397156,15.014400000000002,2.2989950311393543,4.2,37.505128904659166,63.06048000000001
2017-01-01,FAZE,1.4694108340837284,1.4694108340837284,9.995843,9.995843,14.687999999999999,14.687999999999999
2017-01-01,FINITI,12.27897983678093,9.407629343629344,4.828615792516339,3.1567567567567565,59.2904759558701,29.69759749556506
2017-01-01,GREEN SMART LIVING,12.24,12.24,4.368421052631579,3.5,53.46947368421053,42.84
2017-01-01,GREEN SMOKE,16.37528786943097,16.972800000000003,4.195941773268637,2.8,68.70975442064459,47.52384000000001
2017-01-01,JUUL,34.00000000000001,34.00000000000001,2.7999999999999994,2.8,95.2,95.20000000000002
2017-01-01,KRAVE,6.868062557497699,7.624499999999999,3.626494940202392,3.5,24.906994113758905,26.68575
2017-01-01,LOGIC,13.352563522554808,13.051210564930301,4.681270035081382,3.8976070000000003,62.50695550965653,50.8684896563463
2017-01-01,MARKTEN,23.32050666612881,22.44,2.49542749954618,1.9692307692307693,58.194633638007836,44.18953846153847
2017-01-01,MISTIC,9.65155434808362,8.64844255319149,17.84095495146858,12.872340425531915,172.19294633581055,111.32569669533727
2017-01-01,NICOTEK,6.108218677259294,5.329206594659661,6.756246608146816,6.910513130434782,41.26863172005214,36.82755214719522
2017-01-01,NJOY,22.394203818906657,15.39089231059705,3.028520400488686,5.402999454545455,67.82130311826046,83.1569827591237
2017-01-01,V2 CIGS,12.24,12.240000000000002,4.305494505494505,2.6,52.69925274725274,31.824000000000005
2017-01-01,VAPIN PLUS,1.1922318896168893,1.8775805102180976,14.49308593785523,12.879259249999999,17.279119234069107,24.181846153846152
2017-01-01,VAPORIN,12.240000000000002,12.240000000000002,29.987529,29.987529,367.04735496000006,367.04735496000006
2017-01-01,VUSE,29.421218464250305,29.815384615384616,1.7890501634166942,2.230769230769231,52.63603570138527,66.5112426035503
2017-01-01,ZIG-ZAG,11.385142857142856,11.05,1.773333333333333,1.633333333333333,20.18965333333333,18.048333333333332
2017-02-01,21ST CENTURY SMOKE,9.234141831533863,9.628845246969167,4.745615555158274,4.4617205625,43.82168711426481,42.961216831532724
2017-02-01,AL CAPONE,12.24,12.24,1,1,12.24,12.24
2017-02-01,BLU,16.31344109166227,15.064615384615387,2.318335499329895,4.076923076923077,37.82002959902768,61.41727810650888
2017-02-01,E SWISHER,4.895999999999999,4.895999999999999,3,3,14.687999999999997,14.687999999999997
2017-02-01,FAZE,1.4694108340837282,1.4694108340837282,9.995843,9.995843,14.687999999999997,14.687999999999997
2017-02-01,FINITI,12.426836483187422,9.726127891156464,4.827407639788825,3.2014285714285715,59.98940537734545,31.137503720116623
2017-02-01,GREEN SMART LIVING,12.240000000000002,12.24,4.386363636363637,3.5,53.68909090909092,42.84
2017-02-01,GREEN SMOKE,16.372779118443734,16.972800000000003,4.215300008208159,2.8,69.01617595236624,47.52384000000001
2017-02-01,JUUL,34,34.00000000000001,2.7999999999999994,2.8,95.19999999999997,95.20000000000002
2017-02-01,KRAVE,6.907414012738853,6.935999999999999,3.426751592356688,3.3333333333333335,23.669991967219765,23.119999999999997
2017-02-01,LOGIC,13.549098870105615,12.71064039408867,4.5953585052434125,4.175893547619048,62.26296673112375,53.07828120778092
2017-02-01,MARKTEN,23.274172742568712,22.19272727272727,2.490970274817723,2.1090909090909093,57.975272472711545,46.806479338842976
2017-02-01,MISTIC,9.891483970813578,8.73664,17.440959375735957,12.309999999999999,172.51697010070302,107.54803839999998
2017-02-01,NICOTEK,6.1994281055387805,5.015079621689646,6.731221397370991,7.133718272727274,41.729723115465745,35.776165136429604
2017-02-01,NJOY,23.011857977530536,15.013641960220516,2.6750400108540715,5.393408636363636,61.557640813985635,80.9747062115248
2017-02-01,V2 CIGS,12.24111577028259,12.648000000000001,4.436645396536007,2.3333333333333335,54.30948993068857,29.512000000000004
2017-02-01,VAPIN PLUS,1.20332752728388,1.8775805102180976,14.46695845229897,12.87925925,17.408489341723545,24.181846153846152
2017-02-01,VAPORIN,12.240000000000002,12.240000000000002,29.987529,29.987529,367.04735496000006,367.04735496000006
2017-02-01,VUSE,28.78756597639952,29.815384615384616,1.943669422615848,2.230769230769231,55.953511739864084,66.5112426035503
2017-02-01,ZIG-ZAG,11.496857142857142,11.329285714285714,1.8199999999999998,1.7499999999999998,20.924279999999996,19.826249999999998
2017-03-01,21ST CENTURY SMOKE,9.271670604580187,8.827615528170123,4.696519115005709,4.5659738333333335,43.54457822244739,40.306661512351795
2017-03-01,BLU,16.315370450247965,15.232000000000001,2.3243366122868663,4.04,37.9224128805346,61.53728
2017-03-01,COSMIC FOG,0.4896,0.4896,30,30,14.687999999999999,14.687999999999999
2017-03-01,FAZE,1.4694108340837284,1.4694108340837284,9.995843,9.995843,14.687999999999999,14.687999999999999
2017-03-01,FINITI,11.992424035824783,9.461714285714287,4.8211377104503,3.1958333333333333,57.817127758825436,30.238061904761906
2017-03-01,GREEN SMART LIVING,12.239999999999998,12.24,4.522123893805309,3.5,55.35079646017698,42.84
2017-03-01,GREEN SMOKE,16.375287958115187,16.972800000000003,4.197259008315368,2.8,68.73132489595713,47.52384000000001
2017-03-01,JUUL,34,34,2.8,2.8,95.19999999999999,95.19999999999999
2017-03-01,KRAVE,6.941025755879059,6.935999999999999,3.316909294512878,3.3333333333333335,23.022752843128526,23.119999999999997
2017-03-01,LOGIC,13.670884434631995,12.955758620689656,4.526414464837271,4.128438225,61.88008905203696,53.48704912352845
2017-03-01,MARKTEN,23.214302848575716,22.326666666666668,2.4992003998001002,2,58.017194960241035,44.653333333333336
2017-03-01,MISTIC,10.61711637634246,8.216533333333334,16.403502080410806,12.549019607843137,174.1578905672972,103.10943790849674
2017-03-01,NICOTEK,6.401558073542065,5.329206594659661,6.6186364333933305,6.910513130434782,42.36958549602873,36.82755214719522
2017-03-01,NJOY,23.04802012141556,14.77271049241523,2.6749908153097746,5.493908545454545,61.653242135861504,81.15992041380605
2017-03-01,V2 CIGS,12.241066666666669,12.648000000000001,4.328976034858388,2.3333333333333335,52.99128424110386,29.512000000000004
2017-03-01,VAPIN PLUS,1.2266885544718804,1.8775805102180976,14.411949004554499,12.87925925,17.678972891519415,24.181846153846152
2017-03-01,VAPOR X,12.24,12.24,2,2,24.48,24.48
2017-03-01,VAPORIN,12.240000000000004,12.240000000000004,29.987529,29.987529,367.0473549600001,367.0473549600001
2017-03-01,VUSE,28.056812392317273,29.815384615384616,2.1200495788187825,2.230769230769231,59.481833295329835,66.5112426035503
2017-03-01,ZIG-ZAG,11.236190476190478,11.05,1.7111111111111112,1.633333333333333,19.226370370370375,18.048333333333332
2017-04-01,21ST CENTURY SMOKE,9.3718189686542,8.571067469191387,4.569729572350093,5.0242205625,42.82667828777065,43.0629334212862
2017-04-01,BLU,16.313176321354565,14.96,2.317296463608755,4.166666666666666,37.80246579970102,62.33333333333333
2017-04-01,COSMIC FOG,0.4896,0.4896,30,30,14.687999999999999,14.687999999999999
2017-04-01,FAZE,1.4694108340837284,1.4694108340837284,9.995843,9.995843,14.687999999999999,14.687999999999999
2017-04-01,FINITI,12.06866754035071,9.532190476190477,4.836729894403163,3.2441176470588236,58.37288507802737,30.923547338935577
2017-04-01,GREEN SMART LIVING,12.24,12.24,2,2,24.48,24.48
2017-04-01,GREEN SMOKE,16.373592028576805,16.972800000000007,4.171022121952748,2.8,68.29461456702303,47.523840000000014
2017-04-01,JUUL,34,34.00000000000001,2.8,2.8,95.19999999999999,95.20000000000002
2017-04-01,KRAVE,6.926226044226042,7.329428571428571,3.484029484029484,3.4285714285714284,24.131175751136432,25.1294693877551
2017-04-01,LOGIC,13.639876445555574,12.456588021778584,4.486737807993277,4.179934973684211,61.198549344631154,52.06772792500812
2017-04-01,MARKTEN,23.230547435005064,22.44,2.49339243628726,1.9692307692307693,57.92287126525404,44.18953846153847
2017-04-01,MISTIC,10.685058979581147,8.135575510204083,16.220698364279436,12.755102040816327,173.3191187123212,103.77009579341943
2017-04-01,NICOTEK,5.452478356459771,5.32920659465966,6.99643514335889,6.910513130434783,38.14791119153887,36.82755214719522
2017-04-01,NJOY,22.74445032569559,15.397450144669044,2.799323192768423,5.30810138888889,63.669067303488966,81.73122649826519
2017-04-01,V2 CIGS,12.24,12.240000000000002,4.50140056022409,2.3333333333333335,55.097142857142856,28.560000000000006
2017-04-01,VAPIN PLUS,1.2313637863229208,1.8775805102180976,14.400939988549618,12.87925925,17.73279599090962,24.181846153846152
2017-04-01,VAPOR X,9.792,9.792,2,2,19.584,19.584
2017-04-01,VAPORIN,12.240000000000002,12.240000000000002,29.987528999999995,29.987529000000002,367.04735496,367.04735496000006
2017-04-01,VUSE,27.745931868999072,30.192,2.197946648966595,2.066666666666667,60.98407797392197,62.396800000000006
2017-04-01,ZIG-ZAG,11.710129870129872,11.05,1.909090909090909,1.6333333333333333,22.355702479338845,18.048333333333336
2017-05-01,21ST CENTURY SMOKE,9.356745629572961,9.450108853679046,4.58714806432206,4.970537785714286,42.9207776030495,46.97212313632481
2017-05-01,BLU,16.31356907153878,15.186666666666667,2.3283805074710218,4.166666666666666,37.98419623345303,63.27777777777777
2017-05-01,COSMIC FOG,0.4896,0.4895999999999999,30,30,14.687999999999999,14.687999999999997
2017-05-01,FAZE,1.4694108340837286,1.4694108340837286,9.995843,9.995843,14.688,14.688
2017-05-01,FINITI,12.057647171461847,9.76609523809524,4.826774981240187,3.327272727272727,58.199549699833554,32.49446233766234
2017-05-01,GREEN SMART LIVING,12.24,12.24,4.647058823529412,3,56.88,36.72
2017-05-01,GREEN SMOKE,16.367435624041484,17.04533333333334,4.219747316146936,2.7777777777777777,69.0664425467568,47.34814814814816
2017-05-01,JUUL,34.00000000000001,34,2.8,2.8,95.20000000000002,95.19999999999999
2017-05-01,KRAVE,6.879724137931034,6.935999999999999,3.5172413793103448,3.3333333333333335,24.19765041617122,23.119999999999997
2017-05-01,LOGIC,13.568743489103346,12.639011494252875,4.53607448402192,4.135764694444444,61.54883112116024,52.27197751060856
2017-05-01,MARKTEN,23.198692788615507,22.192727272727275,2.496667919851846,2.1090909090909093,57.919432067834705,46.80647933884298
2017-05-01,MISTIC,9.723873026769445,8.152066666666666,17.683932166394165,12.916666666666668,171.95631100002078,105.29752777777779
2017-05-01,NICOTEK,5.930462511988461,5.32920659465966,6.878521000144323,6.910513130434783,40.79281092928128,36.82755214719522
2017-05-01,NJOY,22.730776622984468,14.84689231059705,2.729701863316272,5.493908545454545,62.048243302386666,81.56746853863251
2017-05-01,V2 CIGS,12.24,12.240000000000002,4.463436518618215,2.6,54.63246298788695,31.824000000000005
2017-05-01,VAPIN PLUS,1.2016801891559008,1.808505641949204,14.470837526619594,13.0419135,17.389318776232543,23.58637414656349
2017-05-01,VAPORIN,12.240000000000002,12.240000000000002,29.987529,29.987529,367.04735496000006,367.04735496000006
2017-05-01,VUSE,27.58137136025959,30.192,2.241216916091523,2.066666666666667,61.815836061616054,62.396800000000006
2017-05-01,ZIG-ZAG,12.167142857142856,11.161714285714286,2.0999999999999996,1.68,25.550999999999995,18.75168
2017-06-01,21ST CENTURY SMOKE,9.276105254434121,8.571067469191387,4.68510190081674,5.0242205625,43.45949835972545,43.0629334212862
2017-06-01,BLU,16.314118525857257,15.064615384615387,2.336329110938127,3.923076923076923,38.11515003125531,59.099644970414204
2017-06-01,COSMIC FOG,0.4895999999999999,0.4895999999999999,30,30,14.687999999999997,14.687999999999997
2017-06-01,FAZE,1.4694108340837282,1.4694108340837282,9.995843,9.995843,14.687999999999997,14.687999999999997
2017-06-01,FINITI,12.073525048752032,9.76609523809524,4.811079910756105,3.327272727272727,58.08669381406152,32.49446233766234
2017-06-01,GREEN SMART LIVING,12.239999999999998,12.24,3.3636363636363638,3,41.170909090909085,36.72
2017-06-01,GREEN SMOKE,16.368271105826402,16.972800000000003,4.225624256837099,2.8,69.16616342726584,47.52384000000001
2017-06-01,JUUL,34,34,2.8,2.8,95.19999999999999,95.19999999999999
2017-06-01,KRAVE,6.859249999999999,7.327,3.607843137254902,3.6666666666666665,24.747098039215686,26.865666666666666
2017-06-01,LOGIC,13.596299379881957,12.563956442831216,4.500579438415978,4.187829710526316,61.19122542764465,52.61571007304709
2017-06-01,MARKTEN,23.173406540940558,22.537142857142857,2.491556316964599,1.885714285714286,57.73784745266921,42.49861224489796
2017-06-01,MISTIC,10.027686748348483,8.152228571428573,17.29137918054693,12.857142857142856,173.3925338694393,104.81436734693878
2017-06-01,NICOTEK,6.009213366688472,5.329206594659661,6.813537527749479,6.910513130434783,40.9440007861857,36.82755214719523
2017-06-01,NJOY,22.822192903891455,15.367198227156313,2.669843699468828,5.416105288461538,60.931687932516795,83.23036358693808
2017-06-01,V2 CIGS,12.24,12.240000000000002,4.385518590998043,3,53.678747553816045,36.720000000000006
2017-06-01,VAPIN PLUS,1.2087866990112435,1.8775805102180976,14.454103451555731,12.879259249999999,17.471927998373072,24.181846153846152
2017-06-01,VAPORIN,12.240000000000002,12.240000000000002,29.987529,29.987529,367.04735496000006,367.04735496000006
2017-06-01,VUSE,27.47222951902264,30.192,2.2702351689474263,2.066666666666667,62.368421623480835,62.396800000000006
2017-06-01,ZIG-ZAG,10.491428571428571,10.491428571428571,1.4,1.4,14.687999999999999,14.687999999999999
2017-07-01,21ST CENTURY SMOKE,9.2055502485282,9.450108853679046,4.766690902009005,4.970537785714285,43.8800126176461,46.972123136324804
2017-07-01,BLU,16.314296934209004,14.855384615384617,2.34146975378883,4.076923076923077,38.19943282578022,60.56426035502959
2017-07-01,COSMIC FOG,0.4896,0.4896,30,30,14.687999999999999,14.687999999999999
2017-07-01,FAZE,1.4694108340837284,1.4694108340837284,9.995843,9.995843,14.687999999999999,14.687999999999999
2017-07-01,FINITI,11.928598473470586,9.591619047619048,4.7533738806769605,3.2441176470588236,56.70108841687815,31.1163406162465
2017-07-01,GREEN SMART LIVING,12.24,12.24,3.8,3.5,46.512,42.84
2017-07-01,GREEN SMOKE,16.363943713394693,17.408000000000005,4.213660911234502,2.6666666666666665,68.95210997877278,46.421333333333344
2017-07-01,JUUL,34.00000000000001,34.00000000000001,2.8,2.8,95.20000000000002,95.20000000000002
2017-07-01,KRAVE,6.837528830313014,7.329428571428571,3.686985172981878,3.4285714285714284,25.209867417200204,25.1294693877551
2017-07-01,LOGIC,13.782746914276412,13.047484573502723,4.451735297552174,4.075987605263158,61.35714093551262,53.181385401459366
2017-07-01,MARKTEN,22.901948853615522,23.018,2.4936611681709726,1.9200000000000002,57.10970053169875,44.19456
2017-07-01,MISTIC,10.63707800027949,8.135575510204083,16.137371805434178,12.755102040816327,171.65448261391438,103.77009579341943
2017-07-01,NICOTEK,6.133406945126895,5.32920659465966,6.76269599857152,6.910513130434783,41.47836660542042,36.82755214719522
2017-07-01,NJOY,22.6918565076027,15.276221541656755,2.7702670769874973,5.243299400000001,62.862502998736254,80.09780324363595
2017-07-01,V2 CIGS,12.240000000000002,12.240000000000002,4.366045142296369,2.3333333333333335,53.44039254170757,28.560000000000006
2017-07-01,VAPIN PLUS,1.1781610091322638,1.8775805102180976,14.526219385220728,12.879259249999999,17.114225289768306,24.181846153846152
2017-07-01,VUSE,27.373977050736343,30.192,2.2960282101560976,2.066666666666667,62.851423532656256,62.396800000000006
2017-07-01,ZIG-ZAG,10.897662337662336,11.05,1.5696969696969698,1.6333333333333333,17.106027548209365,18.048333333333336
2017-08-01,21ST CENTURY SMOKE,9.08650103992831,8.827615528170123,4.910572190525238,4.5659738333333335,44.619919315850616,40.306661512351795
2017-08-01,BLU,16.314660591813492,14.855384615384617,2.297554710030778,4.076923076923077,37.48382528527461,60.56426035502959
2017-08-01,COSMIC FOG,0.4896,0.4895999999999999,30,30,14.687999999999999,14.687999999999997
2017-08-01,FAZE,1.4694108340837284,1.4694108340837284,9.995843,9.995843,14.687999999999999,14.687999999999999
2017-08-01,FINITI,11.652402900418014,9.76609523809524,4.682338110853318,3.327272727272727,54.56049018364501,32.49446233766234
2017-08-01,GREEN SMART LIVING,12.24,12.24,2,2,24.48,24.48
2017-08-01,GREEN SMOKE,16.373273885350322,17.136000000000003,4.199044585987261,2.75,68.75210706316687,47.12400000000001
2017-08-01,JUUL,34.00000000000001,34.00000000000001,2.8000000000000003,2.7999999999999994,95.20000000000003,95.2
2017-08-01,KRAVE,6.847947281713344,6.854399999999999,3.6210873146622733,3.6,24.797015033288186,24.675839999999997
2017-08-01,LOGIC,13.8351883929119,12.500224887556223,4.460803043489551,3.8899462826086957,61.716050490352714,48.62520333312203
2017-08-01,MARKTEN,22.866558897505765,22.962142857142858,2.508928945713688,1.942857142857143,57.37057150681909,44.61216326530613
2017-08-01,MISTIC,11.017889721443334,8.299264,15.313954821157095,12.7,168.72746541867434,105.4006528
2017-08-01,NICOTEK,6.417051002243763,5.015079621689646,6.528984952809465,7.133718272727274,41.896829435060425,35.776165136429604
2017-08-01,NJOY,22.523374676157054,15.365546405293967,2.857506691846935,5.393028365384614,64.36069386009459,82.86682761338396
2017-08-01,V2 CIGS,12.240000000000002,12.240000000000002,4.268698060941828,3,52.248864265927985,36.720000000000006
2017-08-01,VAPIN PLUS,1.1884960517162029,1.8775805102180976,14.501882913181941,12.87925925,17.235430584767403,24.181846153846152
2017-08-01,VAPORIN,12.240000000000002,12.240000000000002,29.987529,29.987529,367.04735496000006,367.04735496000006
2017-08-01,VUSE,27.091907994580946,30.192,2.365667498278785,2.066666666666667,64.09044620913933,62.396800000000006
2017-08-01,ZIG-ZAG,11.28,11.05,1.7294117647058824,1.6333333333333333,19.50776470588235,18.048333333333336
2017-09-01,21ST CENTURY SMOKE,9.092622038283647,9.211793662625555,4.903206047621685,5.49896075,44.58299936685059,50.65529178787667
2017-09-01,BLU,16.31404459784117,15.064615384615387,2.3020555293480705,4.076923076923077,37.55583657249129,61.41727810650888
2017-09-01,COSMIC FOG,0.4895999999999999,0.4895999999999999,30,30,14.687999999999997,14.687999999999997
2017-09-01,FAZE,1.4694108340837282,1.4694108340837282,9.995843,9.995843,14.687999999999997,14.687999999999997
2017-09-01,FINITI,11.733394442736094,9.656196248196249,4.621962191108939,3.289393939393939,54.231305487693966,31.763033416415233
2017-09-01,GREEN SMART LIVING,12.240000000000002,12.240000000000002,3.5517241379310347,3.5,43.47310344827587,42.84
2017-09-01,GREEN SMOKE,16.36535233874349,17.408000000000005,4.182607654069593,2.6666666666666665,68.44984795357425,46.421333333333344
2017-09-01,JUUL,34,34,2.8,2.8,95.19999999999999,95.19999999999999
2017-09-01,KRAVE,6.8053524150268325,6.854399999999999,3.7602862254025045,3.6,25.590072945235065,24.675839999999997
2017-09-01,LOGIC,13.324910915874746,12.420919540229887,4.493479983747078,3.7683829215686275,59.87522048569612,46.80678106558035
2017-09-01,MARKTEN,22.900293273763175,22.962142857142858,2.5058490798048942,1.9428571428571428,57.384678827321665,44.61216326530612
2017-09-01,MISTIC,10.756356353997937,8.235493877551022,15.866743565830593,12.857142857142856,170.6683479715778,105.88492128279884
2017-09-01,NICOTEK,5.711507882219574,5.32920659465966,7.014009795742868,6.910513130434782,40.060572234350694,36.82755214719521
2017-09-01,NJOY,22.907069284502846,16.37414155193661,2.680063267068241,5.053888518518518,61.39239494558325,82.75308598992942
2017-09-01,V2 CIGS,12.24,12.240000000000002,4.273960983884648,2.6,52.3132824427481,31.824000000000005
2017-09-01,VAPIN PLUS,1.2955776009312545,1.8775805102180976,14.249732319009096,12.87925925,18.46163401177437,24.181846153846152
2017-09-01,VUSE,26.728310772251625,30.192,2.4608099811487625,2.066666666666667,65.77329392760278,62.396800000000006
2017-09-01,ZIG-ZAG,12.92883116883117,11.05,2.418181818181818,1.6333333333333333,31.26426446280992,18.048333333333336
2017-10-01,21ST CENTURY SMOKE,9.174168666827793,9.628845246969165,4.804435956067188,4.4617205625,44.07670580993243,42.96121683153272
2017-10-01,AL CAPONE,12.24,12.24,1,1,12.24,12.24
2017-10-01,BLU,16.314611631622125,14.796800000000001,2.302524273817294,4.119999999999999,37.56478929971191,60.96281599999999
2017-10-01,COSMIC FOG,0.4896,0.4895999999999999,30,30,14.687999999999999,14.687999999999997
2017-10-01,FAZE,1.4694108340837284,1.4694108340837284,9.995843000000002,9.995843,14.688000000000002,14.687999999999999
2017-10-01,FINITI,11.139844575844648,9.731285714285715,4.481628138786509,3.275,49.92464091281364,31.869960714285714
2017-10-01,GREEN SMOKE,16.3698434756051,17.408000000000005,4.213254943880278,2.6666666666666665,68.9703239541395,46.421333333333344
2017-10-01,JUUL,34.00000000000001,34,2.8000000000000003,2.8,95.20000000000003,95.19999999999999
2017-10-01,KRAVE,6.813941422594142,6.854399999999999,3.7322175732217575,3.6,25.43111192030952,24.675839999999997
2017-10-01,LOGIC,12.781313000141028,13.05088827586207,4.210120783773277,3.64375058,53.81087150580532,47.554181724687616
2017-10-01,MARKTEN,22.93791346029279,22.89769230769231,2.5036403679233064,1.9692307692307693,57.428286095120406,45.0908402366864
2017-10-01,MISTIC,11.234504223091696,7.965066666666667,15.249237674117445,13,171.31762504880143,103.54586666666667
2017-10-01,NICOTEK,5.974473795695668,5.015079621689645,6.819290333415262,7.133718272727274,40.74167140223026,35.776165136429604
2017-10-01,NJOY,23.998401056668808,16.82167722630233,2.0974103367230734,5.139411372549019,50.33449444108309,86.45351924220704
2017-10-01,V2 CIGS,12.240000000000002,12.240000000000002,4.182346109175377,2.3333333333333335,51.19191637630662,28.560000000000006
2017-10-01,VAPIN PLUS,1.3132897365123104,1.8085056419492043,14.208024615454457,13.0419135,18.659252903590605,23.586374146563493
2017-10-01,VUSE,26.03273209156832,30.192,2.6409725579411347,2.066666666666667,68.75173106206546,62.396800000000006
2017-10-01,ZIG-ZAG,11.236190476190478,11.329285714285716,1.711111111111111,1.7499999999999998,19.226370370370372,19.826249999999998
2017-11-01,21ST CENTURY SMOKE,8.951616097127134,9.450108853679046,5.077909569817315,4.970537785714285,45.4554970449326,46.972123136324804
2017-11-01,BLU,16.316650117384444,15.186666666666667,2.2579301851210407,3.9166666666666665,36.84185682010111,59.48111111111111
2017-11-01,COSMIC FOG,0.4896,0.4896,30,30,14.687999999999999,14.687999999999999
2017-11-01,FAZE,1.4694108340837282,1.4694108340837282,9.995843,9.995843,14.687999999999997,14.687999999999997
2017-11-01,FINITI,11.28581454456014,9.698285714285715,4.440577601049438,3.2808823529411764,50.11553527617172,31.818934453781516
2017-11-01,GREEN SMART LIVING,12.240000000000002,12.24,4.068965517241379,3.5,49.80413793103449,42.84
2017-11-01,GREEN SMOKE,16.362609664859914,17.252571428571432,4.24879761813879,2.7142857142857144,69.52141697059155,46.828408163265316
2017-11-01,JUUL,34,34,2.7999999999999994,2.8,95.19999999999997,95.19999999999999
2017-11-01,KRAVE,6.759231850117095,6.731999999999999,3.911007025761124,4,26.435403254556316,26.927999999999997
2017-11-01,LOGIC,12.599383203777887,12.851127506014436,3.8240063961806565,3.634593697674419,48.18012195917777,46.70862704137044
2017-11-01,MARKTEN,22.92904039709431,22.962142857142858,2.516407646816119,1.942857142857143,57.69881258940383,44.61216326530613
2017-11-01,MISTIC,10.022676761129286,8.135575510204083,16.947077704093406,12.755102040816327,169.85508187386924,103.77009579341943
2017-11-01,NICOTEK,4.652699530572863,5.32920659465966,7.64697378031927,6.910513130434783,35.57907131799446,36.82755214719522
2017-11-01,NJOY,23.669164457149307,17.680373160455723,2.031736212804922,4.76829744680851,48.089498554425404,84.30527819962272
2017-11-01,V2 CIGS,12.24,12.240000000000002,4.221400113830393,2.6,51.669937393284016,31.824000000000005
2017-11-01,VAPIN PLUS,1.2079515904812084,1.9592144454449714,14.456069925832493,12.6870315,17.462232659016923,24.856615384615385
2017-11-01,VUSE,25.302079253186378,24.48,2.6852984968584153,2.1619047619047618,67.94363538597388,52.923428571428566
2017-11-01,ZIG-ZAG,11.980952380952381,11.329285714285714,2.022222222222222,1.7499999999999998,24.228148148148147,19.826249999999998
2017-12-01,21ST CENTURY SMOKE,9.105431328161757,8.571067469191389,4.88959066842244,5.0242205625,44.52183205414107,43.06293342128621
2017-12-01,BLU,16.316605006177337,14.900869565217393,2.2600360485385957,3.347826086956522,36.8761155037261,49.885519848771274
2017-12-01,COSMIC FOG,0.4896,0.4895999999999999,30,30,14.687999999999999,14.687999999999997
2017-12-01,FAZE,1.4694108340837284,1.4694108340837284,9.995843,9.995843,14.687999999999999,14.687999999999999
2017-12-01,FINITI,11.51079949124913,9.601246753246754,4.413873313867044,3.327272727272727,50.807210695698885,31.945966469893744
2017-12-01,GREEN SMOKE,16.36055038082158,17.625600000000006,4.295542514670995,2.6,70.27743972423583,45.826560000000015
2017-12-01,JUUL,34,34,2.8,2.8,95.19999999999999,95.19999999999999
2017-12-01,KRAVE,6.758042553191488,6.731999999999999,3.9148936170212765,4,26.457017655047526,26.927999999999997
2017-12-01,LOGIC,12.46748960321477,12.837238244514108,3.7483847110617066,3.7167620227272726,46.73294741401102,47.71295958391216
2017-12-01,MARKTEN,23.22149238300849,23.355384615384615,2.5551170168556987,2.0307692307692307,59.33363034460998,47.429396449704136
2017-12-01,MISTIC,9.742843659447296,8.217664000000001,17.168850232869293,12.7,167.2734236313108,104.3643328
2017-12-01,NICOTEK,3.4560715432064493,5.32920659465966,8.490621808511861,6.910513130434783,29.34419641652592,36.82755214719522
2017-12-01,NJOY,23.99648132695912,17.347654634343627,1.9801952742352296,4.799285102040816,47.51771892191838,83.25634044195469
2017-12-01,V2 CIGS,12.240000000000002,12.240000000000002,4.4144542772861355,2.6,54.032920353982306,31.824000000000005
2017-12-01,VAPIN PLUS,1.1679899171386783,1.9592144454449714,14.550169794122814,12.6870315,16.994451612191206,24.856615384615385
2017-12-01,VUSE,25.228202211604703,24.294545454545457,2.6682719060312423,2.2363636363636363,67.31570320090009,54.33143801652893
2017-12-01,ZIG-ZAG,11.768163265306123,11.608571428571429,1.9333333333333331,1.8666666666666665,22.75178231292517,21.66933333333333
2018-01-01,21ST CENTURY SMOKE,9.116333003498815,8.76118038163414,5.28289532395509,4.308524045454545,48.16063299580135,37.74775634083532
2018-01-01,AL CAPONE,12.24,12.24,1,1,12.24,12.24
2018-01-01,BLU,15.842887312290983,13.839360000000001,2.2140476666400746,2.85,35.07690768661949,39.442176
2018-01-01,CIG2O,12.24,12.24,2,2,24.48,24.48
2018-01-01,COSMIC FOG,0.4896,0.4895999999999999,30,30,14.687999999999999,14.687999999999997
2018-01-01,FAZE,1.4694108340837282,1.4694108340837282,9.995843,9.995843,14.687999999999997,14.687999999999997
2018-01-01,FINITI,11.01971406557658,9.821044733044735,4.394533858402535,3.2893939393939395,48.426506571090925,32.30528502339412
2018-01-01,FLAVORED MIST,0.9796072227224857,0.9796072227224857,14.9937645,14.9937645,14.687999999999999,14.687999999999999
2018-01-01,GREEN SMART LIVING,12.24,12.24,2,2,24.48,24.48
2018-01-01,GREEN SMOKE,16.389429222588,17.625600000000002,4.143074195998987,2.6,67.90262129925608,45.82656000000001
2018-01-01,IMPERIAL,0.7347054170418643,0.7347054170418642,19.991686000000005,19.991686,14.688000000000004,14.687999999999999
2018-01-01,JAK,11.750399999999999,11.750399999999999,1.25,1.25,14.687999999999999,14.687999999999999
2018-01-01,JUUL,34,34.00000000000001,2.8,2.8,95.19999999999999,95.20000000000002
2018-01-01,KRAVE,6.575952191235059,6.994285714285713,4.50996015936255,3.142857142857143,29.657282392342978,21.982040816326524
2018-01-01,LOGIC,12.486323861555045,13.232959647835656,3.4627998823072192,3.5656921063829787,43.23764079824263,47.184659760372085
2018-01-01,MARKTEN,24.109173005648525,22.89769230769231,2.649431844348379,2.0307692307692307,63.87561070206953,46.49992899408284
2018-01-01,MISTIC,9.795300710246183,8.296533333333334,17.14243995901758,12.647058823529411,167.91535430591745,104.92674509803922
2018-01-01,NICOTEK,2.3787012606698994,5.020422933813586,9.258860367814254,7.157339520000001,22.024062829286333,35.93287147129833
2018-01-01,NJOY,24.443726845944344,16.200031993716475,1.9600264865827923,5.024466639344262,47.91035204884577,81.39652030873815
2018-01-01,V2 CIGS,12.240230226652875,12.589714285714287,4.511708830997837,2.142857142857143,55.224354807036434,26.97795918367347
2018-01-01,VAPIN PLUS,1.0652773358852203,1.7492986120044387,14.7920325480887,13.181331428571427,15.757617025155398,23.05808477237048
2018-01-01,VAPOR X,29.784000000000002,34.272000000000006,2,2,59.568000000000005,68.54400000000001
2018-01-01,VUSE,24.12969119135437,23.165333333333336,2.858804641261471,2.6266666666666665,68.98207317004992,60.84760888888889
2018-01-01,ZIG-ZAG,10.855934397928355,11.05,1.5522658610271902,1.6333333333333333,16.85129635545495,18.048333333333336
2018-02-01,21ST CENTURY SMOKE,9.287911251728993,9.09087735133111,5.079263545805672,4.308524045454545,47.1757490375854,39.16826366248822
2018-02-01,BLU,15.88865323041586,13.896994594594595,2.2197902477675986,3.22972972972973,35.26947749103828,44.88353659605552
2018-02-01,COSMIC FOG,0.4895999999999999,0.4896,30,30,14.687999999999997,14.687999999999999
2018-02-01,FAZE,1.4694108340837284,1.4694108340837284,9.995843,9.995843,14.687999999999999,14.687999999999999
2018-02-01,FINITI,10.885593166719394,9.65104761904762,4.377823473584309,3.2441176470588236,47.655205289153116,31.309133893557426
2018-02-01,GREEN SMART LIVING,12.24,12.24,2,2,24.48,24.48
2018-02-01,GREEN SMOKE,16.374943802765838,17.625600000000002,4.17004195369555,2.6,68.2842026469405,45.82656000000001
2018-02-01,IMPERIAL,0.7347054170418642,0.7347054170418642,19.99168600000001,19.991686,14.688000000000004,14.687999999999999
2018-02-01,JAK,11.750399999999999,11.750399999999999,1.25,1.25,14.687999999999999,14.687999999999999
2018-02-01,JUUL,34,34.00000000000001,2.7999999999999994,2.8,95.19999999999997,95.20000000000002
2018-02-01,KRAVE,6.560639999999999,6.935999999999999,4.56,3.3333333333333335,29.916518399999994,23.119999999999997
2018-02-01,LOGIC,12.553205418245838,13.739201591511938,3.3931540573349976,3.3949524807692306,42.59495989748054,46.64393652689201
2018-02-01,MARKTEN,24.04919600933405,22.8225,2.637153077259916,2.066666666666667,63.42141126164218,47.166500000000006
2018-02-01,MISTIC,9.777939018427244,8.296533333333334,17.354832972259796,12.647058823529411,169.69449847774672,104.92674509803922
2018-02-01,NICOTEK,2.4623310042262205,5.168381771302331,9.23919775391575,7.0390685416666665,22.749963083644012,36.38059353769768
2018-02-01,NJOY,24.262023968622483,15.794971283484701,1.9658861651327295,5.063944765625001,47.69637725803362,79.98486215419956
2018-02-01,V2 CIGS,12.240662875710804,12.589714285714287,4.512952432530012,2.142857142857143,55.24152930071889,26.97795918367347
2018-02-01,VAPIN PLUS,1.0739934285651511,1.7492986120044387,14.771508303116333,13.181331428571427,15.864502847542507,23.05808477237048
2018-02-01,VAPOR X,61.2,61.2,2,2,122.4,122.4
2018-02-01,VUSE,23.667866453463542,23.35448275862069,2.9440838796629296,2.6137931034482755,69.68018409165705,61.04378596908442
2018-02-01,ZIG-ZAG,10.852205584783489,11.05,1.5507082152974505,1.6333333333333333,16.82860435442063,18.048333333333336
2018-03-01,21ST CENTURY SMOKE,9.191927810214054,9.860170280624041,5.1952770703636695,3.8994331363636365,47.754611784843206,38.449074722453325
2018-03-01,AL CAPONE,12.24,12.24,1,1,12.24,12.24
2018-03-01,BLU,15.913069980775385,13.688400000000001,2.2352367613887347,2.984375,35.56947900758067,40.851318750000004
2018-03-01,CIG2O,13.872,14.280000000000001,2,2,27.744,28.560000000000002
2018-03-01,COSMIC FOG,0.4896,0.4895999999999999,30,30,14.687999999999999,14.687999999999997
2018-03-01,FAZE,1.4694108340837282,1.4694108340837282,9.995843,9.995843,14.687999999999997,14.687999999999997
2018-03-01,FINITI,10.796807949076232,9.88227417027417,4.097585778605807,3.1424242424242426,44.2408467064729,31.054297922952472
2018-03-01,GREEN SMART LIVING,12.24,12.24,4.142857142857143,3.5,50.70857142857143,42.84
2018-03-01,GREEN SMOKE,16.375039481151198,17.952000000000005,4.147466558573166,2.5,67.91492864338989,44.88000000000001
2018-03-01,IMPERIAL,0.7347054170418642,0.7347054170418642,19.991685999999998,19.991686,14.687999999999997,14.687999999999999
2018-03-01,JAK,11.750399999999997,11.750399999999997,1.25,1.25,14.687999999999997,14.687999999999997
2018-03-01,JUUL,34.00000000000001,34,2.8000000000000003,2.8,95.20000000000003,95.19999999999999
2018-03-01,KRAVE,6.636688524590165,6.994285714285713,4.311475409836065,3.142857142857143,28.613919376511692,21.982040816326524
2018-03-01,LOGIC,12.687190773381515,13.491271364317843,3.2964771432404203,3.300815847826087,41.823034396382916,44.53220232666261
2018-03-01,MARKTEN,23.94750221646723,22.89769230769231,2.6095422813218536,2.030769230769231,62.492019565920046,46.49992899408285
2018-03-01,MISTIC,10.07987535383635,8.296533333333334,16.817285078373484,12.647058823529411,169.51613737993668,104.92674509803922
2018-03-01,NICOTEK,2.4034681608566952,5.168381771302331,9.212670926884512,7.0390685416666665,22.142361249217064,36.38059353769768
2018-03-01,NJOY,24.834031566524487,16.729864105892453,1.9167614525831447,4.961541083333334,47.60091441894714,83.0059080799691
2018-03-01,V2 CIGS,12.240418568863811,12.589714285714287,4.513721467042831,2.142857142857143,55.24984005987027,26.97795918367347
2018-03-01,VAPIN PLUS,1.068218691834163,1.7492986120044387,14.785106381483564,13.181331428571427,15.793726997457307,23.05808477237048
2018-03-01,VAPOR X,45.382153846153855,26.928,2,2,90.76430769230771,53.856
2018-03-01,VUSE,23.194103460711784,23.35448275862069,3.0196421732264813,2.6137931034482755,70.03789298014358,61.04378596908442
2018-03-01,ZIG-ZAG,10.924478330658108,11.05,1.5808988764044942,1.6333333333333333,17.270495518242647,18.048333333333336
2018-04-01,21ST CENTURY SMOKE,8.402572923787023,9.395520642019777,6.287197831400897,4.19937645,52.82863826462167,39.45532811958673
2018-04-01,AL CAPONE,12.24,12.24,1,1,12.24,12.24
2018-04-01,BLU,15.84053678491808,13.778993548387097,2.255766325404212,3.274193548387097,35.7325494557449,45.115091779396465
2018-04-01,CIG2O,13.463999999999999,13.6,2.3,2.3333333333333335,30.967199999999995,31.733333333333334
2018-04-01,COSMIC FOG,0.48960000000000004,0.4896,30,30,14.688,14.687999999999999
2018-04-01,E SWISHER,4.895999999999999,4.895999999999999,3,3,14.687999999999997,14.687999999999997
2018-04-01,FAZE,1.4694108340837284,1.4694108340837284,9.995843,9.995843,14.687999999999999,14.687999999999999
2018-04-01,FINITI,10.575562447138429,9.619301587301587,4.078474767409077,3.3314814814814815,43.13216459181307,32.04652510288066
2018-04-01,GREEN SMART LIVING,12.24,12.24,2,2,24.48,24.48
2018-04-01,GREEN SMOKE,16.381637618359818,17.625600000000002,4.1316535601562085,2.6,67.68325138708522,45.82656000000001
2018-04-01,IMPERIAL,0.7347054170418645,0.7347054170418642,19.99168600000001,19.991686,14.688000000000011,14.687999999999999
2018-04-01,JAK,11.750399999999997,11.750399999999997,1.25,1.25,14.687999999999997,14.687999999999997
2018-04-01,JUST JUICE,1.4694108340837284,1.4694108340837284,9.995843,9.995843,14.687999999999999,14.687999999999999
2018-04-01,JUUL,34,34,2.8,2.8,95.19999999999999,95.19999999999999
2018-04-01,KRAVE,6.676363636363637,6.994285714285714,4.181818181818182,3.142857142857143,27.919338842975208,21.982040816326528
2018-04-01,LOGIC,12.611245499107248,12.857813218390806,3.312925914953608,3.6768235208333335,41.78012203383445,47.27591006786106
2018-04-01,MARKTEN,24.001876561480017,22.8225,2.618865241924735,2.066666666666667,62.85768026782799,47.166500000000006
2018-04-01,MISTIC,9.582125014854109,8.312533333333333,17.256264428514015,12.254901960784315,165.3516830434013,101.86928104575163
2018-04-01,NICOTEK,2.015347441892614,5.16838177130233,9.56130603479422,7.0390685416666665,19.26935365837494,36.38059353769767
2018-04-01,NJOY,25.082844694778206,16.071739457315278,1.886479283112034,5.124072016129031,47.318266878215674,82.352750403746
2018-04-01,V2 CIGS,12.240678022434569,12.852,4.481512255920233,2,54.85674857831396,25.704
2018-04-01,VAPIN PLUS,1.063082058182953,1.7492986120044387,14.797201884739676,13.18133142857143,15.730639834977726,23.058084772370485
2018-04-01,VAPOR X,12.24,12.24,2,2,24.48,24.48
2018-04-01,VUSE,22.94159262123426,23.354482758620694,2.797464506200873,2.6137931034482755,64.17829107362269,61.043785969084425
2018-04-01,ZIG-ZAG,10.977646188008881,11.05,1.6031088082901555,1.6333333333333333,17.598361298289884,18.048333333333336
2018-05-01,21ST CENTURY SMOKE,6.92357216864173,8.186631753130888,8.30620392760625,4.64937645,57.50860234023725,38.062732877828964
2018-05-01,BLU,15.788180238902726,13.694293333333334,2.2054241391177483,2.9833333333333334,34.81963381161789,40.85464177777778
2018-05-01,CIG2O,14.377142857142857,14.280000000000001,2.7142857142857144,2.5,39.02367346938776,35.7
2018-05-01,COSMIC FOG,0.4896,0.4896,30,30,14.687999999999999,14.687999999999999
2018-05-01,E SWISHER,6.528000000000001,6.5280000000000005,3,3,19.584000000000003,19.584000000000003
2018-05-01,FAZE,1.4694108340837286,1.4694108340837286,9.995843,9.995843,14.688,14.688
2018-05-01,FINITI,10.39619546901329,9.6616126984127,3.4881202022093225,3.131666666666667,36.263179441582274,30.25695043386244
2018-05-01,GREEN SMART LIVING,12.24,12.24,5,5,61.2,61.2
2018-05-01,GREEN SMOKE,16.378989055396538,17.625600000000002,4.13633047089858,2.6,67.74891151235104,45.82656000000001
2018-05-01,IMPERIAL,0.734705417041864,0.7347054170418642,19.991685999999998,19.991686,14.687999999999992,14.687999999999999
2018-05-01,JAK,11.7504,11.7504,1.25,1.25,14.688,14.688
2018-05-01,JUST JUICE,1.4694108340837284,1.4694108340837284,9.995843,9.995843,14.687999999999999,14.687999999999999
2018-05-01,JUUL,34.000000000000014,34,2.8000000000000003,2.8,95.20000000000005,95.19999999999999
2018-05-01,KRAVE,6.595199999999999,6.731999999999999,4.447058823529412,4,29.329242352941176,26.927999999999997
2018-05-01,LOGIC,12.63138828732617,13.464648569332356,3.2924588252840805,3.3848410425531914,41.588325842197015,45.57569510103127
2018-05-01,MARKTEN,23.88990387410775,23.018,2.574551349798377,1.9200000000000002,61.50578426563758,44.19456
2018-05-01,MISTIC,9.04765361581393,8.085333333333335,18.274974303213586,12.647058823529411,165.34563733337706,102.25568627450981
2018-05-01,NICOTEK,2.1597932624620393,5.0204229338135855,9.459944379910324,7.157339520000001,20.43152413499595,35.93287147129833
2018-05-01,NJOY,23.84827757855983,16.72523873023357,1.971174129605267,4.960214913793104,47.00910779850248,82.9607785864546
2018-05-01,V2 CIGS,12.24038018325827,12.589714285714287,4.419785681006368,2.142857142857143,54.09985706403901,26.97795918367347
2018-05-01,VAPIN PLUS,1.0644385994788017,1.7492986120044387,14.794007565118083,13.18133142857143,15.74731269329309,23.058084772370485
2018-05-01,VUSE,21.006306243398832,23.35448275862069,2.0206888988819522,2.613793103448276,42.44720983255066,61.04378596908443
2018-05-01,ZIG-ZAG,11.287392857142857,11.05,1.7324999999999997,1.6333333333333333,19.555408124999996,18.048333333333336
2018-06-01,21ST CENTURY SMOKE,6.218717444520441,8.827615528170124,9.204479665608767,4.5659738333333335,57.24005826425491,40.3066615123518
2018-06-01,AL CAPONE,12.24,12.24,1,1,12.24,12.24
2018-06-01,BLU,15.689353453017375,13.688400000000001,2.234766979723059,3.328125,35.06204903000719,45.556706250000005
2018-06-01,CIG2O,12.239999999999998,12.239999999999998,2.6923076923076925,2.5,32.95384615384615,30.599999999999994
2018-06-01,COSMIC FOG,0.49376,2.1397333333333335,30,30,14.8128,64.19200000000001
2018-06-01,E SWISHER,11.190857142857139,8.567999999999998,3,3,33.572571428571415,25.703999999999994
2018-06-01,FAZE,1.4694108340837284,1.4694108340837284,9.995843000000002,9.995842999999999,14.688000000000002,14.687999999999997
2018-06-01,FINITI,10.381571226107946,9.761298059964727,3.4653483739993103,3.0592592592592593,35.975760967951196,29.862341472336535
2018-06-01,GREEN SMART LIVING,12.24,12.24,2,2,24.48,24.48
2018-06-01,GREEN SMOKE,16.384472324723248,17.625600000000002,4.1141740829173,2.6,67.40857140065215,45.82656000000001
2018-06-01,IMPERIAL,0.7347054170418643,0.7347054170418642,19.991686000000005,19.991686,14.688000000000004,14.687999999999999
2018-06-01,JAK,11.750399999999999,11.750399999999999,1.25,1.25,14.687999999999999,14.687999999999999
2018-06-01,JUST JUICE,1.4694108340837284,1.4694108340837284,9.995843,9.995843,14.687999999999999,14.687999999999999
2018-06-01,JUUL,33.99999999999999,34,2.799900017867226,2.333333333333333,95.19660060748566,79.33333333333333
2018-06-01,KRAVE,6.615036339165544,6.854399999999999,4.3822341857335125,3.6,28.988638385360712,24.675839999999997
2018-06-01,LOGIC,12.774383783273088,13.056341954022988,3.26742833277248,3.5851568541666667,41.73938350717579,46.80903384680933
2018-06-01,MARKTEN,24.074348411926014,22.89769230769231,2.6371677646272307,1.9692307692307693,63.488095586336044,45.0908402366864
2018-06-01,MISTIC,8.821664766234548,8.376533333333334,18.57278342302327,12.647058823529411,163.84286913378946,105.93850980392158
2018-06-01,NICOTEK,2.2700186183319584,4.883845545362439,9.384723046303785,7.2665127307692305,21.303496042998606,35.48852583048676
2018-06-01,NJOY,23.738402928141877,16.77448010954392,1.968109897963214,4.960214913793104,46.71978576471497,83.20502641048553
2018-06-01,V2 CIGS,12.240612535968975,12.589714285714287,4.405479794820468,2.142857142857143,53.92577120343744,26.97795918367347
2018-06-01,VAPIN PLUS,1.0663293004874728,1.7492986120044385,14.789555431335616,13.18133142857143,15.770536297616811,23.058084772370485
2018-06-01,VUSE,19.3145014895147,23.35448275862069,2.002500827508165,2.6137931034482755,38.67730521566087,61.04378596908442
2018-06-01,ZIG-ZAG,10.97890909090909,11.05,1.6036363636363633,1.6333333333333333,17.606177851239664,18.048333333333336
2018-07-01,21ST CENTURY SMOKE,5.548604611061162,9.633541454096049,9.893039666713026,4.465973833333333,54.89256551213487,43.0231440563249
2018-07-01,BLU,15.635288820727526,13.512960000000001,2.2216824041061005,2.9833333333333334,34.736646056127164,40.313664
2018-07-01,CIG2O,15.949090909090915,14.280000000000001,2.8181818181818183,2.25,44.94743801652894,32.13
2018-07-01,COSMIC FOG,0.501125960419092,2.1397333333333335,30,30,15.03377881257276,64.19200000000001
2018-07-01,FAZE,1.4694108340837282,1.4694108340837282,9.995843,9.995843,14.687999999999997,14.687999999999997
2018-07-01,FINITI,10.30492016647749,9.332779220779221,3.3964371295245304,2.9795454545454545,35.000013470210256,27.807439905548996
2018-07-01,GREEN SMART LIVING,12.24,12.24,2,2,24.48,24.48
2018-07-01,GREEN SMOKE,16.38836144387148,17.952,4.1417691392304645,2.5,67.87680967078131,44.88
2018-07-01,IMPERIAL,0.7347054170418643,0.7347054170418642,19.991686000000005,19.991686,14.688000000000004,14.687999999999999
2018-07-01,JAK,11.750399999999999,11.750399999999999,1.25,1.25,14.687999999999999,14.687999999999999
2018-07-01,JUST JUICE,1.4694108340837282,1.4694108340837282,9.995843,9.995843,14.687999999999997,14.687999999999997
2018-07-01,JUUL,33.99999999999998,34,2.797536112830782,2.333333333333333,95.11622783624654,79.33333333333333
2018-07-01,KRAVE,6.766829268292682,6.935999999999999,3.886178861788618,3.3333333333333335,26.29710886377156,23.119999999999997
2018-07-01,LOGIC,12.536821718879256,13.746056704980845,3.3817488333514816,3.2130562,42.39638222175544,44.16685272149027
2018-07-01,MARKTEN,24.001105146399183,22.89769230769231,2.616654542697731,1.9692307692307693,62.80260081109131,45.0908402366864
2018-07-01,MISTIC,8.356105143591451,8.296533333333334,18.761725009656903,12.509803921568627,156.77494685584242,103.78800522875818
2018-07-01,NICOTEK,2.161648440763543,5.16838177130233,9.452774087037369,7.0390685416666665,20.43357436613435,36.38059353769767
2018-07-01,NJOY,24.547964471338005,16.389864105892453,1.9233465009400768,5.12820775,47.21424157114927,84.05062812928449
2018-07-01,V2 CIGS,12.240434659090909,12.589714285714287,4.455255681818182,2.142857142857143,54.53426606283897,26.97795918367347
2018-07-01,VAPIN PLUS,1.0572985077183277,1.7492986120044387,14.810820717272211,13.18133142857143,15.6594586424556,23.058084772370485
2018-07-01,VUSE,19.133606741739772,24.752000000000002,1.9920735005003656,2.56,38.11555095921494,63.365120000000005
2018-07-01,ZIG-ZAG,11.353224489795918,11.05,1.7599999999999996,1.6333333333333333,19.98167510204081,18.048333333333336
2018-08-01,21ST CENTURY SMOKE,4.3543081285715015,8.911965086464221,11.0397942360036,4.55937645,48.07066577958728,40.63300373844719
2018-08-01,BLU,15.521410365450809,13.603751724137933,2.324864456027403,2.913793103448276,36.08517526605189,39.6385179548157
2018-08-01,CIG2O,16.048000000000005,14.960000000000003,2.9,2.3333333333333335,46.539200000000015,34.90666666666667
2018-08-01,COSMIC FOG,0.5012617196702002,2.1397333333333335,30,30,15.037851590106005,64.19200000000001
2018-08-01,FAZE,1.4694108340837284,1.4694108340837284,9.995843,9.995843,14.687999999999999,14.687999999999999
2018-08-01,FINITI,10.219552715654954,9.674981937602627,3.4706349206349216,3.2293103448275864,35.46833652822153,31.24351925712021
2018-08-01,GREEN SMART LIVING,12.24,12.24,2,2,24.48,24.48
2018-08-01,GREEN SMOKE,16.38845658242173,17.952,4.115352697095435,2.5,67.44427899770069,44.88
2018-08-01,IMPERIAL,0.7347054170418642,0.7347054170418642,19.991685999999998,19.991686,14.687999999999997,14.687999999999999
2018-08-01,JAK,11.750399999999999,11.750399999999999,1.25,1.25,14.687999999999999,14.687999999999999
2018-08-01,JUST JUICE,1.4694108340837284,1.4694108340837284,9.995843,9.995843,14.687999999999999,14.687999999999999
2018-08-01,JUUL,34.00000000000001,34,2.795805154397893,2.333333333333333,95.05737524952838,79.33333333333333
2018-08-01,KRAVE,6.869228811402392,6.731999999999999,3.5515398320183253,4,24.396339738943492,26.927999999999997
2018-08-01,LOGIC,12.407853856324284,13.059542186353633,3.3946351284807825,3.600798489361702,42.12013656973416,47.024779776377585
2018-08-01,MARKTEN,24.01970877690949,22.962142857142858,2.6185433304496417,2,62.896648217119065,45.924285714285716
2018-08-01,MISTIC,4.651708839168144,8.10016,14.89780979314713,12.8,69.30027349902825,103.68204800000001
2018-08-01,NICOTEK,2.1518167762095977,4.860920109185041,9.462532866271356,7.25815847826087,20.361636967077395,35.28132850263016
2018-08-01,NJOY,24.63867948743399,17.079711542027628,1.9174091954943018,4.958794017857142,47.24243061404276,84.69477142133218
2018-08-01,V2 CIGS,12.240480000000002,12.589714285714287,4.541176470588235,2.142857142857143,55.58617976470589,26.97795918367347
2018-08-01,VAPIN PLUS,1.049044604416825,1.7492986120044387,14.830256620441105,13.181331428571427,15.557600689790638,23.05808477237048
2018-08-01,VUSE,19.186734446286774,25.840000000000003,2.0547478484158774,2.6294117647058823,39.42390132163455,67.944
2018-08-01,ZIG-ZAG,11.342585034013604,11.05,1.7555555555555549,1.6333333333333333,19.912538170823876,18.048333333333336
2018-09-01,21ST CENTURY SMOKE,3.7389557022526922,9.542193127609075,11.656683481523272,4.0244803749999996,43.583823172596205,38.40236897652259
2018-09-01,BLU,15.489291564255113,13.54412972972973,2.3356746480101314,3.121621621621622,36.177945622267856,42.27964821037254
2018-09-01,CIG2O,15.670909090909099,14.280000000000001,2.8863636363636362,2.5,45.23194214876035,35.7
2018-09-01,COSMIC FOG,0.4895999999999999,0.4895999999999999,30,30,14.687999999999997,14.687999999999997
2018-09-01,FAZE,1.4694108340837284,1.4694108340837284,9.995843,9.995843,14.687999999999999,14.687999999999999
2018-09-01,FINITI,10.301005301394074,9.599564625850341,3.5993446887885336,3.275,37.076868720755286,31.438574149659868
2018-09-01,GREEN SMART LIVING,12.24,12.24,4.142857142857143,3.5,50.70857142857143,42.84
2018-09-01,GREEN SMOKE,16.389626521191776,17.625600000000002,4.098055672121975,2.6,67.16560192913072,45.82656000000001
2018-09-01,IMPERIAL,0.7347054170418642,0.7347054170418642,19.991686,19.991686,14.687999999999999,14.687999999999999
2018-09-01,JAK,11.750399999999999,11.750399999999999,1.25,1.25,14.687999999999999,14.687999999999999
2018-09-01,JUST JUICE,1.4694108340837284,1.4694108340837284,9.995843,9.995843,14.687999999999999,14.687999999999999
2018-09-01,JUUL,34.000000000000014,34.00000000000001,2.795783989576566,2.333333333333333,95.05665564560329,79.33333333333334
2018-09-01,KRAVE,6.896229357798165,6.731999999999999,3.463302752293578,4,23.88373011531016,26.927999999999997
2018-09-01,LOGIC,12.693857644175505,12.97528582375479,3.1406355417679266,3.6130562000000004,39.866780479440074,46.88043689228936
2018-09-01,MARKTEN,24.199177767639217,23.35181818181818,2.6529223903115495,2.1090909090909093,64.19854052689954,49.25110743801653
2018-09-01,MISTIC,6.229090987493612,8.052310204081634,17.913042394679827,12.938775510204081,111.5819709392911,104.18703406913787
2018-09-01,NICOTEK,2.201966412920308,4.39263362371042,9.40516962596414,7.605803826086957,20.70986762419129,33.40950962181493
2018-09-01,NJOY,24.80556014570744,16.723299148469003,1.8826844397863294,4.931626428571429,46.70104210650731,82.4730640534958
2018-09-01,V2 CIGS,12.24,12.240000000000002,4.476333702706981,2.3333333333333335,54.79032452113345,28.560000000000006
2018-09-01,VAPIN PLUS,1.046468918785086,1.7492986120044387,14.836321723787163,13.18133142857143,15.525749553039235,23.058084772370485
2018-09-01,VUSE,21.45553994847998,26.07314285714286,2.0453224775992496,2.657142857142857,43.88349812565475,69.28006530612245
2018-09-01,ZIG-ZAG,11.074285714285717,11.05,1.6434782608695653,1.633333333333333,18.20034782608696,18.048333333333332
2018-10-01,21ST CENTURY SMOKE,2.9147707160917933,8.6932945405158,12.690769253550886,4.865973833333333,36.99068258492823,42.30134375960941
2018-10-01,AL CAPONE,12.24,12.24,1,1,12.24,12.24
2018-10-01,BLU,15.517789560951156,13.2992,2.3013656536552647,2.985294117647059,35.712107916223204,39.70202352941177
2018-10-01,CIG2O,15.135483870967745,14.280000000000001,2.870967741935484,2.5,43.45348595213321,35.7
2018-10-01,COSMIC FOG,0.4896,0.4895999999999999,30,30,14.687999999999999,14.687999999999997
2018-10-01,FAZE,1.4694108340837284,1.4694108340837284,9.995843,9.995843,14.687999999999999,14.687999999999999
2018-10-01,FINITI,10.484612601274295,9.056112874779542,3.8912255171871326,2.9851851851851854,40.7979920919003,27.03417398915671
2018-10-01,GREEN SMOKE,16.48247650411653,17.625600000000002,4.007473084230526,2.6,66.05308095170905,45.82656000000001
2018-10-01,IMPERIAL,0.7347054170418642,0.7347054170418642,19.991686000000005,19.991686,14.688000000000002,14.687999999999999
2018-10-01,JAK,11.750399999999999,11.750399999999999,1.25,1.25,14.687999999999999,14.687999999999999
2018-10-01,JUST JUICE,1.4694108340837284,1.4694108340837284,9.995843,9.995843,14.687999999999999,14.687999999999999
2018-10-01,JUUL,34.00000000000001,34,2.7966717093719957,2.333333333333333,95.08683811864788,79.33333333333333
2018-10-01,KRAVE,6.936,6.731999999999999,3.3333333333333335,4,23.12,26.927999999999997
2018-10-01,LOGIC,13.133159160323688,12.28836888532478,2.741165793051553,3.5427332325581395,36.00016664498095,43.534412823973526
2018-10-01,MARKTEN,24.244835675443248,23.42076923076923,2.6616411697328473,1.9692307692307693,64.53105278716744,46.120899408284025
2018-10-01,MISTIC,7.751818762838304,8.461466666666668,21.250413921770804,12.916666666666668,164.7293573568632,109.29394444444448
2018-10-01,NICOTEK,2.4816859529162656,4.719607222722487,9.249320247276192,7.3722286666666665,22.953908131689325,34.79402366276177
2018-10-01,NJOY,24.785627982141992,17.5136245144669,1.8654408893185095,4.757499406779662,46.23612390532469,83.32105823813802
2018-10-01,V2 CIGS,12.240461799660443,12.589714285714287,4.493680437653273,2.142857142857143,55.00472373697631,26.97795918367347
2018-10-01,VAPIN PLUS,1.063281313969391,1.7492986120044387,14.796732686588257,13.18133142857143,15.733089373449399,23.058084772370485
2018-10-01,VUSE,23.316154497719975,26.073142857142862,2.178565922398948,2.657142857142857,50.7957796301217,69.28006530612247
2018-10-01,ZIG-ZAG,10.78933333333333,11.05,1.524444444444444,1.6333333333333333,16.44773925925925,18.048333333333336
2018-11-01,21ST CENTURY SMOKE,2.2360785092331734,8.419956358080277,13.419533916459402,5.3617205625,30.00713139452055,45.14545314047164
2018-11-01,AL CAPONE,12.24,12.24,1,1,12.24,12.24
2018-11-01,BLU,15.47046254335108,13.2992,2.317210469019456,2.985294117647059,35.848317766026476,39.70202352941177
2018-11-01,CIG2O,16.320000000000007,16.320000000000007,3,3,48.96000000000002,48.96000000000002
2018-11-01,COSMIC FOG,0.4895999999999999,0.4895999999999999,30,30,14.687999999999997,14.687999999999997
2018-11-01,FAZE,1.4694108340837284,1.4694108340837284,9.995843,9.995843,14.687999999999999,14.687999999999999
2018-11-01,FINITI,10.29189189189189,10.54841904761905,3.4885412810070346,2.725,35.903689724526444,28.74444190476191
2018-11-01,GREEN SMART LIVING,12.240000000000002,12.240000000000002,4.934782608695652,3.5,60.40173913043479,42.84
2018-11-01,GREEN SMOKE,16.45408034744843,17.952000000000005,4.012667390517553,2.5,66.02475165116203,44.88000000000001
2018-11-01,IMPERIAL,0.7347054170418644,0.7347054170418642,19.991686,19.991686,14.688000000000004,14.687999999999999
2018-11-01,JAK,11.750399999999999,11.750399999999999,1.25,1.25,14.687999999999999,14.687999999999999
2018-11-01,JUST JUICE,1.4694108340837282,1.4694108340837282,9.995843,9.995843,14.687999999999997,14.687999999999997
2018-11-01,JUUL,33.99367573851612,32.64,2.7861023837203525,2.0999999999999996,94.70986100649647,68.54399999999998
2018-11-01,KRAVE,6.810352941176469,6.854399999999999,3.7439446366782008,3.6,25.497584368003253,24.675839999999997
2018-11-01,LOGIC,13.129206515401576,12.612134796238244,2.7235523606627,3.4963074772727274,35.75808139865006,44.09590119245932
2018-11-01,MARKTEN,24.23608418137996,23.955833333333334,2.6604990548274605,2,64.48007905728015,47.91166666666667
2018-11-01,MISTIC,6.944286624342697,8.343304347826088,22.999933600385315,13.293478260869566,159.71813126192592,110.91153497164463
2018-11-01,NICOTEK,1.8081188199936962,3.7540581255627963,9.731512435561914,8.04688225,17.595730781742187,30.208463696059535
2018-11-01,NJOY,25.525249979460796,17.977806827607065,1.7846604971766928,4.534106785714285,45.55390531890387,81.5132959293138
2018-11-01,V2 CIGS,12.240430531129089,12.589714285714289,4.563137530777348,2.142857142857143,55.85476794946805,26.977959183673473
2018-11-01,VAPIN PLUS,1.0662974502741982,1.7492986120044387,14.789630430719367,13.18133142857143,15.770145218773752,23.058084772370485
2018-11-01,VUSE,25.226882022471923,26.073142857142862,2.535826810499482,2.657142857142857,63.971003777891696,69.28006530612247
2018-11-01,ZIG-ZAG,10.707649769585254,11.05,1.4903225806451612,1.6333333333333333,15.957852237252862,18.048333333333336
2018-12-01,21ST CENTURY SMOKE,2.3556724999012015,8.549298419797555,13.27209477929827,4.55937645,31.264708687675242,38.97946987924719
2018-12-01,BLU,15.379351624470818,13.2992,2.4034539933578936,2.985294117647059,36.96356407708959,39.70202352941177
2018-12-01,CIG2O,15.931428571428578,14.960000000000003,2.857142857142857,2.3333333333333335,45.518367346938795,34.90666666666667
2018-12-01,COSMIC FOG,0.4896,0.4895999999999999,30,30,14.687999999999999,14.687999999999997
2018-12-01,FAZE,1.4694108340837282,1.4694108340837282,9.995843,9.995843,14.687999999999997,14.687999999999997
2018-12-01,FINITI,9.659827685238367,9.492656084656085,3.5678058587018953,3.077777777777778,34.464389809444214,29.216285949441506
2018-12-01,GREEN SMOKE,16.413962198313467,17.952000000000005,4.138993893573713,2.5,67.9372893081692,44.88000000000001
2018-12-01,IMPERIAL,0.7347054170418642,0.7347054170418642,19.991686,19.991686,14.687999999999999,14.687999999999999
2018-12-01,JAK,11.750399999999999,11.750399999999999,1.25,1.25,14.687999999999999,14.687999999999999
2018-12-01,JUST JUICE,1.4694108340837284,1.4694108340837284,9.995843,9.995843,14.687999999999999,14.687999999999999
2018-12-01,JUUL,33.983599006119334,32.64,2.7720717242913526,2.1,94.20497389451911,68.54400000000001
2018-12-01,KRAVE,6.781075471698112,6.731999999999999,3.839622641509434,4,26.036770914916335,26.927999999999997
2018-12-01,LOGIC,13.12399893570808,12.771818334735073,2.717696575773001,3.4057933902439026,35.667046968022355,43.4981744658366
2018-12-01,MARKTEN,24.27107735835563,23.42076923076923,2.6696341412540154,2.030769230769231,64.7948967608835,47.56217751479291
2018-12-01,MISTIC,6.604558594322928,8.119791304347826,23.58190004986751,13.239130434782608,155.74804064481674,107.49897618147448
2018-12-01,NICOTEK,1.7771031677973663,5.015079621689646,9.73451614939088,7.133718272727274,17.299239486057154,35.776165136429604
2018-12-01,NJOY,25.92420475669998,17.48596349751775,1.7342610651682533,4.757499406779662,44.9593389549944,83.18946096641152
2018-12-01,V2 CIGS,12.24,12.240000000000002,4.4667922750824305,2.3333333333333335,54.67353744700895,28.560000000000006
2018-12-01,VAPIN PLUS,1.06663783748425,1.7492986120044387,14.788828902931497,13.181331428571427,15.774324479947426,23.05808477237048
2018-12-01,VUSE,25.99967680367445,26.07314285714286,2.7196322403375937,2.657142857142857,70.70955927363052,69.28006530612245
2018-12-01,ZIG-ZAG,11.93714285714286,11.05,2.003921568627451,1.6333333333333333,23.92109803921569,18.048333333333336
2019-01-01,21ST CENTURY SMOKE,2.4085385010933416,8.29033157755284,13.263555372310664,4.965973833333334,31.945783775593664,41.16956968378446
2019-01-01,BLU,15.43632766347954,13.553018181818183,2.4881317546424793,2.9431818181818183,38.40761703456959,39.88899669421488
2019-01-01,CIG2O,15.578181818181822,14.280000000000005,2.8181818181818183,2.5,43.90214876033059,35.70000000000001
2019-01-01,COSMIC FOG,0.4895999999999999,0.4895999999999999,30,30,14.687999999999997,14.687999999999997
2019-01-01,FAZE,1.4694108340837282,1.4694108340837282,9.995843,9.995843,14.687999999999997,14.687999999999997
2019-01-01,FINITI,10.707736595897805,10.735904761904763,3.488467074487226,2.790625,37.353586557071424,29.95988422619048
2019-01-01,GREEN SMART LIVING,12.24,12.240000000000002,4.647058823529412,3.5,56.88,42.84
2019-01-01,GREEN SMOKE,16.420353923205344,17.952,4.139120756816917,2.5,67.96582775781933,44.88
2019-01-01,IMPERIAL,0.7347054170418643,0.7347054170418642,19.991686000000005,19.991686,14.688000000000004,14.687999999999999
2019-01-01,JAK,11.750399999999999,11.750399999999999,1.25,1.25,14.687999999999999,14.687999999999999
2019-01-01,JUST JUICE,1.4694108340837286,1.4694108340837286,9.995843,9.995843,14.688,14.688
2019-01-01,JUUL,33.09403290377333,31.634782608695655,2.7674486643545344,2.1304347826086953,91.58603715765253,67.39584120982987
2019-01-01,KRAVE,6.940079999999998,6.731999999999998,3.32,4,23.041065599999992,26.927999999999994
2019-01-01,LEAP,24.122654627539504,14.144,3,3,72.36796388261851,42.432
2019-01-01,LOGIC,12.937589984724072,12.58111379310345,2.7367865197204866,3.423438225,35.40742186786362,43.07066587238509
2019-01-01,MARKTEN,24.138620501743823,22.507685185185185,2.717625237793279,2.2333333333333334,65.59972428105327,50.267163580246915
2019-01-01,MISTIC,6.878211733375266,8.376466666666667,23.273134448200818,12.916666666666668,160.07754643403496,108.1960277777778
2019-01-01,NICOTEK,2.5992553637821407,4.860920109185041,9.028072002486514,7.25815847826087,23.466264577074444,35.28132850263016
2019-01-01,NJOY,26.72594018223763,20.641569232947788,1.86496830005782,4.068772454545455,49.8430312291147,83.9858483136109
2019-01-01,V2 CIGS,12.24050820012456,12.589714285714287,4.421216524807972,2.142857142857143,54.117937126438186,26.97795918367347
2019-01-01,VAPIN PLUS,1.063469829930229,1.7492986120044387,14.796288778072883,13.18133142857143,15.735406710415724,23.058084772370485
2019-01-01,VUSE,26.78963869392636,25.490810810810814,2.877719823168048,2.637837837837838,77.09307432502166,67.24062527392259
2019-01-01,ZIG-ZAG,11.11912087912088,11.17142857142857,1.6153846153846152,1.633333333333333,17.961656804733728,18.246666666666663
2019-02-01,21ST CENTURY SMOKE,2.8942281384533857,8.436212459673333,12.68808681840179,4.614904961538461,36.72221789295795,38.932318736739056
2019-02-01,BLU,15.380068801971255,13.577745454545456,2.5123551540041067,3.0568181818181817,38.64019512357025,41.50469917355372
2019-02-01,CIG2O,15.841043478260874,14.892000000000001,3.0869565217391304,2.75,48.90061247637052,40.953
2019-02-01,COSMIC FOG,0.4895999999999999,0.4895999999999999,30,30,14.687999999999997,14.687999999999997
2019-02-01,FINITI,10.369052799150968,10.188455486542445,3.8633457150437773,2.8717391304347823,40.059235700662576,29.25858629939689
2019-02-01,FLAVORED MIST,0.9796072227224856,0.9796072227224856,14.9937645,14.9937645,14.687999999999997,14.687999999999997
2019-02-01,GREEN SMART LIVING,12.240000000000002,12.240000000000002,5,5,61.20000000000001,61.20000000000001
2019-02-01,GREEN SMOKE,16.436611667241976,17.952,4.086641353123921,2.5,67.17053694459018,44.88
2019-02-01,IMPERIAL,0.734705417041864,0.7347054170418642,19.991686,19.991686,14.687999999999995,14.687999999999999
2019-02-01,JAK,11.750399999999999,11.750399999999999,1.25,1.25,14.687999999999999,14.687999999999999
2019-02-01,JUST JUICE,1.4694108340837284,1.4694108340837284,9.995843,9.995843,14.687999999999999,14.687999999999999
2019-02-01,JUUL,33.00092910741059,31.634782608695655,2.7554699566844545,2.130434782608696,90.93306869814342,67.39584120982988
2019-02-01,KRAVE,6.747692307692307,6.935999999999999,3.948717948717949,3.3333333333333335,26.64473372781065,23.119999999999997
2019-02-01,LEAP,20.999160839160837,14.144,3,3,62.99748251748251,42.432
2019-02-01,LOGIC,12.860913182881733,12.701297297297298,2.7403928086252134,3.122635918918919,35.243953998722304,39.66152715740833
2019-02-01,MARKTEN,24.01819871331256,22.312814814814814,2.728524096043379,2.106666666666667,65.53423393283141,47.005663209876545
2019-02-01,MISTIC,5.2554184410610345,8.355395918367348,25.36031740012514,12.755102040816327,133.27907973577868,106.57392753019577
2019-02-01,NICOTEK,1.7561415811013452,4.860920109185041,9.773978088138689,7.258158478260869,17.16448933335378,35.28132850263015
2019-02-01,NJOY,27.558336439238833,19.043997521831407,2.0533941866301135,4.303830241935483,56.58812783752984,81.9621324618024
2019-02-01,V2 CIGS,12.24120472440945,12.589714285714287,4.326771653543307,2.142857142857143,52.96489760679522,26.97795918367347
2019-02-01,VAPIN PLUS,1.0712557053472858,1.7492986120044387,14.777954964946735,13.181331428571427,15.830968569564439,23.05808477237048
2019-02-01,VUSE,27.01797766430199,25.490810810810814,2.9430713085653415,2.637837837837838,79.51583487926644,67.24062527392259
2019-02-01,ZIG-ZAG,12.286628571428572,11.307428571428572,2.016,1.68,24.7698432,18.99648
2019-03-01,21ST CENTURY SMOKE,2.5475677990913432,7.72885979427574,13.118460519394253,4.999480375,33.4201675928599,38.6402828626081
2019-03-01,BLU,15.349089707162062,13.231563636363637,2.5183507898455697,2.9431818181818183,38.654392187442085,38.94289752066116
2019-03-01,CIG2O,15.763636363636369,14.960000000000003,2.8181818181818183,2.3333333333333335,44.42479338842977,34.90666666666667
2019-03-01,COSMIC FOG,0.48960000000000004,0.4896,30,30,14.688,14.687999999999999
2019-03-01,FAZE,1.4694108340837284,1.4694108340837284,9.995843,9.995843,14.687999999999999,14.687999999999999
2019-03-01,FINITI,9.924692082111436,9.699779047619048,3.2513972744523025,3.206,32.26911678555547,31.097491626666667
2019-03-01,GREEN SMART LIVING,12.24,12.24,5,5,61.2,61.2
2019-03-01,GREEN SMOKE,16.474352941176473,17.952,4.044405997693195,2.5,66.62897184340865,44.88
2019-03-01,IMPERIAL,0.7347054170418643,0.7347054170418642,19.991686,19.991686,14.688,14.687999999999999
2019-03-01,JAK,11.750399999999999,11.750399999999999,1.25,1.25,14.687999999999999,14.687999999999999
2019-03-01,JUST JUICE,1.4694108340837282,1.4694108340837282,9.995843,9.995843,14.687999999999997,14.687999999999997
2019-03-01,JUUL,32.62403736601523,31.634782608695655,2.719561607977298,2.130434782608696,88.72307951783183,67.39584120982988
2019-03-01,KRAVE,6.8748,6.854399999999999,3.533333333333333,3.6,24.29096,24.675839999999997
2019-03-01,LEAP,16.278153846153845,14.144,3,3,48.83446153846154,42.432
2019-03-01,LOGIC,13.01563031790894,12.423182506307823,2.7194118943840087,3.878964121951219,35.394859899426685,48.18907922242007
2019-03-01,MARKTEN,24.07979260093863,22.2065873015873,2.6633658083660103,2.142857142857143,64.1332962858848,47.58554421768707
2019-03-01,MISTIC,4.380567374363507,8.408851063829788,26.550989688082034,12.925531914893618,116.30839918467407,108.68887279311907
2019-03-01,NICOTEK,1.7381212159649593,4.158150595774092,9.748667570628236,7.663697380952381,16.944365931898513,31.86680783043949
2019-03-01,NJOY,28.861594067044322,17.951634035659808,2.407129180907793,4.649885833333333,69.47358528629762,83.47304878759904
2019-03-01,V2 CIGS,12.24,12.240000000000002,4.321671883631007,2.3333333333333335,52.89726385564352,28.560000000000006
2019-03-01,VAPIN PLUS,1.0691889632315976,1.7492986120044387,14.782821632045724,13.181331428571427,15.805629734404603,23.05808477237048
2019-03-01,VUSE,27.052054087525576,25.490810810810814,2.999564952104182,2.637837837837838,81.14439332336839,67.24062527392259
2019-03-01,ZIG-ZAG,11.307428571428572,11.851428571428572,1.6799999999999997,1.8666666666666665,18.99648,22.122666666666667
2019-04-01,21ST CENTURY SMOKE,2.1964967487679887,8.29033157755284,13.471442594489572,4.865973833333333,29.589979860010942,40.34053652602917
2019-04-01,BLU,15.266476627350231,13.36584347826087,2.5545095176923973,2.902173913043478,38.998359846194695,38.790002268431
2019-04-01,CIG2O,16.320000000000004,16.320000000000004,2.9,2.5,47.32800000000001,40.80000000000001
2019-04-01,COSMIC FOG,0.4895999999999999,0.4895999999999999,30,30,14.687999999999997,14.687999999999997
2019-04-01,FAZE,1.4694108340837284,1.4694108340837284,9.995843,9.995843,14.687999999999999,14.687999999999999
2019-04-01,FINITI,8.212409941357162,9.124107660455488,4.143130410499861,3.241304347826087,34.025085371528235,29.57400982986768
2019-04-01,GREEN SMART LIVING,12.24,12.24,2,2,24.48,24.48
2019-04-01,GREEN SMOKE,16.55330623686055,17.952000000000005,3.9782761037140855,2.5,65.85362263956365,44.88000000000001
2019-04-01,IMPERIAL,0.7347054170418643,0.7347054170418642,19.99168600000001,19.991686,14.688000000000006,14.687999999999999
2019-04-01,JAK,11.750399999999999,11.750399999999999,1.25,1.25,14.687999999999999,14.687999999999999
2019-04-01,JUST JUICE,1.4694108340837284,1.4694108340837284,9.995843000000002,9.995842999999999,14.688000000000002,14.687999999999997
2019-04-01,JUUL,32.35799411248804,31.634782608695655,2.6995268616628993,2.1304347826086953,87.35127429619142,67.39584120982987
2019-04-01,KRAVE,6.530738255033556,6.731999999999999,4.657718120805369,4,30.418337912706633,26.927999999999997
2019-04-01,LEAP,16.371771003717473,14.144,3,3,49.11531301115242,42.432
2019-04-01,LOGIC,13.087728173947974,12.396701477832513,2.711639735814867,3.331072257142857,35.48920376802108,41.294308372889745
2019-04-01,MARKTEN,23.914735147629397,23.00838383838384,2.545483063206847,2.290909090909091,60.87455327936812,52.71011570247934
2019-04-01,MISTIC,3.3553800680158523,8.060055813953488,28.492469045756916,13.813953488372093,95.60306272469141,111.34123612763655
2019-04-01,NICOTEK,2.0219135602605434,3.7636671084169686,9.567328948396604,8.114468176470588,19.344312136236336,30.54015697807857
2019-04-01,NJOY,30.21636587310812,18.685161624539614,2.7270766896753216,4.605793174603175,82.40234701925405,86.05998987666172
2019-04-01,V2 CIGS,12.240668487165486,12.589714285714289,4.18405243036592,2.142857142857143,51.21559873302828,26.977959183673473
2019-04-01,VAPIN PLUS,1.0798979311501236,1.7492986120044387,14.757604658221299,13.18133142857143,15.936706739144606,23.058084772370485
2019-04-01,VUSE,27.370952750625353,25.490810810810814,3.0623135881215995,2.637837837837838,83.81844052807429,67.24062527392259
2019-04-01,ZIG-ZAG,10.491428571428571,10.491428571428571,1.4000000000000001,1.4,14.688,14.687999999999999
2019-05-01,21ST CENTURY SMOKE,2.4717854838438025,8.651281391735152,13.050510156918117,4.635796772727272,32.2580615626263,40.10558235576132
2019-05-01,BLU,15.243572733128012,13.543234782608696,2.5620249903387866,2.9456521739130435,39.054414284320885,39.89365897920605
2019-05-01,CIG2O,14.17627118644068,13.872000000000002,3.5762711864406778,2.8,50.698190175237,38.8416
2019-05-01,COSMIC FOG,0.4896,0.4896,30,30,14.687999999999999,14.687999999999999
2019-05-01,FINITI,9.182277662277663,10.115809523809524,3.7890852390852388,3.381818181818182,34.79243275131841,34.209828571428574
2019-05-01,GLAS,7.730526315789474,7.730526315789473,1.9,1.9,14.688,14.687999999999999
2019-05-01,GREEN SMOKE,16.847018299246503,17.952000000000005,3.6243272335844994,2.5,61.05910722665552,44.88000000000001
2019-05-01,IMPERIAL,0.7347054170418641,0.7347054170418642,19.991686,19.991686,14.687999999999997,14.687999999999999
2019-05-01,JAK,11.750399999999999,11.750399999999999,1.25,1.25,14.687999999999999,14.687999999999999
2019-05-01,JUST JUICE,1.4694108340837284,1.4694108340837284,9.995843,9.995843,14.687999999999999,14.687999999999999
2019-05-01,JUUL,32.32708783943805,31.634782608695655,2.6878721223196065,2.130434782608696,86.8910781994027,67.39584120982988
2019-05-01,KRAVE,6.464710243902439,7.425599999999999,4.895609756097561,4,31.648698540392623,29.702399999999997
2019-05-01,LEAP,17.22413657255417,14.144,3,3,51.672409717662504,42.432
2019-05-01,LOGIC,13.131406914198202,12.401310344827587,2.7095216107359437,3.6216920294117645,35.57983081338742,44.913726830123736
2019-05-01,MARKTEN,24.009301106382978,23.35181818181818,2.5759863829787237,2.1090909090909093,61.84763271487856,49.25110743801653
2019-05-01,MISTIC,3.2676972234171293,8.236869565217392,28.74626667553789,13.18478260869565,93.93409579926352,108.60133459357277
2019-05-01,NICOTEK,1.924883795826536,4.089039561956431,9.617174575848125,7.839042210526316,18.511943502684993,32.0541537266885
2019-05-01,NJOY,31.79594303779628,20.53372166205868,3.1469244487796,3.9568300892857136,100.05943051764463,81.24844771745164
2019-05-01,V2 CIGS,12.250347826086957,12.589714285714287,4.218599033816425,2.142857142857143,51.67930550304558,26.97795918367347
2019-05-01,VAPIN PLUS,1.0838353985325242,1.7492986120044387,14.748332895277203,13.18133142857143,15.984765261243103,23.058084772370485
2019-05-01,VUSE,27.473486012215503,25.490810810810814,3.1124241689254646,2.637837837837838,85.50914186905521,67.24062527392259
2019-05-01,ZIG-ZAG,11.035428571428572,11.511428571428572,1.5866666666666664,1.75,17.509546666666665,20.145000000000003
2019-06-01,21ST CENTURY SMOKE,2.9411420927820457,8.534785720201667,12.409768088086864,4.3994803749999996,36.49889128553564,37.54862228085747
2019-06-01,BLU,15.244957589319043,13.486570212765958,2.538155247878333,2.9893617021276597,38.69406910901275,40.31623648709824
2019-06-01,CIG2O,15.578181818181822,14.280000000000005,2.8181818181818183,2.5,43.90214876033059,35.70000000000001
2019-06-01,COSMIC FOG,0.4896,0.4895999999999999,30,30,14.687999999999999,14.687999999999997
2019-06-01,FINITI,10.397138886315206,9.820783068783069,3.014653015843602,3.164814814814815,31.343766099774925,31.080959749167157
2019-06-01,GLAS,7.730526315789471,7.730526315789473,1.9,1.9,14.687999999999995,14.687999999999999
2019-06-01,GREEN SMOKE,17.00124770642202,17.952,3.408256880733945,2.5,57.944619476475054,44.88
2019-06-01,IMPERIAL,0.7347054170418643,0.7347054170418642,19.991686000000005,19.991686,14.688000000000004,14.687999999999999
2019-06-01,JAK,11.750399999999999,11.750399999999999,1.25,1.25,14.687999999999999,14.687999999999999
2019-06-01,JUST JUICE,1.4694108340837282,1.4694108340837282,9.995843,9.995843,14.687999999999997,14.687999999999997
2019-06-01,JUUL,32.361168380439125,31.634782608695655,2.6697451547019977,2.130434782608696,86.39607248417285,67.39584120982988
2019-06-01,KRAVE,6.639428571428571,6.854399999999999,4.302521008403361,3.6,28.56628091236494,24.675839999999997
2019-06-01,LEAP,15.574456616166966,14.144,3,3,46.723369848500894,42.432
2019-06-01,LOGIC,13.263175684389369,12.498501397949674,2.701266753882353,3.4415548378378382,35.827375527141825,43.01427795183668
2019-06-01,MARKTEN,23.78735541551547,22.2065873015873,2.5689876757830685,2.085714285714286,61.10942290193088,46.31659637188209
2019-06-01,MISTIC,3.6937101872028695,8.10328510638298,27.917370421679692,13.063829787234043,103.11867552647435,105.85993734721596
2019-06-01,NICOTEK,2.639741886563727,4.787607222722485,9.025221277278725,7.263895333333334,23.824254641138833,34.77667776296683
2019-06-01,NJOY,32.58325951290473,20.11399190423542,3.357944710358652,4.3378068421052625,109.41278392760168,87.25061170424226
2019-06-01,V2 CIGS,12.24,12.240000000000002,4.260596940055179,2.3333333333333335,52.14970654627539,28.560000000000006
2019-06-01,VAPIN PLUS,1.2579097730836086,1.749298612004439,14.338430747847752,13.181331428571427,18.036452168400203,23.058084772370485
2019-06-01,VUSE,27.8041536369234,25.39263157894737,3.169453807297331,2.6157894736842104,88.1239806032268,66.4217783933518
2019-06-01,ZIG-ZAG,11.93142857142857,11.511428571428572,1.8941176470588237,1.7499999999999998,22.599529411764706,20.145
2019-07-01,21ST CENTURY SMOKE,4.832551866252845,8.419956358080276,10.143040122495002,5.3617205625,49.01676747344071,45.14545314047163
2019-07-01,BLU,15.283766485986229,13.543234782608696,2.5337016166462014,2.9456521739130435,38.72450385398634,39.89365897920605
2019-07-01,CIG2O,15.06461538461539,14.280000000000005,2.6923076923076925,2.5,40.558579881656826,35.70000000000001
2019-07-01,COSMIC FOG,0.48960000000000004,0.4895999999999999,30,30,14.688,14.687999999999997
2019-07-01,FAZE,1.4694108340837284,1.4694108340837284,9.995843000000002,9.995842999999999,14.688000000000002,14.687999999999997
2019-07-01,FINITI,9.145902578796562,10.16848253968254,2.943982808022923,2.413333333333333,26.925379955829595,24.53993786243386
2019-07-01,GLAS,7.730526315789472,7.730526315789473,1.9000000000000001,1.9,14.687999999999999,14.687999999999999
2019-07-01,GREEN SMOKE,19.584000000000003,19.584000000000003,1,1,19.584000000000003,19.584000000000003
2019-07-01,IMPERIAL,0.7347054170418644,0.7347054170418642,19.99168600000001,19.991686,14.68800000000001,14.687999999999999
2019-07-01,JAK,11.750399999999999,11.750399999999999,1.25,1.25,14.687999999999999,14.687999999999999
2019-07-01,JUST JUICE,1.4694108340837284,1.4694108340837284,9.995843000000002,9.995842999999999,14.688000000000002,14.687999999999997
2019-07-01,JUUL,32.36890796375774,31.634782608695655,2.645448197217557,2.130434782608696,85.63026921862394,67.39584120982988
2019-07-01,KRAVE,7.343999999999999,7.343999999999999,2,2,14.687999999999999,14.687999999999999
2019-07-01,LEAP,14.425152935715943,14.144,3,3,43.27545880714783,42.432
2019-07-01,LOGIC,13.222334647053758,12.527354838709678,2.7087025807728042,3.3528235161290323,35.81537198231618,42.00200989811863
2019-07-01,MARKTEN,22.79141712877388,22.8225,2.3383857054836725,2.066666666666667,53.29512402164057,47.166500000000006
2019-07-01,MISTIC,3.6165395421802247,7.824533333333334,27.938503163754316,14.023809523809526,101.04070144104479,109.72976507936511
2019-07-01,NICOTEK,2.3875545484847596,4.341567944994734,9.239017196597588,7.796951533333334,22.058657531265485,33.850994845797544
2019-07-01,NJOY,33.010853926144,22.364659595940505,3.480372097393063,3.3865499000000003,114.89005491566982,75.73903571816636
2019-07-01,V2 CIGS,12.24,12.240000000000002,4.5397452788757136,2.3333333333333335,55.56648221343873,28.560000000000006
2019-07-01,VAPIN PLUS,1.082929457089982,1.7492986120044387,14.750466163563827,13.18133142857143,15.973714314332323,23.058084772370485
2019-07-01,VUSE,26.879446784170625,25.39263157894737,3.1125073238245133,2.6157894736842104,83.66247497608234,66.4217783933518
2019-07-01,ZIG-ZAG,12.02142857142857,11.511428571428572,1.9249999999999996,1.7499999999999998,23.141249999999992,20.145
2019-08-01,21ST CENTURY SMOKE,5.409598483498598,8.549298419797555,9.17458826429827,4.55937645,49.63083876127196,38.97946987924719
2019-08-01,BLU,15.441052412377628,13.486570212765958,2.5420504446302394,2.9893617021276597,39.25193415044338,40.31623648709824
2019-08-01,CIG2O,16.14260869565218,14.960000000000003,2.782608695652174,2.3333333333333335,44.918563327032146,34.90666666666667
2019-08-01,COSMIC FOG,0.4896,0.4896,30,30,14.687999999999999,14.687999999999999
2019-08-01,FAZE,1.4694108340837282,1.4694108340837282,9.995843,9.995843,14.687999999999997,14.687999999999997
2019-08-01,FINITI,12.671129251700682,10.898839826839827,4.471995464852609,3.381818181818182,56.66523254816668,36.85789468713105
2019-08-01,GLAS,7.730526315789474,7.730526315789473,1.9000000000000001,1.9,14.688,14.687999999999999
2019-08-01,GREEN SMOKE,16.320000000000004,16.320000000000004,3,3,48.96000000000001,48.96000000000001
2019-08-01,IMPERIAL,0.7347054170418644,0.7347054170418642,19.991686000000005,19.991686,14.688000000000006,14.687999999999999
2019-08-01,JAK,11.750399999999999,11.750399999999999,1.25,1.25,14.687999999999999,14.687999999999999
2019-08-01,JUST JUICE,1.4694108340837284,1.4694108340837284,9.995843,9.995843,14.687999999999999,14.687999999999999
2019-08-01,JUUL,32.341136101726974,30.883333333333336,2.6384476188014205,2.158333333333333,85.3303935369342,66.65652777777778
2019-08-01,LEAP,13.307497487437185,14.144,3,3,39.92249246231155,42.432
2019-08-01,LOGIC,12.985487007857179,12.196464367816093,2.723612651713843,3.617917633333333,35.36743670326555,44.12580350064353
2019-08-01,MARKTEN,22.33010101010101,23.066875,2.331313131313131,1.85,52.05845770839709,42.67371875
2019-08-01,MISTIC,3.709287902472944,7.758800000000001,27.714335579142176,14.4125,102.80044968878757,111.823705
2019-08-01,NICOTEK,2.7123622138303682,4.352436310059805,9.063252250014749,7.663697380952381,24.582822937353072,33.35575475016737
2019-08-01,NJOY,33.245604349062,21.14438461612425,3.5504578493953107,3.9208795370370364,118.03711691901806,82.90458496460228
2019-08-01,V2 CIGS,12.24,12.240000000000002,4.671171171171171,2.3333333333333335,57.17513513513513,28.560000000000006
2019-08-01,VAPIN PLUS,1.093612075380626,1.7492986120044387,14.72531123660346,13.18133142857143,16.103778182087563,23.058084772370485
2019-08-01,VUSE,27.567538307278202,25.55804878048781,3.1628592231543435,2.6439024390243904,87.19224279483554,67.57298750743607
2019-08-01,ZIG-ZAG,11.001428571428571,11.307428571428572,1.5749999999999997,1.6799999999999997,17.327249999999996,18.99648
2019-09-01,21ST CENTURY SMOKE,4.895311909049929,7.550426313996507,9.351938072966169,5.227680642857143,45.78065382128873,39.471217486998746
2019-09-01,BLU,15.696297266530474,13.384817777777778,2.576287774489146,2.9,40.438178752509856,38.815971555555556
2019-09-01,COSMIC FOG,0.4895999999999999,0.4896,30,30,14.687999999999997,14.687999999999999
2019-09-01,FAZE,1.4694108340837284,1.4694108340837284,9.995843,9.995843,14.687999999999999,14.687999999999999
2019-09-01,FINITI,9.603337679269885,9.275897435897436,4.671251629726206,3.976923076923077,44.85960678510053,36.88953057199211
2019-09-01,GLAS,7.730526315789471,7.730526315789473,1.8999999999999995,1.9,14.687999999999992,14.687999999999999
2019-09-01,GREEN SMART LIVING,12.24,12.24,5,5,61.2,61.2
2019-09-01,IMPERIAL,0.7347054170418642,0.7347054170418642,19.991686,19.991686,14.687999999999999,14.687999999999999
2019-09-01,JAK,11.750399999999999,11.750399999999999,1.25,1.25,14.687999999999999,14.687999999999999
2019-09-01,JUST JUICE,1.4694108340837282,1.4694108340837282,9.995843,9.995843,14.687999999999997,14.687999999999997
2019-09-01,JUUL,32.10988466610855,31.008000000000003,2.6185372696709592,2.1839999999999997,84.08092972304128,67.72147199999999
2019-09-01,LEAP,12.939604661199827,14.144,3,3,38.81881398359948,42.432
2019-09-01,LOGIC,12.826458619602565,12.188320000000001,2.7293570935897757,3.65550116,35.00798581904799,44.554417898451206
2019-09-01,MARKTEN,22.829009009009006,23.471333333333334,2.1376576576576576,1.866666666666667,48.80060592484376,43.81315555555556
2019-09-01,MISTIC,4.05530102281551,7.5392820512820515,26.84792446100632,14.525641025641027,108.87641552719248,109.5129046679816
2019-09-01,NICOTEK,3.50777690502115,6.085377619476417,8.369054116644206,6.569053142857143,29.356774747236724,39.97516897669408
2019-09-01,NJOY,33.350925212710145,22.19404255319149,3.5798564779063837,4.046808510638297,119.39152566689175,89.81504028972385
2019-09-01,V2 CIGS,12.240000000000002,12.240000000000002,4.533123028391167,2.6,55.4854258675079,31.824000000000005
2019-09-01,VAPIN PLUS,1.1125244703274089,1.7492986120044387,14.680777218763605,13.181331428571427,16.33272389929967,23.05808477237048
2019-09-01,VUSE,28.31282987833779,25.558048780487805,3.1866898005767035,2.6439024390243904,90.22420619876239,67.57298750743605
2019-09-01,ZIG-ZAG,10.491428571428571,10.491428571428571,1.4,1.4,14.687999999999999,14.687999999999999
2019-10-01,21ST CENTURY SMOKE,2.493262872273458,7.168801605049441,12.34702854681037,7.123441125,30.7843878586628,51.066536170375194
2019-10-01,BLU,15.907553058491887,13.441745454545455,2.6194180830165075,2.852272727272727,41.6685321379582,38.339523966942146
2019-10-01,CIG2O,16.14260869565218,14.960000000000003,2.782608695652174,2.3333333333333335,44.918563327032146,34.90666666666667
2019-10-01,COSMIC FOG,0.4896,0.4895999999999999,30,30,14.687999999999999,14.687999999999997
2019-10-01,FAZE,1.4694108340837284,1.4694108340837284,9.995843,9.995843,14.687999999999999,14.687999999999999
2019-10-01,FINITI,7.847693817468106,8.250666666666667,4.248724239450441,3.765,33.34268694606211,31.063760000000006
2019-10-01,GLAS,7.730526315789475,7.730526315789473,1.9,1.9,14.688,14.687999999999999
2019-10-01,IMPERIAL,0.7347054170418642,0.7347054170418642,19.991686,19.991686,14.687999999999999,14.687999999999999
2019-10-01,JAK,11.750399999999999,11.750399999999999,1.25,1.25,14.687999999999999,14.687999999999999
2019-10-01,JUUL,31.863000916177782,30.883333333333336,2.5880420870145433,2.2166666666666663,82.46278738965106,68.45805555555555
2019-10-01,LEAP,11.871477357089828,14.144,3,3,35.61443207126948,42.432
2019-10-01,LOGIC,12.537875632216732,11.987833333333334,2.739730339394126,3.6682303750000003,34.35039826113449,43.974134363770844
2019-10-01,MARKTEN,21.56151351351352,23.987000000000002,2.296216216216217,2.16,49.509896975894854,51.81192000000001
2019-10-01,MISTIC,3.471067609264539,6.969417142857143,27.776666796859743,14.542857142857143,96.41468841191364,101.35523787755102
2019-10-01,NICOTEK,2.2211379786583514,4.70058758385861,9.476552369815535,7.597090100000001,21.048730375342085,35.71078739751517
2019-10-01,NJOY,33.26322283667212,23.783809523809527,3.5376398117820766,3.3142857142857145,117.67330137519004,78.82634013605444
2019-10-01,RIP TIDE RIPSTICK,10.491428571428571,10.491428571428571,1.4,1.4,14.687999999999999,14.687999999999999
2019-10-01,V2 CIGS,12.24,12.240000000000002,4.2,2.6,51.408,31.824000000000005
2019-10-01,VAPIN PLUS,0.9796072227224855,0.9796072227224857,14.993764500000001,14.9937645,14.687999999999997,14.687999999999999
2019-10-01,VUSE,29.327052378274068,25.558048780487805,3.2818716840756563,2.6439024390243904,96.24762277766129,67.57298750743605
2019-10-01,ZIG-ZAG,10.491428571428571,10.491428571428571,1.3999999999999997,1.4,14.687999999999997,14.687999999999999
2019-11-01,21ST CENTURY SMOKE,3.9494735227902993,8.068521552091743,10.352394298907262,5.741966357142858,40.886507181019475,46.329179303992866
2019-11-01,BLU,15.726430814768163,13.505706666666667,2.626874080488897,2.8555555555555556,41.31135348591637,38.5662957037037
2019-11-01,CIG2O,16.320000000000004,16.320000000000004,2.9473684210526314,2.5,48.10105263157896,40.80000000000001
2019-11-01,COSMIC FOG,0.4895999999999999,0.4896,30,30,14.687999999999997,14.687999999999999
2019-11-01,FAZE,1.4694108340837284,1.4694108340837284,9.995843,9.995843,14.687999999999999,14.687999999999999
2019-11-01,FINITI,9.077028571428572,9.39047619047619,4.258,2.564285714285714,38.64998765714286,24.07986394557823
2019-11-01,GLAS,7.730526315789474,7.730526315789473,1.9000000000000006,1.9,14.688000000000004,14.687999999999999
2019-11-01,GREEN SMOKE,19.584000000000003,19.584000000000003,1,1,19.584000000000003,19.584000000000003
2019-11-01,IMPERIAL,0.7347054170418641,0.7347054170418641,19.991686,19.991686,14.687999999999997,14.687999999999997
2019-11-01,JAK,11.750399999999999,11.750399999999999,1.25,1.25,14.687999999999999,14.687999999999999
2019-11-01,JUUL,31.491562501453384,30.883333333333336,2.5663013197447015,2.158333333333333,80.81683840830257,66.65652777777778
2019-11-01,KRAVE,7.343999999999999,7.343999999999999,2,2,14.687999999999999,14.687999999999999
2019-11-01,LEAP,11.227596660726013,14.144,3,3,33.682789982178036,42.432
2019-11-01,LOGIC,11.841867321256283,12.271166666666666,2.770860941463725,3.430730375,32.8121676344647,42.09906422002083
2019-11-01,MARKTEN,23.041726618705038,23.346666666666668,2.192805755395684,2.2222222222222223,50.52603074375034,51.88148148148149
2019-11-01,MISTIC,3.71089451925832,7.845688888888889,27.498096680446974,14.861111111111109,102.04253626150607,116.59565432098763
2019-11-01,NICOTEK,1.5325556014449964,1.984071539154211,9.920379444613234,9.380778153846155,15.203533086301814,18.61213495016574
2019-11-01,NJOY,33.48541567848371,20.899875741181134,3.595994659441443,4.043365192307693,120.41337594900419,84.50583009544775
2019-11-01,V2 CIGS,12.24,12.240000000000002,2.9607843137254903,1.8,36.24,22.032000000000004
2019-11-01,VAPIN PLUS,0.9988152074817502,1.4285938664702917,14.948534441176472,13.936511874999999,14.930823529411766,19.909615384615385
2019-11-01,VUSE,30.180257824591635,25.558048780487805,3.3516468071604653,2.6439024390243904,101.1535647770722,67.57298750743605
2019-11-01,ZIG-ZAG,10.491428571428571,10.491428571428571,1.4,1.3999999999999997,14.687999999999999,14.687999999999997
2019-12-01,21ST CENTURY SMOKE,5.550073078584838,5.959912716160552,6.641828904952903,7.123441125,36.86263579794572,42.455087343708534
2019-12-01,BLU,15.673364433879392,13.393974468085108,2.65191339331756,2.9468085106382977,41.564405060551856,39.46947795382526
2019-12-01,CIG2O,16.320000000000007,16.320000000000007,3,3,48.96000000000002,48.96000000000002
2019-12-01,COSMIC FOG,0.4896,0.4895999999999999,30,30,14.687999999999999,14.687999999999997
2019-12-01,FINITI,7.8401505174035755,8.798984126984127,3.479444967074318,2.7375,27.27937225888498,24.087219047619048
2019-12-01,GLAS,7.730526315789474,7.730526315789473,1.9,1.9,14.688,14.687999999999999
2019-12-01,GREEN SMOKE,19.584000000000003,19.584000000000003,1,1,19.584000000000003,19.584000000000003
2019-12-01,IMPERIAL,0.7347054170418642,0.7347054170418642,19.991686,19.991686,14.687999999999999,14.687999999999999
2019-12-01,JAK,11.750399999999999,11.750399999999999,1.25,1.25,14.687999999999999,14.687999999999999
2019-12-01,JUUL,30.28342145375519,31.008000000000003,2.498146389880376,2.1839999999999997,75.65241997792445,67.72147199999999
2019-12-01,KRAVE,7.343999999999999,7.343999999999999,2,2,14.687999999999999,14.687999999999999
2019-12-01,LEAP,12.595787856772185,14.144,3,3,37.78736357031656,42.432
2019-12-01,LOGIC,11.606083567736587,12.060464367816092,2.779389545269095,3.332917633333333,32.257827329686506,40.1965343576826
2019-12-01,MARKTEN,23.66566433566434,24.00777777777778,2.4223776223776228,2.0444444444444447,57.32717570541348,49.082567901234576
2019-12-01,MISTIC,3.443687090065589,7.973275675675676,27.890990774809364,14.5,96.04784486034944,115.61249729729731
2019-12-01,NICOTEK,1.6253778897746933,3.0567906824321414,9.844069552281752,8.451144272727273,16.000332995683024,25.833379068762483
2019-12-01,NJOY,33.73578887533403,21.366235480437123,3.6380175382550393,4.087958775510205,122.73139159533444,87.34428983187044
2019-12-01,V2 CIGS,12.240000000000002,12.240000000000002,4.578947368421052,2.6,56.04631578947369,31.824000000000005
2019-12-01,VAPIN PLUS,1.0426228920204232,1.6530871883441947,14.845378166666663,13.407885562499999,15.478131117266845,22.164403846153842
2019-12-01,VUSE,30.295674503014247,25.558048780487805,3.374738379645345,2.6439024390243904,102.2399754825651,67.57298750743605
2019-12-01,ZIG-ZAG,10.491428571428571,10.491428571428571,1.4000000000000001,1.4,14.688,14.687999999999999
2020-01-01,21ST CENTURY SMOKE,4.462059194683298,5.959912716160552,8.552495553747256,7.123441125,38.16174142308597,42.455087343708534
2020-01-01,BLU,16.095177086909153,13.679934693877552,2.716675870509395,2.9489795918367347,43.7253792235818,40.34184822990421
2020-01-01,CIG2O,16.320000000000004,16.320000000000004,2.9,2.5,47.32800000000001,40.80000000000001
2020-01-01,COSMIC FOG,0.48960000000000004,0.4896,30,30,14.688,14.687999999999999
2020-01-01,FAZE,1.4694108340837284,1.4694108340837284,9.995843,9.995843,14.687999999999999,14.687999999999999
2020-01-01,FINITI,9.859829059829062,10.052897959183674,3.3564353946706893,2.7464285714285714,33.09387924181289,27.60956618075802
2020-01-01,GLAS,7.730526315789475,7.730526315789473,1.9000000000000006,1.9,14.688000000000006,14.687999999999999
2020-01-01,IMPERIAL,0.7347054170418642,0.7347054170418642,19.991686,19.991686,14.687999999999999,14.687999999999999
2020-01-01,JAK,11.750399999999999,11.750399999999999,1.25,1.25,14.687999999999999,14.687999999999999
2020-01-01,JUUL,30.7019642767317,30.31666666666667,2.5381714407978673,2.2166666666666663,77.92684890359675,67.20194444444444
2020-01-01,KRAVE,7.343999999999999,7.343999999999999,2,2,14.687999999999999,14.687999999999999
2020-01-01,LEAP,11.757557068667051,14.144,3,3,35.27267120600115,42.432
2020-01-01,LOGIC,11.700816524803615,12.425692307692309,2.780701206982242,3.512981884615385,32.53647463319918,43.651231980727815
2020-01-01,MARKTEN,22.131578947368418,23.63,1.9442724458204335,2.2222222222222223,43.02981912986801,52.51111111111111
2020-01-01,MISTIC,3.4192553495007134,7.620410810810812,27.996471876910537,14.364864864864865,95.72708623227263,109.46617151205261
2020-01-01,NICOTEK,1.5878176375964321,3.264509028403107,9.89694692308873,8.496535833333335,15.714546882836027,27.737017938067186
2020-01-01,NJOY,33.81511709759177,20.937505279817834,3.6398780906899235,3.896617549019607,123.08290385763851,81.58545050602885
2020-01-01,PUFF,12.022081871345032,13.538646616541353,1.9000000000000004,1.9,22.841955555555565,25.72342857142857
2020-01-01,V2 CIGS,12.24,12.240000000000002,4.571428571428571,3,55.95428571428571,36.720000000000006
2020-01-01,VAPIN PLUS,0.9796072227224856,0.9796072227224856,14.993764499999997,14.9937645,14.687999999999995,14.687999999999997
2020-01-01,VUSE,27.494226621070275,25.35217391304348,3.3278364087058683,2.6913043478260867,91.49628837880779,68.23041587901702
2020-01-01,ZIG-ZAG,10.491428571428571,10.491428571428571,1.4,1.4,14.687999999999999,14.687999999999999
2020-02-01,21ST CENTURY SMOKE,6.73218699066077,7.599941810773702,6.152270483563807,5.34896075,41.41823531247451,40.65179044811246
2020-02-01,BLU,17.875802191927285,13.566151111111113,2.563302290460609,2.8555555555555556,45.821084702387985,38.73889817283951
2020-02-01,CIG2O,15.980000000000004,14.960000000000003,2.75,2.3333333333333335,43.94500000000001,34.90666666666667
2020-02-01,COSMIC FOG,0.4896,0.4896,30,30,14.687999999999999,14.687999999999999
2020-02-01,FAZE,1.4694108340837284,1.4694108340837284,9.995843,9.995843,14.687999999999999,14.687999999999999
2020-02-01,FINITI,9.863344262295083,9.77257142857143,1.6024590163934427,1.5625,15.805604944907286,15.269642857142859
2020-02-01,GLAS,8.131930589075441,8.456541353383459,1.9,1.9,15.450668119243337,16.06742857142857
2020-02-01,IMPERIAL,0.7347054170418641,0.7347054170418641,19.991686,19.991686,14.687999999999997,14.687999999999997
2020-02-01,JAK,11.750399999999999,11.750399999999999,1.25,1.25,14.687999999999999,14.687999999999999
2020-02-01,JUUL,31.668185254862383,30.464000000000002,2.6033291175439808,2.1839999999999997,82.44270877376019,66.53337599999999
2020-02-01,LEAP,7.240851474530831,14.144,3,3,21.72255442359249,42.432
2020-02-01,LOGIC,12.516674202986431,11.789234811165846,2.7492346760391295,3.5329374285714286,34.41127474753473,41.650628918585035
2020-02-01,MARKTEN,23.28879432624114,23.346666666666668,2.320567375886525,2.2222222222222223,54.04321633720639,51.88148148148149
2020-02-01,MISTIC,3.6094999159239958,7.563475862068966,26.640070623843954,13.465517241379311,96.15733267697406,101.8461146254459
2020-02-01,NICOTEK,1.834277117106102,3.6410852569874836,9.706720782548633,8.150648461538463,17.804815813567192,29.67720594819541
2020-02-01,NJOY,33.93871903681722,22.595428571428574,3.4681885278644886,3.4095238095238094,117.70587601390561,77.03965170068028
2020-02-01,PUFF,11.32053444870454,11.426602870813397,1.9,1.9,21.509015452538627,21.710545454545453
2020-02-01,V2 CIGS,12.240000000000002,12.240000000000002,4.333333333333333,2.3333333333333335,53.040000000000006,28.560000000000006
2020-02-01,VAPIN PLUS,0.9796072227224856,0.9796072227224857,14.993764499999996,14.9937645,14.687999999999994,14.687999999999999
2020-02-01,VUSE,26.283054933393327,25.34416666666667,3.4222295632889312,2.729166666666667,89.94664760660564,69.16845486111113
2020-02-01,ZIG-ZAG,10.491428571428571,10.491428571428571,1.4,1.4,14.687999999999999,14.687999999999999
2020-03-01,21ST CENTURY SMOKE,4.0982696568126205,7.543587325251108,11.264908122054774,7.6979215,46.166631143399115,58.069943058178
2020-03-01,BLU,18.809511300610392,14.963022222222223,2.4366974221711297,2.6527777777777777,45.83308769849608,39.693572839506174
2020-03-01,CIG2O,16.32,16.32,2,2,32.64,32.64
2020-03-01,FINITI,10.880000000000003,10.88,1.5833333333333333,1.5,17.22666666666667,16.32
2020-03-01,GLAS,8.953121349025926,8.577543859649122,1.9,1.9,17.01093056314926,16.29733333333333
2020-03-01,GREEN SMART LIVING,12.240000000000002,12.240000000000002,5,5,61.20000000000001,61.20000000000001
2020-03-01,JAK,11.750399999999999,11.750399999999999,1.25,1.25,14.687999999999999,14.687999999999999
2020-03-01,JUUL,31.88085178530897,29.347368421052636,2.6393640323890617,2.2842105263157895,84.1451735240711,67.03556786703602
2020-03-01,KRAVE,9.248,8.772,3.3333333333333335,3,30.826666666666664,26.316000000000003
2020-03-01,LEAP,5.9599826011309265,14.144,3,3,17.87994780339278,42.432
2020-03-01,LOGIC,13.03181400734092,11.868615384615385,2.7187522158906985,2.6307692307692307,35.43027320953357,31.223588165680475
2020-03-01,MARKTEN,19.303225806451614,21.08,1.9096774193548391,2.0000000000000004,36.86293444328825,42.160000000000004
2020-03-01,MISTIC,12.172000000000002,10.608,5.833333333333333,6.666666666666667,71.00333333333334,70.72000000000001
2020-03-01,NICOTEK,1.4694108340837284,1.4694108340837284,9.995843,9.995843,14.687999999999999,14.687999999999999
2020-03-01,NJOY,34.085402605748904,25.938421052631583,3.514283896280412,2.916666666666667,119.78578147561777,75.65372807017546
2020-03-01,PUFF,9.606995951417003,11.11859649122807,1.8999999999999997,1.9,18.253292307692302,21.12533333333333
2020-03-01,RIP TIDE RIPSTICK,10.491428571428571,10.491428571428571,1.4,1.4,14.687999999999999,14.687999999999999
2020-03-01,V2 CIGS,12.24,12.240000000000002,3.857142857142857,2,47.21142857142857,24.480000000000004
2020-03-01,VAPIN PLUS,0.9796072227224858,0.9796072227224857,14.9937645,14.9937645,14.688,14.687999999999999
2020-03-01,VUSE,25.238850056161205,25.514782608695654,3.4718284709094434,2.7782608695652176,87.62495819799487,70.88672211720228
2020-03-01,ZIG-ZAG,10.491428571428571,10.491428571428571,1.4,1.4,14.687999999999999,14.687999999999999
2020-04-01,21ST CENTURY SMOKE,3.985372897895563,3.4576032100988825,9.218217995747683,10.196882250000002,36.73803616714597,35.256772800600324
2020-04-01,BLU,18.868001085020815,14.883200000000002,2.427800415138399,2.661764705882353,45.8077408670453,39.61557647058824
2020-04-01,CIG2O,16.320000000000007,16.320000000000007,3,3,48.96000000000002,48.96000000000002
2020-04-01,GLAS,8.76493017828791,8.654545454545454,1.9,1.9,16.653367338747028,16.44363636363636
2020-04-01,JAK,11.750399999999999,11.750399999999999,1.25,1.25,14.687999999999999,14.687999999999999
2020-04-01,JUUL,31.982570520713896,29.580000000000002,2.6575533465597223,2.3099999999999996,84.99538731890553,68.32979999999999
2020-04-01,LEAP,5.6947873584486715,14.144,3,3,17.084362075346014,42.432
2020-04-01,LOGIC,12.84088975319453,10.933428571428571,2.727359471419827,2.7,35.02172228983291,29.520257142857144
2020-04-01,MARKTEN,23.167887323943667,21.93,3.030985915492958,2.2,70.2215401706011,48.246
2020-04-01,MISTIC,13.80923076923077,11.968,8.692307692307692,5.333333333333333,120.03408284023668,63.82933333333333
2020-04-01,NICOTEK,1.9966770446665236,4.719607222722486,9.549946416963923,7.2472286666666665,19.068158788547183,34.20407275992145
2020-04-01,NJOY,34.16433288461581,26.45495266425806,3.619946142487787,2.4895190384615384,123.67304503633365,65.86010831926923
2020-04-01,PUFF,9.980618722378468,11.542105263157895,1.9000000000000001,1.9,18.96317557251909,21.93
2020-04-01,V2 CIGS,12.240000000000002,12.240000000000002,2.2903225806451615,2,28.033548387096783,24.480000000000004
2020-04-01,VAPIN PLUS,0.9796072227224858,0.9796072227224857,14.9937645,14.993764500000001,14.688,14.688
2020-04-01,VUSE,26.492921930718634,24.95909090909091,3.495323747393896,2.8295454545454546,92.60133916229339,70.62288223140496
2020-05-01,21ST CENTURY SMOKE,0.8707619757533207,0.8707619757533207,14.9937645,14.9937645,13.056000000000001,13.056000000000001
2020-05-01,BLU,18.83077762690669,14.891284210526317,2.4377470125191896,2.776315789473684,45.90467190340498,41.34290747922438
2020-05-01,CIG2O,15.578181818181822,14.280000000000005,2.8181818181818183,2.5,43.90214876033059,35.70000000000001
2020-05-01,FINITI,13.600000000000003,13.600000000000001,1.75,1.75,23.800000000000004,23.800000000000004
2020-05-01,GLAS,8.552775573545965,8.512388663967611,1.9,1.9,16.250273589737333,16.17353846153846
2020-05-01,GREEN SMART LIVING,12.24,12.24,5,5,61.2,61.2
2020-05-01,JAK,11.750399999999999,11.750399999999999,1.25,1.25,14.687999999999999,14.687999999999999
2020-05-01,JUUL,31.982266932302174,29.347368421052632,2.6569926319297554,2.2842105263157895,84.97664759153754,67.03556786703601
2020-05-01,LEAP,5.367345238095238,14.144,3,3,16.102035714285712,42.432
2020-05-01,LOGIC,13.02737218657318,11.734250000000001,2.7161950977721716,2.86875,35.38488447002361,33.6626296875
2020-05-01,MARKTEN,20.91,22.78,1.4000000000000001,1.2000000000000002,29.274000000000004,27.336000000000006
2020-05-01,MISTIC,13.19703703703704,15.3,9.938271604938272,8.75,131.15573845450393,133.875
2020-05-01,NICOTEK,1.854228988598039,3.777394226780072,9.73159982718045,8.353876642857143,18.044614504993657,31.555885401961465
2020-05-01,NJOY,34.130890169236494,24.117029151128914,3.643306650114021,2.6842498333333333,124.34929912789059,64.73613147941293
2020-05-01,PUFF,9.305263157894736,11.79621052631579,1.9,1.9,17.679999999999996,22.4128
2020-05-01,V2 CIGS,12.240000000000002,12.240000000000002,1,1,12.240000000000002,12.240000000000002
2020-05-01,VAPIN PLUS,0.9796072227224857,0.9796072227224857,14.9937645,14.9937645,14.687999999999999,14.687999999999999
2020-05-01,VUSE,26.208402035305287,26.08878048780488,3.5061102726549356,2.726829268292683,91.88954760585439,71.1396502082094
2020-05-01,ZIG-ZAG,13.755428571428572,12.531428571428574,2.5199999999999996,2.0999999999999996,34.66368,26.316
2020-06-01,21ST CENTURY SMOKE,0.8707619757533207,0.8707619757533207,14.9937645,14.9937645,13.056000000000001,13.056000000000001
2020-06-01,BLU,18.886443489501453,15.114133333333335,2.441368538122023,2.6805555555555554,46.10876893228836,40.51427407407407
2020-06-01,CIG2O,16.32,16.32,2,2,32.64,32.64
2020-06-01,GLAS,8.572146538786537,8.859883040935673,1.9,1.9,16.28707842369442,16.833777777777776
2020-06-01,JAK,11.750399999999997,11.750399999999997,1.25,1.25,14.687999999999997,14.687999999999997
2020-06-01,JUUL,31.954654878643918,29.580000000000002,2.656463760790985,2.3099999999999996,84.88638267370041,68.32979999999999
2020-06-01,LEAP,5.346640853158327,14.144,3,3,16.03992255947498,42.432
2020-06-01,LOGIC,13.067991467964912,11.533212121212122,2.7127925203312,2.618181818181818,35.45074951004715,30.196046280991737
2020-06-01,MARKTEN,17.151111111111113,20.060000000000002,1.5111111111111115,1.2000000000000002,25.917234567901247,24.072000000000006
2020-06-01,MISTIC,3.2640000000000002,3.2640000000000002,5,5,16.32,16.32
2020-06-01,NICOTEK,1.6326684169236283,3.623528667266983,9.874644244682303,8.3966744,16.122019786649474,30.425590398106795
2020-06-01,NJOY,34.14081037726791,25.67777257698737,3.6247437509894387,3.0751084782608697,123.75168906871724,78.96193615434832
2020-06-01,PUFF,11.084715789473684,11.79621052631579,1.9,1.9,21.060959999999998,22.4128
2020-06-01,V2 CIGS,12.24,12.240000000000002,2.5384615384615383,1.8,31.07076923076923,22.032000000000004
2020-06-01,VAPIN PLUS,1.4808016157432924,2.05717516771722,13.813575523255814,12.456358199999999,20.455164954029204,25.624910769230766
2020-06-01,VUSE,26.143502663437754,26.066666666666666,3.5193641121761274,2.7564102564102564,92.00850504028384,71.85042735042735
2020-06-01,ZIG-ZAG,14.571428571428575,14.571428571428575,2.8,2.8,40.800000000000004,40.800000000000004
2020-07-01,21ST CENTURY SMOKE,4.536526482232847,4.319883621547403,8.196192055141305,8.5979215,37.18224231161499,37.14202026720028
2020-07-01,BLU,18.78047654388065,15.711400000000001,2.4566267006365687,2.703125,46.13662012837599,42.469878125
2020-07-01,CIG2O,14.96,14.280000000000001,2,2,29.92,28.560000000000002
2020-07-01,FINITI,10.88,10.88,1.75,1.75,19.040000000000003,19.040000000000003
2020-07-01,GLAS,8.622626843148744,8.859883040935673,1.9000000000000001,1.9,16.382991001982614,16.833777777777776
2020-07-01,JAK,11.750399999999999,11.750399999999999,1.25,1.25,14.687999999999999,14.687999999999999
2020-07-01,JUUL,31.901588253388525,29.580000000000002,2.654680331071075,2.3099999999999996,84.68851886619856,68.32979999999999
2020-07-01,LEAP,5.279438358487366,14.144,3,3,15.838315075462098,42.432
2020-07-01,LOGIC,13.161464740657896,11.93211111111111,2.7065696120292584,2.5,35.62242051685921,29.830277777777777
2020-07-01,MARKTEN,22.553333333333338,20.060000000000002,1.6000000000000003,1.6,36.085333333333345,32.096000000000004
2020-07-01,MISTIC,11.968,9.792,8.333333333333334,7.5,99.73333333333333,73.44
2020-07-01,NICOTEK,1.4694108340837282,1.4694108340837284,9.995843,9.995843,14.687999999999997,14.687999999999999
2020-07-01,NJOY,33.97837905212242,28.128736842105265,3.617946614546042,2.1999999999999997,122.93196145938846,61.883221052631576
2020-07-01,PUFF,11.400935672514619,11.79621052631579,1.9000000000000001,1.9,21.661777777777775,22.4128
2020-07-01,V2 CIGS,12.24,12.24,1,1,12.24,12.24
2020-07-01,VAPIN PLUS,0.9796072227224856,0.9796072227224856,14.9937645,14.9937645,14.687999999999997,14.687999999999997
2020-07-01,VUSE,26.15029242135226,25.292682926829272,3.5306027771084416,2.753658536585366,92.32629504502411,69.64741225461037
2020-08-01,21ST CENTURY SMOKE,5.541396196964392,5.976819061817331,7.093777503247353,6.778752900000001,39.309431678606444,40.51537954806951
2020-08-01,BLU,18.807345152597815,16.473820689655174,2.452182157236907,2.5,46.1190362081964,41.18455172413793
2020-08-01,CIG2O,16.32,16.32,2,2,32.64,32.64
2020-08-01,FAZE,1.4694108340837284,1.4694108340837284,9.995843,9.995843,14.687999999999999,14.687999999999999
2020-08-01,GLAS,8.760520941001364,8.859883040935673,1.9000000000000001,1.9,16.644989787902592,16.833777777777776
2020-08-01,JAK,11.750399999999999,11.750399999999999,1.25,1.25,14.687999999999999,14.687999999999999
2020-08-01,JUUL,31.879438297707864,29.088888888888892,2.6582628619842827,2.2555555555555555,84.74392688771626,65.61160493827161
2020-08-01,LEAP,5.260084044460379,14.144,3,3,15.780252133381138,42.432
2020-08-01,LOGIC,13.25818818500398,11.660111111111112,2.7015087504370614,2.5,35.817111396729516,29.15027777777778
2020-08-01,MARKTEN,22.553333333333338,20.060000000000002,1.6000000000000003,1.6,36.085333333333345,32.096000000000004
2020-08-01,MISTIC,16.32,16.32,10,10,163.2,163.2
2020-08-01,NICOTEK,2.284173881727187,5.803006018935405,9.344561708593726,6.442135,21.344603790957766,37.38374817979444
2020-08-01,NJOY,33.96941259995355,25.77847942136728,3.6162622864826095,2.6053122916666664,122.84230567917919,67.16098929696439
2020-08-01,PUFF,12.359770713913496,11.79621052631579,1.9,1.9,23.483564356435643,22.4128
2020-08-01,V2 CIGS,12.240000000000002,12.240000000000002,1,1,12.240000000000002,12.240000000000002
2020-08-01,VAPIN PLUS,0.9796072227224857,0.9796072227224857,14.9937645,14.9937645,14.687999999999999,14.687999999999999
2020-08-01,VUSE,26.21481620266723,25.840000000000003,3.5415057815452826,2.7,92.83992314389295,69.76800000000001
2020-09-01,21ST CENTURY SMOKE,4.789091624285166,3.4576032100988825,7.727850499890815,10.19688225,37.009384102755035,35.25677280060032
2020-09-01,BLU,18.796296747779206,15.580160000000001,2.4611959700004014,2.5166666666666666,46.26136980656583,39.21006933333334
2020-09-01,FAZE,1.4694108340837284,1.4694108340837284,9.995843,9.995843,14.687999999999999,14.687999999999999
2020-09-01,FINITI,10.88,10.88,5,5,54.400000000000006,54.400000000000006
2020-09-01,GLAS,8.833542158788969,8.746947368421052,1.8999999999999997,1.9,16.78373010169904,16.6192
2020-09-01,JAK,11.750399999999999,11.750399999999999,1.25,1.25,14.687999999999999,14.687999999999999
2020-09-01,JUUL,31.86663726526504,29.347368421052632,2.6657624386979086,2.2105263157894735,84.94888466935458,64.87313019390581
2020-09-01,LEAP,5.232097621363516,14.144,3,3,15.696292864090548,42.432
2020-09-01,LOGIC,13.227060679208448,11.305809523809526,2.706140050420359,2.7214285714285715,35.794278653346296,30.767953061224496
2020-09-01,MARKTEN,23.799999999999997,23.8,2.4000000000000004,2,57.120000000000005,47.6
2020-09-01,MISTIC,3.2640000000000002,3.2640000000000002,5,5,16.32,16.32
2020-09-01,NICOTEK,3.9646057761579634,7.2898036113612426,7.710637885881473,4.665281,30.569639500228117,34.008982281814994
2020-09-01,NJOY,33.98614736391862,23.880869962709387,3.6143970870492472,3.0341995999999996,122.8394320321739,72.45932608850482
2020-09-01,PUFF,13.210361556064074,11.79621052631579,1.8999999999999997,1.9,25.099686956521737,22.4128
2020-09-01,V2 CIGS,12.414857142857146,12.852000000000002,1,1,12.414857142857146,12.852000000000002
2020-09-01,VAPIN PLUS,0.9796072227224858,0.9796072227224857,14.9937645,14.9937645,14.688,14.687999999999999
2020-09-01,VUSE,26.479434062695738,25.43567567567568,3.553755293279027,2.8000000000000003,94.10142896333795,71.2198918918919
2020-10-01,21ST CENTURY SMOKE,4.042755639906931,3.4576032100988825,9.111810902434014,10.196882250000002,36.83682491558057,35.256772800600324
2020-10-01,BLU,18.75497880206197,15.618844444444445,2.478897203097894,2.574074074074074,46.49166449659171,40.20406255144033
2020-10-01,FINITI,10.88,10.88,1.4772727272727273,1.375,16.072727272727274,14.96
2020-10-01,GLAS,8.893369608750294,8.859883040935673,1.9000000000000001,1.9,16.89740225662556,16.833777777777776
2020-10-01,JAK,11.750399999999999,11.750399999999999,1.25,1.25,14.687999999999999,14.687999999999999
2020-10-01,JUUL,31.87415839271435,29.088888888888892,2.6727579810548705,2.1777777777777776,85.19191123353436,63.349135802469135
2020-10-01,KRAVE,7.343999999999999,7.343999999999999,2,2,14.687999999999999,14.687999999999999
2020-10-01,LEAP,5.557690093141405,14.144,3,3,16.673070279424216,42.432
2020-10-01,LOGIC,13.281334934429136,12.282814814814817,2.7055385099323694,2.533333333333333,35.933163128408125,31.116464197530867
2020-10-01,MARKTEN,23.800000000000004,23.800000000000004,1.6000000000000003,1.6,38.08000000000001,38.080000000000005
2020-10-01,MISTIC,10.724571428571428,11.968,7.857142857142857,8.333333333333334,84.26448979591837,99.73333333333333
2020-10-01,NICOTEK,1.4694108340837284,1.4694108340837284,9.995843,9.995843,14.687999999999999,14.687999999999999
2020-10-01,NJOY,34.034666182746975,24.89775957952826,3.6086636091597954,2.6098073076923076,122.81966130358053,64.97835489581901
2020-10-01,PUFF,13.164856696195937,12.247953216374269,1.8999999999999997,1.9,25.013227722772275,23.27111111111111
2020-10-01,V2 CIGS,12.240000000000002,12.240000000000002,1,1,12.240000000000002,12.240000000000002
2020-10-01,VAPIN PLUS,0.9796072227224856,0.9796072227224857,14.993764499999996,14.9937645,14.687999999999994,14.687999999999999
2020-10-01,VUSE,26.787925468760882,25.665142857142857,3.5650769387760075,2.8542857142857145,95.50101532632989,73.2556506122449
2020-11-01,21ST CENTURY SMOKE,4.92009680092177,3.4576032100988825,7.484922407465682,10.19688225,36.826542792119575,35.25677280060032
2020-11-01,BLU,18.76556331285889,15.25617777777778,2.4966132656399984,2.574074074074074,46.850354304090786,39.2705316872428
2020-11-01,GLAS,8.969441423957894,8.859883040935673,1.9,1.9,17.04193870552,16.833777777777776
2020-11-01,JAK,11.750399999999999,11.750399999999999,1.25,1.25,14.687999999999999,14.687999999999999
2020-11-01,JUUL,31.879809700845293,29.580000000000002,2.673623058712337,2.2399999999999998,85.23459432354122,66.25919999999999
2020-11-01,KRAVE,7.3439999999999985,7.3439999999999985,2,2,14.687999999999997,14.687999999999997
2020-11-01,LEAP,5.541000968679366,14.144,3,3,16.6230029060381,42.432
2020-11-01,LOGIC,13.330096610413788,12.46048484848485,2.7034659163575903,2.5636363636363635,36.03746184800752,31.944152066115702
2020-11-01,MARKTEN,16.320000000000004,16.320000000000004,1.6000000000000003,1.6,26.112000000000013,26.11200000000001
2020-11-01,MISTIC,16.32,16.32,9.4375,7,154.02,114.24000000000001
2020-11-01,NICOTEK,8.16,8.16,2,2,16.32,16.32
2020-11-01,NJOY,34.02824263859732,26.07496567505721,3.5996909234183723,2.3391304347826085,122.49115616603682,60.992745796438165
2020-11-01,PUFF,14.180890688259108,11.426602870813397,1.9000000000000004,1.9,26.94369230769231,21.710545454545453
2020-11-01,RIP TIDE RIPSTICK,10.491428571428571,10.491428571428571,1.4,1.4,14.687999999999999,14.687999999999999
2020-11-01,V2 CIGS,12.240000000000004,12.240000000000002,1,1,12.240000000000004,12.240000000000002
2020-11-01,VAPIN PLUS,0.9796072227224857,0.9796072227224857,14.9937645,14.9937645,14.687999999999999,14.687999999999999
2020-11-01,VUSE,26.970004690599243,25.801142857142857,3.524316465694307,2.822857142857143,95.05083161093161,72.83294040816327
2020-12-01,21ST CENTURY SMOKE,0.8707619757533207,0.8707619757533207,14.9937645,14.9937645,13.056000000000001,13.056000000000001
2020-12-01,BLU,18.846503391059407,16.286234482758623,2.520575742215321,2.6724137931034484,47.50403927308314,43.523557669441146
2020-12-01,FINITI,5.44,5.44,1.75,1.75,9.520000000000001,9.520000000000001
2020-12-01,GLAS,8.929909391694506,8.859883040935673,1.8999999999999997,1.9,16.96682784421956,16.833777777777776
2020-12-01,GREEN SMART LIVING,12.24,12.24,5,5,61.2,61.2
2020-12-01,JAK,11.750399999999999,11.750399999999999,1.25,1.25,14.687999999999999,14.687999999999999
2020-12-01,JUUL,31.904387859227793,29.347368421052636,2.672741752435567,2.2842105263157895,85.27218951725652,67.03556786703602
2020-12-01,KRAVE,7.343999999999999,7.343999999999999,2,2,14.687999999999999,14.687999999999999
2020-12-01,LEAP,5.441754272815221,14.144,3,3,16.325262818445662,42.432
2020-12-01,LOGIC,13.422398647210175,12.056148148148148,2.6979726400690995,2.4,36.213264314273545,28.934755555555554
2020-12-01,MARKTEN,25.024,23.573333333333334,2.880000000000001,2.666666666666667,72.06912000000003,62.86222222222223
2020-12-01,MISTIC,13.708800000000002,9.792,9,7.5,123.37920000000001,73.44
2020-12-01,NICOTEK,10.2,10.2,2,2,20.4,20.4
2020-12-01,NJOY,33.608691609933,27.167464114832537,3.595869027293696,2.2636363636363637,120.85245320802358,61.497259678120926
2020-12-01,PUFF,13.829052631578945,11.542105263157895,1.9,1.9,26.275199999999995,21.93
2020-12-01,V2 CIGS,12.240000000000004,12.240000000000002,1,1,12.240000000000004,12.240000000000002
2020-12-01,VAPIN PLUS,0.9796072227224857,0.9796072227224857,14.993764499999997,14.9937645,14.687999999999997,14.687999999999999
2020-12-01,VUSE,26.877868682594954,25.55666666666667,3.5042118183809747,2.8805555555555555,94.18574509044112,73.61739814814815
2021-01-01,21ST CENTURY SMOKE,9.07679531550764,9.361785803024985,4.467368266273116,5.898441125000001,40.54938735195531,55.21994238400372
2021-01-01,BIDI,55.300320023589826,61.272857142857156,1.8747183098591549,1.68,103.67252248929469,102.93840000000002
2021-01-01,BLU,17.232937392910117,18.450666666666667,2.631456233847079,2.70027495,45.34772053006976,49.8218730108
2021-01-01,BUD VAPE,17,17.000000000000004,6.500734214390602,6.333333333333333,110.51248164464023,107.66666666666669
2021-01-01,CIG2O,12.24,12.24,2,2,24.48,24.48
2021-01-01,CUE,20.408483806718454,20.408483806718454,4.9979215,4.9979215,102.00000000000001,102.00000000000001
2021-01-01,DINNER LADY,16.367780743271755,15.640848380671848,2.2903806272025715,3.1991686,37.488447924688934,50.03771101680623
2021-01-01,EPIC,22.68163969319975,45.333333333333336,1.5,1.5,34.02245953979963,68
2021-01-01,GLAS,35.41605092377492,40.53846153846154,1.6016700531633592,1.7642857142857142,56.72482816591881,71.52142857142857
2021-01-01,GREEN SMOKE,32.64000000000001,32.64000000000001,3,3,97.92000000000002,97.92000000000002
2021-01-01,HYPPE,33.939929328621915,33.29166666666667,5.74416961130742,4.733333333333333,194.95671065939146,157.58055555555558
2021-01-01,IGNITE,30.267015838960063,29.363636363636367,1.717965545529122,1.8363636363636364,51.9976903773176,53.92231404958678
2021-01-01,JAK,81.60000000000001,81.60000000000001,1.25,1.25,102.00000000000001,102.00000000000001
2021-01-01,JUUL,32.05805300803477,41.7724278483624,2.674139180753397,2.101084888888889,85.72769560745508,87.76741692439563
2021-01-01,KOMGE,17,17,3.2,3.2000000000000006,54.400000000000006,54.40000000000001
2021-01-01,LEAP,52.11025824268038,53.77540740740741,2.61650290648887,2.4722222222222223,136.3466421498588,132.9447572016461
2021-01-01,LOGIC,15.876748496517749,21.788333333333334,2.690369438671943,2.9829869166666665,42.714318940512065,64.99431326930555
2021-01-01,MARKTEN,23.8,23.8,3.2,3.2,76.16000000000001,76.16000000000001
2021-01-01,MISTIC,12.651506154072166,8.978262348458255,8.330100367191696,6.665281,105.38831605956454,59.842641444194186
2021-01-01,MNGO,40.80000000000001,40.800000000000004,1.4000000000000001,1.4,57.12000000000002,57.120000000000005
2021-01-01,NICOTEK,8.16,8.16,2,2,16.32,16.32
2021-01-01,NJOY,33.58612963231788,25.001626903902967,3.5979490123438582,2.617323354166667,120.8411819390509,65.43734198774689
2021-01-01,POP,34.00000000000001,34.00000000000001,1.200618883242487,1.3916666666666666,40.82104203024456,47.31666666666668
2021-01-01,PUFF,33.272644515248075,33.199445983379505,2.8411015020482484,2.3526315789473684,94.53096030938872,78.106065024056
2021-01-01,PUUR VAPOR,8.764187163381315,8.857894736842107,11.689191572492572,11.578947368421053,102.44626272994445,102.56509695290862
2021-01-01,STICK,28.64149043303122,30.222222222222225,1.4,1.4,40.098086606243704,42.31111111111111
2021-01-01,STIG,81.60000000000001,81.60000000000001,1.5,1.5,122.4,122.4
2021-01-01,SWITCH MODS,46.32066728452271,47.73076923076923,1.3,1.3,60.21686746987953,62.050000000000004
2021-01-01,UNO,30.377049180327873,31.16666666666667,3.2426229508196722,2.9,98.50131685030907,90.38333333333334
2021-01-01,V2 CIGS,12.24,12.240000000000002,1,1,12.24,12.240000000000002
2021-01-01,VAPIN PLUS,8.18742003620309,10.904539753531099,14.44741878034252,9.9976053,118.28708599359315,109.01928443396321
2021-01-01,VUSE,27.474243077592657,25.477333333333334,3.8570236925658827,3.022222222222222,105.96880648558907,76.99816296296297
2021-02-01,21ST CENTURY SMOKE,9.457488303282934,9.107566255885164,4.774477370452687,7.331254833333333,45.154563885345354,66.76988913336167
2021-02-01,BIDI,55.55778132655502,61.27285714285716,1.869259803957082,1.68,103.85192743076668,102.93840000000003
2021-02-01,BLU,17.197506130395826,18.00237037037037,2.625881973625849,2.6481481481481484,45.15862133912643,47.672943758573396
2021-02-01,BO VAPING,145.71428571428578,145.71428571428578,0.7,0.6999999999999998,102.00000000000004,102.00000000000003
2021-02-01,BUD VAPE,17,17.000000000000004,6.409448818897638,6.333333333333333,108.96062992125985,107.66666666666669
2021-02-01,CIG2O,12.24,12.24,2,2,24.48,24.48
2021-02-01,CUE,20.408483806718454,20.408483806718454,4.9979215,4.9979215,102.00000000000001,102.00000000000001
2021-02-01,DINNER LADY,16.31345132198179,15.640848380671848,2.358301560672605,3.1991686,38.472037712586236,50.03771101680623
2021-02-01,EPIC,22.67614137754865,45.333333333333336,1.5,1.5,34.014212066322976,68
2021-02-01,GLAS,35.58784661011677,40.53846153846154,1.6072706030376562,1.7642857142857142,57.199299681853994,71.52142857142857
2021-02-01,GREEN SMOKE,32.64000000000001,32.64000000000001,3,3,97.92000000000002,97.92000000000002
2021-02-01,HYPPE,33.62637362637363,33.29166666666667,5.095604395604396,4.733333333333333,171.34669725878518,157.58055555555558
2021-02-01,IGNITE,21.43636897282325,26.06666666666667,2.3149329982481404,2.04,49.62375789781113,53.17600000000001
2021-02-01,JAK,81.60000000000002,81.60000000000001,1.25,1.25,102.00000000000003,102.00000000000001
2021-02-01,JUUL,32.0460809796468,41.36335269844858,2.6802821330306914,2.064185684210526,85.892538283402,85.38164049108839
2021-02-01,KOMGE,17,17,3.2000000000000006,3.2,54.40000000000001,54.400000000000006
2021-02-01,KRAVE,17.544,22.338000000000005,3.3333333333333335,3,58.480000000000004,67.01400000000001
2021-02-01,LEAP,49.67857579158087,53.77540740740741,2.6613733614492,2.4722222222222223,132.21323824644844,132.9447572016461
2021-02-01,LOGIC,15.962195401671128,24.514000000000003,2.6794944857960656,2.28,42.770614559977105,55.89192
2021-02-01,MARKTEN,17.816000000000003,20.060000000000002,1.4400000000000004,1.2000000000000002,25.65504000000001,24.072000000000006
2021-02-01,MISTIC,16.320000000000004,16.32,3.2916666666666665,2.8333333333333335,53.72000000000001,46.24
2021-02-01,MNGO,40.800000000000004,40.800000000000004,1.4,1.4,57.120000000000005,57.120000000000005
2021-02-01,NJOY,33.58672883305897,27.36998358009504,3.5917031630778533,1.9992735277777778,120.63356018713604,54.72008362739647
2021-02-01,POP,34.000000000000014,34.00000000000001,1.2033442801968834,2.04375,40.91370552669405,69.48750000000003
2021-02-01,PUFF,33.24159597863651,32.629934210526315,2.925322023248508,2.33,97.24237280423442,76.02774671052632
2021-02-01,PUUR VAPOR,8.799619886239336,8.857894736842107,11.647506016189018,11.578947368421053,102.49362556514919,102.56509695290862
2021-02-01,STICK,28.068466096115866,30.222222222222225,1.4,1.4,39.29585253456221,42.31111111111111
2021-02-01,STIG,81.60000000000001,81.60000000000001,1.5,1.5,122.4,122.4
2021-02-01,SWITCH MODS,48.16546030844924,47.73076923076923,1.2999999999999998,1.3,62.615098400984,62.050000000000004
2021-02-01,UNO,27.110526315789475,33.05555555555556,2.9578947368421056,2.533333333333333,80.19008310249309,83.74074074074075
2021-02-01,V2 CIGS,12.240000000000002,12.240000000000002,1,1,12.240000000000002,12.240000000000002
2021-02-01,VAPIN PLUS,10.88,10.88,14.9937645,14.9937645,163.13215776,163.13215776
2021-02-01,VUSE,27.614142342318576,25.590204081632656,4.035621659731437,3.9755102040816332,111.44023095156786,101.73411745106209
2021-03-01,21ST CENTURY SMOKE,10.879999999999999,10.879999999999999,1.6,1.6,17.407999999999998,17.407999999999998
2021-03-01,BIDI,55.36655376497434,61.272857142857156,1.8760339418140328,1.68,103.8695341043634,102.93840000000002
2021-03-01,BLU,17.124192916889125,17.47851851851852,2.606531062327049,2.537037037037037,44.634740755152336,44.34364883401921
2021-03-01,BUD VAPE,17,17.000000000000004,6.410699919549477,6.333333333333333,108.9818986323411,107.66666666666669
2021-03-01,CUE,20.408483806718454,20.408483806718454,4.9979215,4.9979215,102.00000000000001,102.00000000000001
2021-03-01,DINNER LADY,15.785571766262445,15.640848380671848,3.0182399758610763,3.1991686,47.64464374675725,50.03771101680623
2021-03-01,EPIC,22.67585461424132,45.333333333333336,1.5,1.5,34.01378192136198,68
2021-03-01,GLAS,35.58526456139583,40.53846153846154,1.623129928251758,1.7642857142857142,57.75950791435824,71.52142857142857
2021-03-01,HYPPE,32.29330708661418,32.9375,3.5543307086614178,4.1,114.78109306218616,135.04375
2021-03-01,IGNITE,19.637522090968286,26.06666666666667,2.4490931076178963,2.04,48.09412000368461,53.17600000000001
2021-03-01,JAK,81.60000000000001,81.60000000000001,1.25,1.25,102.00000000000001,102.00000000000001
2021-03-01,JUUL,32.02735970240733,40.99518506352615,2.688750583064052,2.1009764,86.11358207384983,86.12991633210095
2021-03-01,KOMGE,17,17,3.2,3.2000000000000006,54.400000000000006,54.40000000000001
2021-03-01,KRAVE,36.720000000000006,36.720000000000006,2,2,73.44000000000001,73.44000000000001
2021-03-01,LEAP,50.45181436138027,53.77540740740741,2.6428304999046772,2.4722222222222223,133.3355937697846,132.9447572016461
2021-03-01,LOGIC,16.00737148816484,18.785,2.6733960117561546,2.5749999999999997,42.79404309515906,48.37137499999999
2021-03-01,MARKTEN,23.8,23.8,1.2000000000000002,1.2000000000000002,28.560000000000006,28.560000000000006
2021-03-01,MISTIC,10.283309908771631,10.610262348458253,6.997838691843641,6.665281,71.96094395982122,70.72038003619417
2021-03-01,MNGO,40.80000000000001,40.800000000000004,1.4000000000000001,1.4,57.12000000000002,57.120000000000005
2021-03-01,MR VAPOR,17.000000000000004,17.000000000000004,1.4,1.3999999999999997,23.800000000000004,23.8
2021-03-01,NICOTEK,15.639764355035323,14.280000000000001,8.66274069114184,5.9979215,135.4832230782342,85.65031902000001
2021-03-01,NJOY,33.53631566143653,26.44995712725529,3.5824427113684325,2.2504682826086957,120.14192960746432,59.52478959124784
2021-03-01,POP,34.00000000000001,34.00000000000001,1.2059492301673151,2.04375,41.002273825688725,69.48750000000003
2021-03-01,PUFF,34.367045454545455,33.48654306220096,2.736704545454546,2.1772727272727272,94.05244950929755,72.9093369399739
2021-03-01,PUUR VAPOR,8.796211977133142,8.840000000000002,11.651515321019835,11.6,102.48919861850497,102.54400000000001
2021-03-01,STICK,28.668838526912186,30.222222222222225,1.4000000000000001,1.4,40.136373937677064,42.31111111111111
2021-03-01,SWITCH MODS,48.891827756299165,47.73076923076923,1.3,1.3,63.559376083188916,62.050000000000004
2021-03-01,UNO,24.391304347826093,21.25,3.7130434782608694,2.9,90.56597353497166,61.625
2021-03-01,VAPIN PLUS,12.812694149959595,11.992539753531098,14.566396566747247,12.535011599999999,186.634784076754,150.32662492397344
2021-03-01,VUSE,27.73307094716765,25.77061224489796,4.835640267027595,3.728571428571429,134.10715460045702,96.08756851311955
2021-04-01,21ST CENTURY SMOKE,6.7114245778515835,7.616904939383301,10.155208547033867,8.296882250000001,68.15591623577157,63.19656339150664
2021-04-01,BIDI,55.32485830343081,61.272857142857156,1.8830307552018564,1.68,104.178409712545,102.93840000000002
2021-04-01,BLU,17.160246348063776,16.918400000000002,2.627584302979489,2.62,45.089993939433484,44.32620800000001
2021-04-01,BO VAPING,145.71428571428575,145.71428571428575,0.7000000000000001,0.7,102.00000000000003,102.00000000000001
2021-04-01,BUD VAPE,17,17.000000000000004,6.327183076188962,6.6,107.56211229521234,112.20000000000002
2021-04-01,DINNER LADY,15.895911422719248,15.640848380671848,2.8802968082850646,3.1991686,45.78494293564035,50.03771101680623
2021-04-01,EPIC,22.666666666666668,22.666666666666668,1.5,1.5,34,34
2021-04-01,FAZE,16.32,16.32,9.995843,9.995843,163.13215776,163.13215776
2021-04-01,FINITI,10.88,10.88,1.75,1.75,19.040000000000003,19.040000000000003
2021-04-01,GLAS,35.62835442608056,40.04807692307693,1.6235829791931118,1.7875,57.84558982284397,71.58593750000001
2021-04-01,GREEN SMART LIVING,12.24,12.24,5,5,61.2,61.2
2021-04-01,IGNITE,19.060465036699917,26.06666666666667,2.4795147740688144,2.04,47.26070465911953,53.17600000000001
2021-04-01,JAK,81.60000000000001,81.60000000000001,1.25,1.25,102.00000000000001,102.00000000000001
2021-04-01,JUUL,31.99996765851184,41.36335269844858,2.693021935316675,2.1378698947368417,86.17661483379656,88.42946647939513
2021-04-01,KRAVE,36.720000000000006,36.720000000000006,2,2,73.44000000000001,73.44000000000001
2021-04-01,LEAP,51.111075246701525,53.77540740740741,2.6317867536047963,2.4722222222222223,134.51345079676707,132.9447572016461
2021-04-01,LOGIC,16.004388275557496,17.154545454545456,2.6734798204076053,3.7810623636363636,42.78740909267104,64.86240618347108
2021-04-01,MISTIC,11.97131765116506,9.79539352268738,8.330100367191696,7.4979215,99.7222775617385,73.44509169471846
2021-04-01,MNGO,40.80000000000001,40.800000000000004,1.3999999999999997,1.4,57.120000000000005,57.120000000000005
2021-04-01,MR VAPOR,17.000000000000004,17,1.4,1.4,23.800000000000004,23.799999999999997
2021-04-01,NICOTEK,8.162423656795808,9.249018056806214,7.710637885881473,4.665281,62.93749308870495,43.149268209074954
2021-04-01,NJOY,33.54088755691443,26.585581195277797,3.567623105958907,2.1096581666666667,119.66124544241751,56.08648848419757
2021-04-01,POP,34.00000000000001,34.00000000000001,1.216635388396379,2.04375,41.365603205476894,69.48750000000003
2021-04-01,PUFF,35.9245283018868,32.9514802631579,1.8353962264150945,1.775,65.9357436810253,58.48887746710526
2021-04-01,PUUR VAPOR,8.784657517935285,8.823809523809526,11.665108802429078,11.619047619047619,102.47398573879167,102.52426303854878
2021-04-01,STICK,28.660959865282067,30.22222222222222,1.4,1.4,40.12534381139489,42.31111111111111
2021-04-01,SWITCH MODS,47.75324967643914,47.73076923076924,1.3000000000000003,1.3,62.079224579370894,62.05000000000001
2021-04-01,VAPIN PLUS,9.637347090899974,10.517936626255535,14.9937645,14.9937645,144.5001126857143,157.7034648
2021-04-01,VUSE,27.81691638962977,25.506938775510207,5.280942696076905,3.9673469387755107,146.89954143519728,101.1948754685548
2021-05-01,21ST CENTURY SMOKE,8.8375459424042,5.682381070699979,3.5674215475557727,7.331254833333333,31.52725182244683,41.65898368941106
2021-05-01,BIDI,55.71037968089196,61.27285714285715,1.8604363705514197,1.68,103.6456165755602,102.9384
2021-05-01,BLU,17.1346418450407,17.5712,2.6453899105617524,2.54,45.32780865795988,44.630848
2021-05-01,BUD VAPE,17.000000000000004,17.000000000000004,6.647837390687781,6.714285714285714,113.01323564169229,114.14285714285717
2021-05-01,CIG2O,16.32,16.32,2,2,32.64,32.64
2021-05-01,CUE,20.408483806718454,20.408483806718454,4.9979215,4.9979215,102.00000000000001,102.00000000000001
2021-05-01,DINNER LADY,16.04964682222909,15.640848380671848,2.6881016478329123,3.1991686,43.143082069970276,50.03771101680623
2021-05-01,EPIC,22.688475518494762,56.66666666666667,1.5,1.5,34.03271327774215,85
2021-05-01,FINITI,10.88,10.88,1.75,1.75,19.040000000000003,19.040000000000003
2021-05-01,GLAS,35.774479760265585,39.37606837606838,1.6740356235591265,1.877777777777778,59.88775353297955,73.93950617283953
2021-05-01,HYDE,17,17,3.673170731707317,2.45,62.443902439024384,41.650000000000006
2021-05-01,IGNITE,18.639420513392118,24.722222222222225,2.507973514003657,2.55,46.747172963963884,63.04166666666667
2021-05-01,JAK,81.60000000000002,81.60000000000001,1.25,1.25,102.00000000000003,102.00000000000001
2021-05-01,JUST JUICE,17,17,9.995843,9.995843,169.92933100000002,169.92933100000002
2021-05-01,JUUL,31.96780956351176,41.36335269844858,2.688864187012853,2.1378698947368417,85.95709827257376,88.42946647939513
2021-05-01,LEAP,51.36112655879551,53.77540740740741,2.6255184047102307,2.4722222222222223,134.84958306676904,132.9447572016461
2021-05-01,LOGIC,15.989818737425503,23.94166666666667,2.6757373875412824,2.25,42.78455581573756,53.868750000000006
2021-05-01,MARKTEN,18.19,20.060000000000002,1.4000000000000001,1.2000000000000002,25.466000000000005,24.072000000000006
2021-05-01,MISTIC,16.32678704537476,16.32678704537476,9.995843,9.995843,163.2,163.2
2021-05-01,MNGO,40.800000000000004,40.800000000000004,1.4,1.4,57.120000000000005,57.120000000000005
2021-05-01,MR VAPOR,17.000000000000004,17,1.4,1.4,23.800000000000004,23.799999999999997
2021-05-01,NICOTEK,12.24,12.24,1.9230769230769231,1.6666666666666667,23.53846153846154,20.400000000000002
2021-05-01,NJOY,33.34972316940914,25.88900465030323,3.547384003570808,2.27095388,118.30427449467673,58.79273555994417
2021-05-01,POP,34,34.00000000000001,1.2185654342490697,2.1,41.43122476446837,71.40000000000002
2021-05-01,PUFF,31.1363830696879,32.95614035087719,1.466224882428388,1.4583333333333333,45.65293960559839,48.0610380116959
2021-05-01,PUUR VAPOR,8.764726955197817,8.783333333333335,11.688556523296688,11.666666666666666,102.44700642709176,102.47222222222224
2021-05-01,STICK,28.96834901625321,30.22222222222223,1.4,1.4,40.555688622754495,42.31111111111112
2021-05-01,SWITCH MODS,49.69319043316614,47.73076923076923,1.3,1.3,64.60114756311599,62.050000000000004
2021-05-01,UNO,17,17,1.8,1.8,30.6,30.6
2021-05-01,V2 CIGS,12.240000000000004,12.240000000000004,1,1,12.240000000000004,12.240000000000004
2021-05-01,VAPIN PLUS,7.571452698595605,10.910674691913874,14.635549116373813,11.920323374999999,110.81236785259703,130.05877056704188
2021-05-01,VUSE,27.822120398513476,25.825531914893617,5.463512186719582,3.817021276595744,152.00649385765783,98.57660479855136
2021-06-01,21ST CENTURY SMOKE,10.879999999999999,10.879999999999999,1.6,1.6,17.407999999999998,17.407999999999998
2021-06-01,BIDI,56.98905848098537,61.272857142857156,1.8032793987331386,1.68,102.76719511195897,102.93840000000002
2021-06-01,BLU,17.01423400189972,17.176296296296297,2.658799533048853,2.6476638333333335,45.2374374194349,45.47705849432099
2021-06-01,BUD VAPE,17.000000000000004,17.000000000000004,6.667155764923932,6.714285714285714,113.34164800370688,114.14285714285717
2021-06-01,CUE,20.408483806718458,20.408483806718458,4.997921500000001,4.9979215,102.00000000000004,102.00000000000003
2021-06-01,DINNER LADY,16.189290334123292,15.867373650559873,2.855766042752902,3.749307166666667,46.23282559245708,59.49165774422197
2021-06-01,EPIC,22.676393458255852,45.333333333333336,1.5,1.5,34.014590187383774,68
2021-06-01,GLAS,35.9240881895657,39.69230769230769,1.7131812127179011,1.835294117647059,61.544472970384994,72.84705882352942
2021-06-01,HYDE,17,17,3.5953051643192495,2.96,61.12018779342724,50.32
2021-06-01,IGNITE,18.497182909379752,24.722222222222225,3.426299066920441,2.55,63.37688054306457,63.04166666666667
2021-06-01,JAK,81.60000000000001,81.60000000000001,1.25,1.25,102.00000000000001,102.00000000000001
2021-06-01,JUUL,31.959204700683173,40.31518506352615,2.684645157027634,2.1009764,85.79912412214388,84.70125238010094
2021-06-01,LEAP,53.05913457663137,53.77540740740741,2.5987867768292237,2.4722222222222223,137.88937732775184,132.9447572016461
2021-06-01,LOGIC,15.911863356899905,20.638,2.68323577940214,2.46,42.69528107619167,50.76948
2021-06-01,MARKTEN,23.8,23.8,0.8000000000000002,0.8,19.040000000000003,19.040000000000003
2021-06-01,MISTIC,16.324524069770536,16.32452469691651,9.997229050787544,9.997228666666667,163.2000062705905,163.2000062697217
2021-06-01,MNGO,40.800000000000004,40.800000000000004,1.4000000000000001,1.4,57.12000000000001,57.120000000000005
2021-06-01,NICOTEK,12.24,12.24,1,1,12.24,12.24
2021-06-01,NJOY,33.24774628469722,26.43721795921456,3.533977525426354,2.3386923499999996,117.49678814119754,61.8285193964977
2021-06-01,POP,34,34.00000000000001,1.208969135289182,1.9642857142857142,41.104950599832186,66.78571428571429
2021-06-01,PUFF,30.1670146137787,31.986842105263158,1.4457202505219209,1.3875,43.61306392493059,44.38174342105263
2021-06-01,PUUR VAPOR,8.726498398062047,8.774193548387098,11.733531296397594,11.67741935483871,102.39264206162449,102.45993756503644
2021-06-01,SHENZEN HQD TECHNOLOGY,19.77212543554007,21.533333333333335,4.790940766550523,4.555555555555555,94.72708179047942,98.0962962962963
2021-06-01,SHENZHEN GOLDREAMS TECHNOLOGY,22.753846153846155,22.910769230769233,6.5,6.5,147.9,148.92000000000002
2021-06-01,STICK,28.999733333333335,30.222222222222225,1.3999999999999997,1.4,40.59962666666666,42.31111111111111
2021-06-01,SWITCH MODS,47.673542472425154,47.73076923076923,1.3,1.3,61.9756052141527,62.050000000000004
2021-06-01,V2 CIGS,12.240000000000004,12.240000000000004,1,1,12.240000000000004,12.240000000000004
2021-06-01,VAPIN PLUS,10.608452469691652,10.517936626255535,14.9937645,14.9937645,159.06063804000001,157.7034648
2021-06-01,VON ERL,16.320000000000004,16.320000000000004,1.5082485,1.5082484999999999,24.614615520000008,24.614615520000005
2021-06-01,VUSE,27.973069981904363,25.955744680851065,5.618709648396583,3.846808510638298,157.17255820259885,99.84677953825262
2021-07-01,21ST CENTURY SMOKE,10.879999999999999,10.879999999999999,1.6,1.6,17.407999999999998,17.407999999999998
2021-07-01,BIDI,57.63566594400151,62.32597402597404,1.7809198809141635,1.6545454545454543,102.64450332939968,103.1211570247934
2021-07-01,BLU,16.972663640549065,16.085517241379314,2.679224145280928,2.603448275862069,45.47357023549075,41.87781212841856
2021-07-01,BO VAPING,145.71428571428572,145.71428571428572,0.7,0.7,102,102
2021-07-01,BUD VAPE,17,17.000000000000004,6.697913422609779,6.714285714285714,113.86452818436624,114.14285714285717
2021-07-01,DINNER LADY,16.448568860956044,15.867373650559873,3.8340833042404845,3.749307166666667,63.06518324844149,59.49165774422197
2021-07-01,EPIC,22.676844783715012,45.333333333333336,1.5,1.5,34.01526717557252,68
2021-07-01,GLAMEE,15.671875,11.6875,16,16,250.75,187
2021-07-01,GLAS,36.06231997320532,39.376068376068375,1.7330398322851155,1.877777777777778,62.49743695817592,73.93950617283951
2021-07-01,HYDE,17.000000000000004,17,3.447826086956522,2.2800000000000002,58.613043478260884,38.760000000000005
2021-07-01,HYPPE,34.00000000000001,34.00000000000001,6,6,204.00000000000006,204.00000000000006
2021-07-01,IGNITE,18.492153994440745,24.722222222222225,3.6076512853964755,2.55,66.71324312779372,63.04166666666667
2021-07-01,JAK,81.60000000000001,81.60000000000002,1.25,1.25,102.00000000000001,102.00000000000003
2021-07-01,JUUL,31.932728054933033,39.1228955122965,2.6729917358987216,2.0372512727272727,85.35591819553726,79.70316867520215
2021-07-01,LEAP,51.80933260165554,53.77540740740741,2.61418231143195,2.4722222222222223,135.43904085434258,132.9447572016461
2021-07-01,LOGIC,15.911382704890654,20.060000000000002,2.6810985793724087,2.4,42.65998556593305,48.144000000000005
2021-07-01,MARKTEN,23.800000000000004,23.800000000000004,1.2000000000000002,1.2000000000000002,28.56000000000001,28.56000000000001
2021-07-01,MISTIC,3.2640000000000002,3.2640000000000002,5,5,16.32,16.32
2021-07-01,MNGO,40.800000000000004,40.800000000000004,1.4000000000000001,1.4,57.12000000000001,57.120000000000005
2021-07-01,MR VAPOR,17,17,1.4,1.4,23.799999999999997,23.799999999999997
2021-07-01,NICOTEK,7.6828180124539225,9.249018056806214,9.054810423021545,4.665281,69.56646061734544,43.149268209074954
2021-07-01,NJOY,33.167793866658435,27.148985222085535,3.5247771156287855,2.239346175,116.90908079709044,60.79597621220877
2021-07-01,POP,34.000000000000014,34.00000000000001,1.2137911911502874,1.5434782608695652,41.26890049910979,52.478260869565226
2021-07-01,PUFF,30.120443740095084,30.42105263157895,1.4689381933438985,1.4444444444444444,44.24507021029181,43.941520467836256
2021-07-01,PUUR VAPOR,8.713678675380308,8.774193548387098,11.748613323081992,11.67741935483871,102.37364137862853,102.45993756503644
2021-07-01,SHENZEN HQD TECHNOLOGY,19.763746334310852,21.533333333333335,4.777859237536657,4.555555555555555,94.42839799171836,98.0962962962963
2021-07-01,SHENZHEN GOLDREAMS TECHNOLOGY,22.639720279720283,22.910769230769233,6.5,6.5,147.15818181818184,148.92000000000002
2021-07-01,STICK,28.629954614220882,28.9,1.4,1.4,40.08193645990923,40.459999999999994
2021-07-01,SWITCH MODS,48.31251038378468,47.73076923076923,1.3,1.3,62.80626349892008,62.050000000000004
2021-07-01,UNO,17,17,1.8,1.8,30.6,30.6
2021-07-01,V2 CIGS,12.240000000000002,12.240000000000002,1,1,12.240000000000002,12.240000000000002
2021-07-01,VAPIN PLUS,10.581291010877429,10.910674691913874,14.776300687910917,11.920323374999999,156.35233764301375,130.05877056704188
2021-07-01,VUSE,28.033000923764984,25.628444444444444,5.6298630797528375,3.784444444444444,157.82195691538166,96.98942419753085
2021-08-01,21ST CENTURY SMOKE,8.898937030806795,7.6169049393833035,5.665755115333642,8.29688225,50.419198003325576,63.19656339150665
2021-08-01,AIRIS,17.000000000000004,17.000000000000004,6,6,102.00000000000003,102.00000000000003
2021-08-01,BIDI,56.789540591131306,61.272857142857156,1.8119329098367747,1.68,102.89883753158217,102.93840000000002
2021-08-01,BLU,16.879569811678383,16.98186666666667,2.703071214920043,2.5669416166666665,45.62667927818117,43.59146027535112
2021-08-01,BUD VAPE,17,17.000000000000004,6.697406340057637,6.714285714285714,113.85590778097983,114.14285714285717
2021-08-01,DINNER LADY,16.337172744716426,15.867373650559875,4.061754428348928,3.749307166666667,66.35758374255336,59.491657744221975
2021-08-01,EPIC,22.70281765018607,45.333333333333336,1.5,1.5,34.05422647527911,68
2021-08-01,FINITI,10.88,10.88,1.75,1.75,19.040000000000003,19.040000000000003
2021-08-01,GLAMEE,12.75,11.6875,16,16,204,187
2021-08-01,GLAS,36.15444181898362,39.69230769230769,1.756395995550612,1.835294117647059,63.50151683223042,72.84705882352942
2021-08-01,GREEN SMOKE,16.320000000000004,16.320000000000004,3,3,48.96000000000001,48.96000000000001
2021-08-01,HELO,17.000000000000004,17,4.4,4.4,74.80000000000003,74.80000000000001
2021-08-01,HYDE,17.000000000000004,17,1.977777777777778,2.3555555555555556,33.622222222222234,40.044444444444444
2021-08-01,HYPPE,34.00000000000001,34.00000000000001,6,6,204.00000000000006,204.00000000000006
2021-08-01,IGNITE,18.300627938088905,24.722222222222225,3.695290533080526,2.55,67.62613716904892,63.04166666666667
2021-08-01,JAK,81.60000000000001,81.60000000000001,1.25,1.25,102.00000000000001,102.00000000000001
2021-08-01,JUUL,31.92168016678303,39.63518506352615,2.6637879777039593,2.0309763999999997,85.03258785638755,80.4981254736541
2021-08-01,LEAP,50.00701990194132,53.77540740740741,2.649474576530067,2.4722222222222223,132.4923278782266,132.9447572016461
2021-08-01,LOGIC,15.932631632210954,24.111666666666668,2.6786520051991913,2.4499999999999997,42.67797566972194,59.07358333333333
2021-08-01,MARKTEN,18.36,22.1,1.76,1.8,32.3136,39.78
2021-08-01,MISTIC,16.326169807990166,16.323393522687383,9.177729918538216,5.4979215,149.83717710192667,89.7447362013437
2021-08-01,MNGO,40.800000000000004,40.800000000000004,1.4000000000000001,1.4,57.12000000000001,57.120000000000005
2021-08-01,MR VAPOR,17,17,1.4,1.4,23.799999999999997,23.799999999999997
2021-08-01,NICOTEK,12.24,12.24,2,2,24.48,24.48
2021-08-01,NJOY,33.03327447252026,25.71918589645835,3.5206473984480917,2.659534875,116.29851183390022,68.40107184823911
2021-08-01,POP,34.58361446869003,34.62962962962963,1.5679165668098458,1.9074074074074074,54.224222065623785,66.05281207133059
2021-08-01,PUFF,30.38582677165354,30.42105263157895,1.4456692913385822,1.4444444444444444,43.92785665571329,43.941520467836256
2021-08-01,PUUR VAPOR,8.718370701858534,8.774193548387098,11.743093291931139,11.67741935483871,102.38064050556393,102.45993756503644
2021-08-01,SHENZEN HQD TECHNOLOGY,19.73559873320209,21.533333333333335,4.778652743302234,4.555555555555555,94.30957302712825,98.0962962962963
2021-08-01,SHENZHEN GOLDREAMS TECHNOLOGY,22.80615384615385,22.910769230769233,6.5,6.5,148.24000000000004,148.92000000000002
2021-08-01,STICK,28.617033520356788,28.900000000000002,1.4000000000000001,1.4,40.06384692849951,40.46
2021-08-01,SWITCH MODS,49.49569589943131,47.73076923076923,1.3000000000000005,1.3,64.34440466926073,62.050000000000004
2021-08-01,UNO,17,17,1.8,1.8,30.6,30.6
2021-08-01,V2 CIGS,12.240000000000004,12.240000000000004,1,1,12.240000000000004,12.240000000000004
2021-08-01,VAPIN PLUS,10.88,10.88,14.9937645,14.9937645,163.13215776,163.13215776
2021-08-01,VUSE,27.988185093613488,25.455652173913045,5.67642585368196,3.9260869565217393,158.87285746302365,99.94110396975427
2021-09-01,21ST CENTURY SMOKE,9.501679545391625,7.616904939383302,4.428740694282528,8.29688225,42.080474866707796,63.196563391506636
2021-09-01,AIRIS,17.000000000000004,17.000000000000004,6,6,102.00000000000003,102.00000000000003
2021-09-01,BIDI,56.688700063594844,62.32597402597404,1.8103682719546739,1.6545454545454545,102.62742397348701,103.12115702479342
2021-09-01,BLU,16.846801705630362,16.3455,2.709088120937503,2.953125,45.63947037651288,48.2703046875
2021-09-01,BUD VAPE,17,17.000000000000004,6.718132506780318,6.714285714285714,114.20825261526541,114.14285714285717
2021-09-01,CIG2O,12.24,12.24,2,2,24.48,24.48
2021-09-01,DINNER LADY,16.226348566012142,15.867373650559873,4.090136171438702,3.749307166666667,66.36797520021877,59.49165774422197
2021-09-01,EPIC,22.69171270718232,45.333333333333336,1.5,1.5,34.03756906077348,68
2021-09-01,FINITI,10.88,10.88,1.75,1.75,19.040000000000003,19.040000000000003
2021-09-01,GLAMEE,8.398809523809524,11.6875,16,16,134.38095238095238,187
2021-09-01,GLAS,36.14598315409822,40.04807692307693,1.7760176815992605,1.7875,64.19590520046745,71.58593750000001
2021-09-01,HELO,17.000000000000004,17,4.4,4.4,74.80000000000003,74.80000000000001
2021-09-01,HYDE,16.999999999999996,17,1.6000000000000005,1.6,27.200000000000003,27.200000000000003
2021-09-01,HYPPE,34.00000000000001,34.00000000000001,6,6,204.00000000000006,204.00000000000006
2021-09-01,IGNITE,18.389407177474606,24.473684210526322,4.157552098056035,2.68421052631579,76.45491839271627,65.6925207756233
2021-09-01,IMPERIAL,12.240000000000002,12.240000000000002,19.991686,19.991686,244.69823664000006,244.69823664000006
2021-09-01,JAK,81.60000000000001,81.60000000000001,1.25,1.25,102.00000000000001,102.00000000000001
2021-09-01,JUUL,31.912707916799228,39.63518506352615,2.66359494489789,2.1009764,85.00252748518929,83.27258842810095
2021-09-01,LEAP,49.1173899016148,53.775407407407414,2.6593061282916652,2.4722222222222223,130.6181759710554,132.9447572016461
2021-09-01,LOGIC,15.957334759156458,14.492500000000001,2.678295302646684,2.55,42.7384547282094,36.955875
2021-09-01,MARKTEN,16.320000000000004,16.320000000000004,1.6000000000000003,1.6,26.112000000000013,26.11200000000001
2021-09-01,MISTIC,16.32678704537476,16.32678704537476,9.995843,9.995843,163.2,163.2
2021-09-01,MNGO,40.8,40.800000000000004,1.3999999999999997,1.4,57.11999999999998,57.120000000000005
2021-09-01,MR VAPOR,17.000000000000004,17.000000000000004,1.4,1.3999999999999997,23.800000000000004,23.8
2021-09-01,NJOY,33.00056229980983,27.620518852196312,3.514754229837482,2.5260839545454545,115.98886593027193,69.77174948875334
2021-09-01,POP,34.37533481657628,34.62962962962963,1.442654828447264,1.9074074074074074,49.59174275262511,66.05281207133059
2021-09-01,PUFF,32.21648626144879,31.986842105263158,1.3687760199833474,1.3875,44.09715384279407,44.38174342105263
2021-09-01,PUUR VAPOR,8.718842368208916,8.774193548387098,11.742538390342453,11.67741935483871,102.38134122803751,102.45993756503644
2021-09-01,SHENZEN HQD TECHNOLOGY,20.02815376285869,21.533333333333335,4.752227198897475,4.555555555555555,95.17833705555788,98.0962962962963
2021-09-01,SHENZHEN GOLDREAMS TECHNOLOGY,24.906343409544274,26.7582905982906,6.130029154518951,5.233333333333333,152.67661123296733,140.03505413105415
2021-09-01,STICK,28.606350944429245,28.900000000000002,1.4,1.4,40.04889132220094,40.46
2021-09-01,SWITCH MODS,52.21875045415571,47.73076923076924,1.3000000000000003,1.3,67.88437559040244,62.05000000000001
2021-09-01,VAPIN PLUS,8.052285927259963,10.517936626255535,14.993764499999997,14.9937645,120.73407887999998,157.7034648
2021-09-01,VUSE,28.039046229780258,26.241818181818182,5.713456273113161,3.8000000000000003,160.19986457364794,99.7189090909091
2021-10-01,21ST CENTURY SMOKE,9.635763422057781,5.6823810706999796,3.475886845541403,7.331254833333333,33.492823325479655,41.658983689411066
2021-10-01,AIRIS,17.000000000000004,17.000000000000004,6,6,102.00000000000003,102.00000000000003
2021-10-01,BIDI,56.70258834625249,62.32597402597404,1.8163895192902824,1.6545454545454545,102.99398718876432,103.12115702479342
2021-10-01,BLU,16.856239709697977,16.697290322580645,2.709841997318616,2.629032258064516,45.677746282209334,43.897714880332984
2021-10-01,BUD VAPE,17,17.000000000000004,6.712278577146493,6.1875,114.10873581149038,105.18750000000003
2021-10-01,CIG2O,12.24,12.24,2,2,24.48,24.48
2021-10-01,CUE,20.408483806718454,20.408483806718454,4.9979215,4.9979215,102.00000000000001,102.00000000000001
2021-10-01,DINNER LADY,16.229191896245773,15.867373650559873,4.04553012626951,3.749307166666667,65.65568474127127,59.49165774422197
2021-10-01,DUO XTRA,17.000000000000004,17.000000000000004,6.5,6.5,110.50000000000003,110.50000000000003
2021-10-01,EPIC,22.695813687669666,45.333333333333336,1.5,1.5,34.0437205315045,68
2021-10-01,FINITI,10.88,10.88,4.738505747126437,3.375,51.55494252873564,36.720000000000006
2021-10-01,GLAMEE,6.375000000000001,6.375000000000001,16,16,102.00000000000001,102.00000000000001
2021-10-01,GLAS,36.211570959364714,40.45128205128205,1.7645123737278905,1.7333333333333334,63.895765029924576,70.11555555555556
2021-10-01,HELO,17.000000000000004,17,4.4,4.4,74.80000000000003,74.80000000000001
2021-10-01,HYDE,16.999999999999996,17,1.6000000000000003,1.6,27.2,27.200000000000003
2021-10-01,HYPPE,34.00000000000001,34.00000000000001,6,6,204.00000000000006,204.00000000000006
2021-10-01,IGNITE,18.29224711839132,24.100000000000005,4.396319183211,2.805,80.4185569106199,67.60050000000001
2021-10-01,JAK,81.60000000000001,81.60000000000001,1.25,1.25,102.00000000000001,102.00000000000001
2021-10-01,JUUL,31.902973749476786,38.90016092480535,2.6577522219009473,2.070414260869565,84.79019936791953,80.539447928838
2021-10-01,LEAP,47.669704699873485,53.775407407407414,2.6848296705871326,2.4722222222222223,127.98503756634722,132.9447572016461
2021-10-01,LOGIC,15.981888824599418,22.41384615384616,2.6780742656819028,2.6538461538461537,42.800685178148896,59.482899408284034
2021-10-01,MARKTEN,16.320000000000004,16.320000000000004,1.6000000000000003,1.6,26.112000000000013,26.11200000000001
2021-10-01,MISTIC,16.326787045374765,16.32678704537476,9.995843000000002,9.995843,163.20000000000007,163.2
2021-10-01,MNGO,40.800000000000004,40.800000000000004,1.4000000000000001,1.4,57.12000000000001,57.120000000000005
2021-10-01,MR VAPOR,17.000000000000004,17.000000000000004,1.4,1.3999999999999997,23.800000000000004,23.8
2021-10-01,NICOTEK,16.125637336610314,14.280000000000001,9.567299861540327,5.4979215,154.27880785780138,78.51031902000001
2021-10-01,NJOY,32.88049616757331,27.13423987300122,3.5128389727640115,2.4597324782608694,115.50388838126925,66.74297108854219
2021-10-01,POP,34.26990000384107,34.62962962962963,1.370442307664949,1.9074074074074074,46.964920844711,66.05281207133059
2021-10-01,PUFF,31.372727272727275,34.51127819548873,1.4586363636363637,1.4857142857142858,45.761400826446284,51.27389903329754
2021-10-01,PUUR VAPOR,8.716155396636939,8.774193548387098,11.745699533368308,11.67741935483871,102.37734237504415,102.45993756503644
2021-10-01,SHENZEN HQD TECHNOLOGY,20.10497541309062,21.533333333333335,4.741241867994258,4.555555555555555,95.32255118354041,98.0962962962963
2021-10-01,SHENZHEN GOLDREAMS TECHNOLOGY,22.911093653090763,23.224615384615387,6.478788505271863,5.866666666666667,148.4361302028516,136.25107692307694
2021-10-01,STICK,28.552562284788333,28.900000000000002,1.4,1.4,39.97358719870366,40.46
2021-10-01,SWITCH MODS,53.6501795625204,47.73076923076923,1.3,1.3,69.74523343127652,62.050000000000004
2021-10-01,UNO,17,17,1.8,1.8,30.6,30.6
2021-10-01,V2 CIGS,12.240000000000004,12.240000000000004,1,1,12.240000000000004,12.240000000000004
2021-10-01,VAPIN PLUS,8.083061376614259,9.248452469691651,14.9937645,14.9937645,121.19551872,138.66911832
2021-10-01,VUSE,28.04523749261534,25.95769230769231,5.743068370568721,3.6499999999999995,161.06571638892717,94.74557692307691
2021-11-01,21ST CENTURY SMOKE,9.326637400754166,7.616904939383302,4.787981418088774,8.29688225,44.655766568062724,63.196563391506636
2021-11-01,AIRIS,17.000000000000004,17.000000000000004,6,6,102.00000000000003,102.00000000000003
2021-11-01,BIDI,56.425991216750816,62.32597402597404,1.82969724566624,1.6545454545454543,103.24248071327641,103.1211570247934
2021-11-01,BLU,16.917644067723124,17.126285714285714,2.7094445287490876,2.5892857142857144,45.83741815861688,44.34484693877551
2021-11-01,BO VAPING,145.71428571428575,145.71428571428575,0.7,0.7,102.00000000000001,102.00000000000001
2021-11-01,BUD VAPE,17,17.000000000000004,6.738370013591168,6.1875,114.55229023104985,105.18750000000003
2021-11-01,DINNER LADY,16.298582893227543,15.867373650559873,4.289723383177623,3.749307166666667,69.916412149737,59.49165774422197
2021-11-01,DUO XTRA,17.000000000000004,17.000000000000004,6.5,6.5,110.50000000000003,110.50000000000003
2021-11-01,EPIC,22.666666666666668,22.666666666666668,1.5,1.5,34,34
2021-11-01,GLAS,36.22109791441934,40.04807692307693,1.7629432067775335,1.7875,63.85573851024946,71.58593750000001
2021-11-01,HELO,17.000000000000004,17,4.4,4.4,74.80000000000003,74.80000000000001
2021-11-01,HYDE,17,17,1.6000000000000003,1.6,27.200000000000006,27.200000000000003
2021-11-01,HYPPE,34.00000000000001,34.00000000000001,6,6,204.00000000000006,204.00000000000006
2021-11-01,IGNITE,18.221192145238547,24.100000000000005,4.475331226418466,2.805,81.54587019015695,67.60050000000001
2021-11-01,JAK,81.60000000000001,81.60000000000001,1.25,1.25,102.00000000000001,102.00000000000001
2021-11-01,JUUL,31.931513393081588,39.63518506352615,2.650938732026921,2.0309763999999997,84.64848562595634,80.4981254736541
2021-11-01,LEAP,46.31209959318508,53.77540740740741,2.714873214449576,2.4722222222222223,125.7314786904593,132.9447572016461
2021-11-01,LOGIC,15.980107297919488,14.492500000000001,2.6718397772986835,2.55,42.69628632408227,36.955875
2021-11-01,MARKTEN,16.320000000000004,16.320000000000004,1.6000000000000003,1.6,26.112000000000013,26.11200000000001
2021-11-01,MISTIC,11.97131765116506,9.79539352268738,8.330100367191696,7.4979215,99.7222775617385,73.44509169471846
2021-11-01,MNGO,40.800000000000004,40.80000000000001,1.5129578241236843,2.6,61.72867922424633,106.08000000000003
2021-11-01,MR VAPOR,17,17,1.4,1.4,23.799999999999997,23.799999999999997
2021-11-01,NICOTEK,10.491428571428573,10.200000000000001,2.4285714285714284,2.5,25.47918367346939,25.500000000000004
2021-11-01,NJOY,32.836892173995935,28.25918392078322,3.505885305077999,2.3136630238095237,115.1223777372431,65.38222892054877
2021-11-01,POP,34.25003094442383,34.708333333333336,1.3449509621895546,1.6666666666666667,46.064612073724845,57.84722222222223
2021-11-01,PUFF,29.69014084507042,28.63157894736842,1.4605633802816902,1.5,43.36433247371553,42.94736842105263
2021-11-01,PUUR VAPOR,8.703338145972321,8.774193548387098,11.760778651797272,11.67741935483871,102.35803346652412,102.45993756503644
2021-11-01,RIP TIDE RIPSTICK,145.71428571428575,145.71428571428575,1.4,1.4,204.00000000000003,204.00000000000003
2021-11-01,SHENZEN HQD TECHNOLOGY,20.336529303447836,21.533333333333335,4.7188392913835795,4.555555555555555,95.96481352748319,98.0962962962963
2021-11-01,SHENZHEN GOLDREAMS TECHNOLOGY,22.9556043956044,23.06769230769231,6.5,6.5,149.2114285714286,149.94000000000003
2021-11-01,STICK,28.940905124049376,28.900000000000002,1.4000000000000004,1.4,40.51726717366914,40.46
2021-11-01,SWITCH MODS,52.863358190808135,47.73076923076923,1.3,1.3,68.72236564805058,62.050000000000004
2021-11-01,UNO,17,17,1.8,1.8,30.6,30.6
2021-11-01,V2 CIGS,12.240000000000004,12.240000000000002,1,1,12.240000000000004,12.240000000000002
2021-11-01,VAPIN PLUS,8.052285927259963,10.517936626255535,14.993764499999997,14.9937645,120.73407887999998,157.7034648
2021-11-01,VUSE,28.081057380397716,25.71911111111111,5.784342645165229,3.913333333333333,162.43045772676632,100.64745481481481
2021-12-01,21ST CENTURY SMOKE,10.88,10.88,1.6000000000000003,1.6,17.408000000000005,17.408
2021-12-01,AIRIS,17.000000000000004,17.000000000000004,6,6,102.00000000000003,102.00000000000003
2021-12-01,BIDI,56.13438590788177,61.27285714285715,1.8406393980015996,1.68,103.32316228467297,102.9384
2021-12-01,BLU,16.909436948644906,17.37986206896552,2.7241493079635792,2.552008568965517,46.063830961704795,44.35355692743877
2021-12-01,BUD VAPE,17,17.000000000000004,6.716800367891268,6.1875,114.18560625415155,105.18750000000003
2021-12-01,DINNER LADY,16.41860215786227,15.867373650559873,4.042225196128377,3.749307166666667,66.36768732771861,59.49165774422197
2021-12-01,DUO XTRA,17.000000000000004,17.000000000000004,6.5,6.5,110.50000000000003,110.50000000000003
2021-12-01,EPIC,22.666666666666668,22.666666666666668,1.5,1.5,34,34
2021-12-01,GLAS,36.20099531204609,40.45128205128206,1.7628440253745714,1.7333333333333334,63.816708298453314,70.11555555555557
2021-12-01,HELO,17,17,4.4,4.4,74.80000000000001,74.80000000000001
2021-12-01,HYDE,17,17,5.35,2.8,90.94999999999999,47.599999999999994
2021-12-01,HYPPE,34.00000000000001,34.00000000000001,6,6,204.00000000000006,204.00000000000006
2021-12-01,IGNITE,18.361413954044995,24.100000000000005,4.591090035104514,2.805,84.29890463484496,67.60050000000001
2021-12-01,JAK,81.60000000000001,81.60000000000001,1.25,1.25,102.00000000000001,102.00000000000001
2021-12-01,JUUL,31.923979515589426,39.63518506352615,2.646281543279898,2.0309763999999997,84.47983778014984,80.4981254736541
2021-12-01,LEAP,45.13310820850504,53.77540740740741,2.741113326517783,2.4722222222222223,123.71496437750231,132.9447572016461
2021-12-01,LOGIC,15.994513323361586,14.492500000000001,2.6724887329038314,2.55,42.745156644964055,36.955875
2021-12-01,MISTIC,16.32656802031553,16.32452469691651,9.705537729127967,6.997228666666667,158.45812190834647,114.22643217897219
2021-12-01,MNGO,40.8,40.800000000000004,1.757092536795786,2.6,71.68937550126806,106.08000000000001
2021-12-01,NICOTEK,12.24,12.24,2,2,24.48,24.48
2021-12-01,NJOY,32.833787994614475,27.148985222085535,3.5050764730308246,2.239346175,115.08493782040513,60.79597621220877
2021-12-01,PACHA,17,17,4,4,68,68
2021-12-01,POP,34.210620596863585,34.68000000000001,1.3362691193036662,1.74,45.71459585580276,60.34320000000001
2021-12-01,PUFF,31.946308724832214,30.778947368421054,1.376510067114094,1.42,43.974415566866355,43.706105263157895
2021-12-01,PUUR VAPOR,8.701032115044121,8.774193548387098,11.763491629359859,11.67741935483871,102.35451845211283,102.45993756503644
2021-12-01,SHENZEN HQD TECHNOLOGY,20.41526803255684,21.533333333333335,4.716250350827954,4.555555555555555,96.2835150207929,98.0962962962963
2021-12-01,SHENZHEN GOLDREAMS TECHNOLOGY,24.11598513011153,29.33415384615385,6.372862453531598,5.74,153.68785616561408,168.3780430769231
2021-12-01,STICK,29.193644758283543,28.900000000000002,1.4000000000000001,1.4,40.871102661596964,40.46
2021-12-01,SWITCH MODS,51.73087322102385,47.73076923076923,1.3,1.3,67.25013518733101,62.050000000000004
2021-12-01,V2 CIGS,12.24,12.24,1,1,12.24,12.24
2021-12-01,VAPIN PLUS,4.3538098787666035,4.3538098787666035,14.9937645,14.9937645,65.28,65.28
2021-12-01,VUSE,28.115737924016905,25.74727272727273,5.826438481419338,3.8249999999999997,163.81461737399314,98.48331818181819
2021-12-01,ZEO,19.66142604074403,19.479166666666668,3.2000000000000015,3.2,62.916563330380924,62.33333333333334
2022-01-01,21ST CENTURY SMOKE,6.211249002179449,7.7983136843319105,11.745768415172376,8.29688225,72.95589234857032,64.70169038746553
2022-01-01,AIRIS,17.000000000000004,17.000000000000004,6,6,102.00000000000003,102.00000000000003
2022-01-01,BANG,17.000000000000004,17.000000000000004,6,6,102.00000000000003,102.00000000000003
2022-01-01,BIDI,59.93319653264117,67.51428571428573,1.8659691463832702,1.68,111.83349557403321,113.42400000000004
2022-01-01,BLU,17.02709850446283,20.82,2.631338076507617,2.559066132352941,44.80405262723895,53.279756875588234
2022-01-01,BUD VAPE,17.000000000000004,17.000000000000004,6.988131264055082,6.4375,118.79823148893642,109.43750000000003
2022-01-01,DINNER LADY,51.54017904104983,57.47619047619048,3.801259656909912,3.4279775714285714,195.91760329865653,197.02709184353742
2022-01-01,DUO XTRA,17.000000000000004,17.000000000000004,6.5,6.5,110.50000000000003,110.50000000000003
2022-01-01,EPIC,22.666666666666668,22.666666666666668,1.5,1.5,34,34
2022-01-01,GLAS,33.72970194240458,39.06730769230769,1.7721225885608376,1.7875,59.77316671755952,69.8328125
2022-01-01,HELO,25.113636363636367,25.113636363636363,4.4,4.4,110.50000000000003,110.50000000000001
2022-01-01,HYDE,16.999999999999996,17,1.6000000000000003,1.6,27.2,27.200000000000003
2022-01-01,HYPPE,34.00000000000001,34.00000000000001,6,6,204.00000000000006,204.00000000000006
2022-01-01,IGNITE,26.284166978095115,55.79545454545456,4.588857418225449,2.6590909090909096,120.61429461930815,148.3651859504133
2022-01-01,JAK,88.40000000000002,88.4,1.25,1.25,110.50000000000003,110.5
2022-01-01,JUUL,31.636015704643818,38.62756338630831,2.6636542923390136,2.0018598095238094,84.26740902417895,77.32696668288402
2022-01-01,KRAVE,55.25000000000001,55.25000000000001,2,2,110.50000000000001,110.50000000000001
2022-01-01,LEAP,37.99308451029074,43.91037037037037,2.7463673735194756,2.4722222222222223,104.34296771843066,108.55619341563786
2022-01-01,LOGIC,13.927214855962637,31.988333333333337,2.6652501202265166,2.25,37.11951106927495,71.97375000000001
2022-01-01,MARKTEN,23.8,23.8,0.8000000000000002,0.8,19.040000000000003,19.040000000000003
2022-01-01,MNGO,40.800000000000004,40.80000000000001,1.7600458068198928,2.6,71.80986891825164,106.08000000000003
2022-01-01,NICOTEK,8.16,8.16,2,2,16.32,16.32
2022-01-01,NJOY,34.22727659161133,29.92,3.4847846398638276,2.9058823529411764,119.2746877308179,86.944
2022-01-01,PACHA,27.625000000000004,27.625000000000004,4,4,110.50000000000001,110.50000000000001
2022-01-01,POP,63.533265939728366,48.52083333333334,1.2769489300387686,1.582142857142857,81.12873596360468,76.76688988095239
2022-01-01,PUFF,34,34,1.3,1.3,44.2,44.2
2022-01-01,PUUR VAPOR,9.42568423394896,9.505376344086024,11.76396282286086,11.67741935483871,110.88339890820131,110.99826569545615
2022-01-01,SHENZEN HQD TECHNOLOGY,17,17,4.695493494128848,4.555555555555555,79.82338940019042,77.44444444444444
2022-01-01,SHENZHEN GOLDREAMS TECHNOLOGY,17.000000000000004,17.000000000000004,6.5,6.5,110.50000000000003,110.50000000000003
2022-01-01,STICK,48.47144968852286,48.97619047619048,1.4,1.4,67.860029563932,68.56666666666666
2022-01-01,SWITCH MODS,58.08648108976492,62.324376877811545,1.30024766269606,1.300137111111111,75.52681127120573,81.03023530571804
2022-01-01,V2 CIGS,12.240000000000002,12.240000000000002,1,1,12.240000000000002,12.240000000000002
2022-01-01,VAPIN PLUS,4.71662736866382,4.71662736866382,14.9937645,14.9937645,70.72,70.72
2022-01-01,VUSE,27.667862506726298,25.572715121136177,5.6347914103525065,3.611904761904762,155.90263399571552,92.36621152086568
2022-01-01,ZEO,34.53125000000001,34.53125,3.2,3.2,110.50000000000003,110.5
2022-02-01,21ST CENTURY SMOKE,10.88,10.88,1.6000000000000003,1.6,17.408000000000005,17.408
2022-02-01,AIRIS,17.000000000000004,17.000000000000004,6,6,102.00000000000003,102.00000000000003
2022-02-01,BANG,17.000000000000004,17.000000000000004,6,6,102.00000000000003,102.00000000000003
2022-02-01,BIDI,59.12408032524923,67.51428571428573,1.88581730366097,1.68,111.4972137403961,113.42400000000004
2022-02-01,BLU,16.98114786262894,20.302857142857142,2.6399300057823094,2.5576142,44.82904177518027,51.92687572914286
2022-02-01,BUD VAPE,17.000000000000004,17.000000000000004,6.984673024523161,6.4375,118.73944141689377,109.43750000000003
2022-02-01,DINNER LADY,56.4332719933269,57.47619047619049,3.385916524384354,3.4279775714285714,191.07834816728231,197.02709184353745
2022-02-01,DUO XTRA,17.000000000000004,17.000000000000004,6.5,6.5,110.50000000000003,110.50000000000003
2022-02-01,E S,46.24,46.24,1.3,1.3,60.112,60.112
2022-02-01,EPIC,22.666666666666668,22.666666666666668,1.5,1.5,34,34
2022-02-01,FAZE,7.0749410529957295,7.0749410529957295,9.995843,9.995843,70.72,70.72
2022-02-01,FINITI,10.22060606060606,9.973333333333334,2.2045454545454546,2.375,22.531790633608814,23.68666666666667
2022-02-01,GLAS,33.79816817023622,40.35164835164835,1.7748433303491495,1.7642857142857142,59.98645335496267,71.19183673469388
2022-02-01,HELO,25.113636363636367,25.113636363636367,4.4,4.4,110.50000000000003,110.50000000000003
2022-02-01,HYDE,17,17,1.6000000000000003,1.6,27.200000000000006,27.200000000000003
2022-02-01,HYPPE,34.00000000000001,34.00000000000001,6,6,204.00000000000006,204.00000000000006
2022-02-01,IGNITE,25.956790084715237,55.79545454545456,4.620652240767496,2.6590909090909096,119.937300268071,148.3651859504133
2022-02-01,JAK,88.40000000000002,88.4,1.25,1.25,110.50000000000003,110.5
2022-02-01,JUUL,31.64697701570794,38.41721959602157,2.6698591063957955,1.9745025454545453,84.49296977528628,75.85489788163082
2022-02-01,LEAP,37.579823301808716,42.160000000000004,2.760536107122394,2.5294117647058822,103.74045912392248,106.64
2022-02-01,LOGIC,14.00890664577105,24.925238095238097,2.6609695389356407,2.2285714285714286,37.27727385818982,55.54767346938776
2022-02-01,MNGO,40.80000000000001,40.80000000000001,1.8053042514385647,2.6,73.65641345869346,106.08000000000003
2022-02-01,MR VAPOR,78.92857142857144,78.92857142857144,1.4,1.4,110.50000000000001,110.50000000000001
2022-02-01,NJOY,34.22593478713689,29.43136970792114,3.4879208910418784,2.0659401944444444,119.37735295949173,60.80344965714893
2022-02-01,PACHA,23.020833333333336,21.705357142857146,5.333333333333333,5.714285714285714,122.77777777777779,124.03061224489798
2022-02-01,POP,62.962848662533695,48.52083333333334,1.2846003031650794,1.6642857142857144,80.8820944800278,80.75252976190478
2022-02-01,PUFF,46.58611825192802,52.7,1.3771208226221079,1.5,64.15471348986591,79.05000000000001
2022-02-01,PUUR VAPOR,9.396405319940477,9.505376344086022,11.795758928571429,11.67741935483871,110.83773194916395,110.99826569545613
2022-02-01,SHENZEN HQD TECHNOLOGY,17,17,4.687506081541306,4.555555555555555,79.6876033862022,77.44444444444444
2022-02-01,SHENZHEN GOLDREAMS TECHNOLOGY,22.872727272727275,24.97530864197531,4.798181818181818,3.6666666666666665,109.74750413223141,91.5761316872428
2022-02-01,STICK,48.77991012918929,48.97619047619048,1.4,1.4,68.291874180865,68.56666666666666
2022-02-01,SWITCH MODS,56.7697260860229,69.8799324333671,1.3001988727807938,1.300137111111111,73.8119338651214,90.85349347855754
2022-02-01,UNO,17,17,3.77752808988764,2.9,64.21797752808989,49.3
2022-02-01,V2 CIGS,12.240000000000004,12.240000000000004,1,1,12.240000000000004,12.240000000000004
2022-02-01,VAPIN PLUS,10.88,10.88,14.9937645,14.9937645,163.13215776,163.13215776
2022-02-01,VUSE,27.677767184678373,25.04653411306043,5.6603441768057365,3.5355555555555553,156.66568831077913,88.55341283084255
2022-02-01,ZEO,34.53125,34.53125000000001,3.2,3.2,110.5,110.50000000000003
2022-03-01,21ST CENTURY SMOKE,9.578305993338333,7.7983136843319105,4.428740694282528,8.29688225,42.4198335349877,64.70169038746553
2022-03-01,AIRIS,17,17,14.598130841121495,14,248.16822429906543,238
2022-03-01,BANG,17.000000000000004,17.000000000000004,6,6,102.00000000000003,102.00000000000003
2022-03-01,BIDI,59.36927027389904,67.51428571428573,1.8798026315789471,1.68,111.60251049579718,113.42400000000004
2022-03-01,BLU,16.999588655306543,20.544242424242427,2.6254596353262305,2.5004999090909092,44.63173383165704,51.37087631415979
2022-03-01,BUD VAPE,17.000000000000004,17.000000000000004,6.976977386677581,6.4375,118.6086155735189,109.43750000000003
2022-03-01,CUE,22.10919079061166,22.10919079061166,4.9979215,4.9979215,110.50000000000001,110.50000000000001
2022-03-01,DINNER LADY,50.14404220796562,57.47619047619048,3.856660574566834,3.4279775714285714,193.38855063287625,197.02709184353742
2022-03-01,DUO XTRA,17.000000000000004,17.000000000000004,6.5,6.5,110.50000000000003,110.50000000000003
2022-03-01,EPIC,22.666666666666668,22.666666666666668,1.5,1.5,34,34
2022-03-01,FUME,17.000000000000004,17.000000000000004,11.567567567567568,11.428571428571429,196.6486486486487,194.28571428571433
2022-03-01,GLAS,33.85505627752926,39.06730769230769,1.766466766616692,1.7875,59.80383179619325,69.8328125
2022-03-01,HELO,25.113636363636367,25.113636363636367,4.4,4.4,110.50000000000003,110.50000000000003
2022-03-01,HYPPE,34.00000000000001,34.00000000000001,6,6,204.00000000000006,204.00000000000006
2022-03-01,IGNITE,25.704194169342895,55.79545454545456,4.647873774608799,2.6590909090909096,119.46984997714124,148.3651859504133
2022-03-01,JAK,88.40000000000002,88.4,1.25,1.25,110.50000000000003,110.5
2022-03-01,JUUL,31.652689475688753,39.27518243392736,2.684924586084942,2.0018598095238094,84.98508418898882,78.6234092261947
2022-03-01,LEAP,37.548409776086636,43.91037037037037,2.7491219083857747,2.4722222222222223,103.22515594048637,108.55619341563786
2022-03-01,LOGIC,14.033619906449093,13.359166666666667,2.6589305420424045,2.55,37.314420584671765,34.065875
2022-03-01,MNGO,40.800000000000004,40.80000000000001,1.834977881074408,2.6,74.86709754783585,106.08000000000003
2022-03-01,MR VAPOR,78.92857142857144,78.92857142857144,1.4,1.4,110.50000000000001,110.50000000000001
2022-03-01,NJOY,34.231614087117116,30.033333333333335,3.480729509292441,1.8555555555555554,119.15098930373937,55.72851851851852
2022-03-01,PACHA,18.562695924764892,21.705357142857146,6.624377650746819,5.714285714285714,122.9663080216216,124.03061224489798
2022-03-01,POP,63.06366047745359,48.52083333333334,1.3645913330720134,1.6642857142857144,86.05612451932923,80.75252976190478
2022-03-01,PUFF,61.89661654135338,52.7,1.3563909774436091,1.5,83.95601221097859,79.05000000000001
2022-03-01,PUUR VAPOR,9.38889561975769,9.505376344086024,11.803914259086673,11.67741935483871,110.8257188831342,110.99826569545615
2022-03-01,RIP TIDE RIPSTICK,47.62428571428572,47.62428571428572,1.4,1.4,66.674,66.674
2022-03-01,SAVAGE,9.388345864661655,9.392500000000002,11.80451127819549,11.8,110.8248346429985,110.83150000000003
2022-03-01,SHENZEN HQD TECHNOLOGY,17,17,4.675317055558063,4.555555555555555,79.48038994448707,77.44444444444444
2022-03-01,STICK,48.63693192400821,48.97619047619048,1.4000000000000004,1.4,68.0917046936115,68.56666666666666
2022-03-01,SWITCH MODS,55.80561100404339,67.98992398753799,1.3002145722698377,1.30015425,72.55926864187923,88.39738862957446
2022-03-01,UNO,17,17,1.8,1.8,30.6,30.6
2022-03-01,V2 CIGS,12.240000000000004,12.240000000000004,1,1,12.240000000000004,12.240000000000004
2022-03-01,VAPIN PLUS,12.059156842165956,10.638875789554607,14.9937645,14.9937645,180.81215776000002,159.51679813333334
2022-03-01,VUSE,27.709324503035393,25.181125730994154,5.685731393697376,3.3833333333333337,157.54777622505628,85.19614205653023
2022-03-01,ZEO,34.53125,34.53125,3.2,3.2,110.5,110.5
2022-04-01,21ST CENTURY SMOKE,10.879999999999999,10.879999999999999,1.6000000000000003,1.6,17.408,17.407999999999998
2022-04-01,AIRIS,17,17,15.644268774703557,13.692307692307692,265.95256916996044,232.76923076923075
2022-04-01,BANG,17,17.000000000000004,5.882352941176471,5.2,100,88.40000000000002
2022-04-01,BIDI,59.983383590032155,67.51428571428573,1.8647380245749314,1.68,111.85329622299692,113.42400000000004
2022-04-01,BLU,17.204015323266283,21.343225806451613,2.6187131902452516,2.4037579677419356,45.05238185221884,51.303949089573365
2022-04-01,BUD VAPE,17.000000000000004,17.000000000000004,6.978184462489395,6.4375,118.62913586231974,109.43750000000003
2022-04-01,CUE,22.10919079061166,22.10919079061166,4.9979215,4.9979215,110.50000000000001,110.50000000000001
2022-04-01,DINNER LADY,45.939957399181054,57.47619047619049,4.0150865265959945,3.4279775714285714,184.4529039858458,197.02709184353745
2022-04-01,DUO XTRA,17.000000000000004,17.000000000000004,6.5,6.5,110.50000000000003,110.50000000000003
2022-04-01,EPIC,22.666666666666668,22.666666666666668,1.5,1.5,34,34
2022-04-01,FUME,17,17.000000000000004,11.523809523809524,11.333333333333334,195.9047619047619,192.6666666666667
2022-04-01,GLAS,33.772224279141895,39.92820512820513,1.7846344779952947,1.82,60.27107584714641,72.66933333333334
2022-04-01,HELO,25.113636363636367,25.113636363636367,4.4,4.4,110.50000000000003,110.50000000000003
2022-04-01,HYPPE,33.999614535389334,32.73846153846154,6.000125815206496,6.411764705882353,204.00196488085956,209.91131221719462
2022-04-01,IGNITE,26.36855976205824,55.79545454545456,4.59658791105607,2.6590909090909096,121.20540303423643,148.3651859504133
2022-04-01,JAK,88.40000000000002,88.4,1.25,1.25,110.50000000000003,110.5
2022-04-01,JUUL,31.62112533858456,38.22516657010759,2.6924868695734245,1.9495241739130433,85.13946477527443,74.52088628027748
2022-04-01,LEAP,37.92917687485707,43.91037037037037,2.73069288642081,2.4722222222222223,103.5729334799689,108.55619341563786
2022-04-01,LOGIC,13.985913686630823,22.547666666666668,2.66169195181928,2.46,37.22619389854438,55.46726
2022-04-01,MARKTEN,23.8,23.8,0.8000000000000002,0.8,19.040000000000003,19.040000000000003
2022-04-01,MISTIC,16.32,16.32,9.709677419354838,5.5,158.46193548387097,89.76
2022-04-01,MNGO,40.80000000000001,40.80000000000001,1.8544531313945838,2.6,75.66168776089904,106.08000000000003
2022-04-01,NICOTEK,16.32,16.32,9.995843,9.995843,163.13215776,163.13215776
2022-04-01,NJOY,34.23571050361605,29.707613407504237,3.470577406380336,2.062469657894737,118.81768336522781,61.27105126144436
2022-04-01,PACHA,16.434991282635206,19.954301746342953,7.240039529228047,6.220538333333333,118.98998654879725,124.1264989280266
2022-04-01,POP,61.0977011494253,49.05864197530865,1.5778453910299752,1.5962962962962963,96.40272616114753,78.31212848651123
2022-04-01,PUFF,59.50000000000001,68.00000000000001,1.3000000000000003,1.3,77.35000000000002,88.40000000000002
2022-04-01,PUUR VAPOR,9.397987660264985,9.505376344086024,11.79404054993848,11.67741935483871,110.84024755298668,110.99826569545615
2022-04-01,SAVAGE,9.370648792771442,9.3925,11.82372981780477,11.8,110.79601954326797,110.8315
2022-04-01,SHENZEN HQD TECHNOLOGY,17,17,4.68509206537011,4.555555555555555,79.64656511129188,77.44444444444444
2022-04-01,SHENZHEN GOLDREAMS TECHNOLOGY,19.909909909909913,28.96296296296297,6.037837837837838,4.6,120.21280740199661,133.22962962962964
2022-04-01,STICK,50.195600441669214,48.97619047619049,1.4000000000000001,1.4,70.2738406183369,68.56666666666668
2022-04-01,SWITCH MODS,54.52589297908801,67.98992398753799,1.3002013297288144,1.30015425,70.89463855606127,88.39738862957446
2022-04-01,V2 CIGS,12.240000000000004,12.240000000000004,1,1,12.240000000000004,12.240000000000004
2022-04-01,VAPIN PLUS,4.71662736866382,4.71662736866382,14.9937645,14.9937645,70.72,70.72
2022-04-01,VUSE,27.6690179267759,25.05579663444325,5.679079482986058,3.3938775510204082,157.13455202232646,85.03630572056964
2022-04-01,ZEO,34.53125000000001,34.53125,3.2,3.2,110.50000000000003,110.5
2022-05-01,21ST CENTURY SMOKE,9.48391445541672,7.7983136843319105,4.633865080772981,8.29688225,43.947180023993646,64.70169038746553
2022-05-01,AIRIS,17,17,15.268292682926829,14.75,259.5609756097561,250.75
2022-05-01,BANG,17.000000000000004,17.000000000000004,6,6,102.00000000000003,102.00000000000003
2022-05-01,BIDI,60.49308359177329,67.51428571428573,1.8522347454333463,1.68,112.04739128708634,113.42400000000004
2022-05-01,BLU,17.393871769160494,20.84625,2.5759321827881,2.54739053125,44.805434073469904,53.10353986207031
2022-05-01,BUD VAPE,17.000000000000004,17.000000000000004,6.979043775225086,6.4375,118.64374417882648,109.43750000000003
2022-05-01,DINNER LADY,51.583596002268095,57.47619047619048,3.680312944222608,3.4279775714285714,189.84377607669683,197.02709184353742
2022-05-01,DUO XTRA,17.000000000000004,17.000000000000004,6.5,6.5,110.50000000000003,110.50000000000003
2022-05-01,EPIC,22.666666666666668,22.666666666666668,1.5,1.5,34,34
2022-05-01,FAZE,11.697470526497865,11.697470526497865,9.995843,9.995843,116.92607888,116.92607888
2022-05-01,FUME,17.000000000000004,17.000000000000004,11.50561797752809,11.333333333333334,195.59550561797755,192.6666666666667
2022-05-01,GLAS,33.69291157686072,40.35164835164835,1.8025912336092387,1.7642857142857142,60.73454704322037,71.19183673469388
2022-05-01,HELO,25.11363636363637,25.113636363636367,4.4,4.4,110.50000000000004,110.50000000000003
2022-05-01,HYPPE,34.00000000000001,34.00000000000001,6,6,204.00000000000006,204.00000000000006
2022-05-01,IGNITE,25.461597030781704,52.9513888888889,4.703513684847215,2.8625,119.75897007234697,151.57335069444446
2022-05-01,JAK,88.4,88.4,1.25,1.25,110.5,110.5
2022-05-01,JUUL,31.597799118526062,38.41721959602157,2.6955334695823425,1.9745025454545453,85.17292508912644,75.85489788163082
2022-05-01,LEAP,37.976384242415186,42.160000000000004,2.7297837926680764,2.5294117647058822,103.66731820908029,106.64
2022-05-01,LOGIC,13.812864583740396,21.965606641123884,2.670566374915411,2.8722222222222222,36.888171698597056,63.090103519228045
2022-05-01,MARKTEN,17.582857142857147,19.040000000000003,1.485714285714286,1.3333333333333335,26.123102040816338,25.386666666666674
2022-05-01,MISTIC,16.321130782344373,16.323393522687383,9.99930740669231,9.9979215,163.20000391748994,163.20000705343693
2022-05-01,MNGO,40.800000000000004,40.800000000000004,1.9216518000509937,2.4285714285714284,78.40339344208056,99.08571428571429
2022-05-01,NJOY,34.23863467937327,30.32262674956356,3.449390925694337,2.1286425588235294,118.10243577119358,64.54603379444178
2022-05-01,PACHA,15.622757556824293,19.954301746342953,7.474471580059619,6.220538333333333,116.77185736064483,124.1264989280266
2022-05-01,POP,53.374640131928345,48.52083333333334,2.1404226178829977,1.582142857142857,114.24428695974498,76.76688988095239
2022-05-01,PUFF,42.095238095238095,46.8828125,2.023809523809524,1.7750000000000001,85.19274376417235,83.21699218750001
2022-05-01,PUUR VAPOR,9.406073320994855,9.505376344086024,11.785259741906042,11.67741935483871,110.85301723933713,110.99826569545615
2022-05-01,SAVAGE,9.371869307832425,9.392500000000002,11.8224043715847,11.8,110.79802867483853,110.83150000000003
2022-05-01,SHENZEN HQD TECHNOLOGY,17,17,4.680620428307042,4.555555555555555,79.5705472812197,77.44444444444444
2022-05-01,SHENZHEN GOLDREAMS TECHNOLOGY,17.000000000000004,17.000000000000004,6.5,6.5,110.50000000000003,110.50000000000003
2022-05-01,STICK,50.75701371479996,48.97619047619048,1.4,1.4,71.05981920071994,68.56666666666666
2022-05-01,SWITCH MODS,56.53463141039634,65.55991312861485,1.3002035924032758,1.3001762857142858,73.50653085499239,85.23944434331369
2022-05-01,V2 CIGS,12.24,12.24,1,1,12.24,12.24
2022-05-01,VUSE,27.649272069663038,24.96455393803658,5.65436689899289,3.495744680851064,156.33912877195132,87.26970663871086
2022-05-01,ZEO,34.53125,34.53125,3.2,3.2,110.5,110.5
2022-06-01,21ST CENTURY SMOKE,10.88,10.88,1.6000000000000003,1.6,17.408000000000005,17.408
2022-06-01,AIRIS,17,17,11.628140703517587,14.571428571428571,197.678391959799,247.71428571428572
2022-06-01,BANG,17,17,5,4,85,68
2022-06-01,BIDI,61.465498387775135,67.51428571428573,1.8283807654563298,1.68,112.3823349913951,113.42400000000004
2022-06-01,BLU,17.271581311449573,20.694666666666667,2.5723749951675696,2.50027495,44.42898389257638,51.74235666526667
2022-06-01,BUD VAPE,17.000000000000004,17.000000000000004,6.920400943396227,6.4375,117.64681603773587,109.43750000000003
2022-06-01,DINNER LADY,42.191002907356626,62.33333333333334,6.219040546233317,3.1991686,262.3875577670986,199.41484273333336
2022-06-01,DUO XTRA,17.000000000000004,17.000000000000004,6.5,6.5,110.50000000000003,110.50000000000003
2022-06-01,EPIC,22.666666666666668,22.666666666666668,1.5,1.5,34,34
2022-06-01,FUME,17.000000000000004,17.000000000000004,11.302013422818792,11.272727272727273,192.13422818791952,191.63636363636368
2022-06-01,GLAS,33.86421162245951,38.504273504273506,1.7996871224559339,1.877777777777778,60.94498556906294,72.30246913580248
2022-06-01,HELO,25.113636363636367,25.113636363636367,4.400000000000001,4.4,110.50000000000004,110.50000000000003
2022-06-01,HYPPE,34.00000000000001,34.00000000000001,6,6,204.00000000000006,204.00000000000006
2022-06-01,IGNITE,26.151028330812697,55.96153846153847,4.6014078064880914,2.7346153846153847,120.33154590909278,153.03328402366867
2022-06-01,JUUL,31.537713457797654,38.41721959602157,2.70176232628308,1.9745025454545453,85.2074060773886,75.85489788163082
2022-06-01,LEAP,38.813918137766635,43.91037037037037,2.6968884872470045,2.4722222222222223,104.67680897069053,108.55619341563786
2022-06-01,LOGIC,13.786042829295182,13.094125159642402,2.6722919685342057,3.072222222222222,36.84033153059409,40.22806229601249
2022-06-01,MNGO,40.800000000000004,40.80000000000001,1.90195323377543,2.4285714285714284,77.59969193803755,99.0857142857143
2022-06-01,NICOTEK,10.88,10.88,9.995843,9.995843,108.75477184000002,108.75477184000002
2022-06-01,NJOY,34.2241140418564,30.338036374587805,3.4410393424610604,2.2881624166666668,117.7665228789019,69.41835462779807
2022-06-01,PACHA,15.305379862413663,19.954301746342953,7.566398647471887,6.220538333333334,115.8066054900102,124.12649892802662
2022-06-01,POP,53.565947242206235,49.05864197530865,2.1385667936239243,1.5962962962962963,114.55435604119327,78.31212848651123
2022-06-01,PUFF,55.699186991869915,46.8828125,1.794308943089431,1.7750000000000001,99.94154934232269,83.21699218750001
2022-06-01,PUUR VAPOR,9.4222928540114,9.505376344086024,11.767645769399387,11.67741935483871,110.87820464154933,110.99826569545615
2022-06-01,SAVAGE,9.379029312391564,9.392500000000002,11.814628801022737,11.8,110.80974983981785,110.83150000000003
2022-06-01,SHENZEN HQD TECHNOLOGY,17,17,4.670375251139579,4.555555555555555,79.39637926937284,77.44444444444444
2022-06-01,SHENZHEN GOLDREAMS TECHNOLOGY,17.000000000000004,17.000000000000004,6.5,6.5,110.50000000000003,110.50000000000003
2022-06-01,STICK,50.94813808849002,48.97619047619048,1.4000000000000004,1.4,71.32739332388604,68.56666666666666
2022-06-01,SWITCH MODS,56.62054053810627,65.55991312861485,1.3002259756354515,1.3001762857142858,73.61949756216586,85.23944434331369
2022-06-01,V2 CIGS,12.24,12.24,1,1,12.24,12.24
2022-06-01,VUSE,27.641306789361956,24.588383725270624,5.627274314620613,3.457446808510639,155.5452157183249,85.01302883737185
2022-06-01,ZEO,34.59768546245701,35.43206521739131,3.1942282313159533,3.121739130434783,110.51290364236972,110.60966446124766
2022-07-01,21ST CENTURY SMOKE,9.7333584659642,7.79831368433191,4.091792658245418,8.29688225,39.8268847111032,64.70169038746552
2022-07-01,AIRIS,17,17,12.017699115044248,13.142857142857142,204.30088495575222,223.42857142857142
2022-07-01,BANG,17,17,2,2,34,34
2022-07-01,BIDI,62.781303904657385,67.51428571428573,1.7961031833150385,1.68,112.76169979582399,113.42400000000004
2022-07-01,BLU,17.279371569052856,20.845517241379312,2.559248410313986,2.4830430517241378,44.22220421932321,51.76031674580262
2022-07-01,BUD VAPE,17.000000000000004,17.000000000000004,7,7,119.00000000000003,119.00000000000003
2022-07-01,DINNER LADY,21.68068418386719,54.77777777777778,9.294083741904965,4.331947666666667,201.50209438665615,237.29446662962965
2022-07-01,DUO XTRA,17.000000000000004,17.000000000000004,6.5,6.5,110.50000000000003,110.50000000000003
2022-07-01,EPIC,22.666666666666668,22.666666666666668,1.5,1.5,34,34
2022-07-01,FUME,17,17.000000000000004,11.344262295081966,11.333333333333334,192.85245901639342,192.6666666666667
2022-07-01,GLAS,33.966128807900965,39.06730769230769,1.7962982661419,1.8687500000000001,61.013298285184945,73.00703125000001
2022-07-01,HELO,25.113636363636367,25.113636363636367,4.4,4.4,110.50000000000003,110.50000000000003
2022-07-01,HYPPE,34.00000000000001,34.00000000000001,6,6,204.00000000000006,204.00000000000006
2022-07-01,IGNITE,27.140947885458722,55.96153846153847,4.501792268370353,2.7346153846153842,122.18290934700075,153.03328402366864
2022-07-01,JUUL,31.520250713045566,39.92280148154641,2.6942401493985333,2.0018598095238094,84.9231249901951,79.91985176950534
2022-07-01,LEAP,38.55500249146218,43.91037037037037,2.6971597331097095,2.4722222222222223,103.98900022991633,108.55619341563786
2022-07-01,LOGIC,13.815130973393785,13.200890804597702,2.6695242155471584,3.08125,36.87982667443029,40.675244791666664
2022-07-01,MARKTEN,16.320000000000004,16.320000000000004,1.6000000000000003,1.6,26.112000000000013,26.11200000000001
2022-07-01,MISTIC,16.32678704537476,16.32678704537476,9.995843,9.995843,163.2,163.2
2022-07-01,MNGO,40.80000000000001,40.800000000000004,1.6749646663762046,2.4285714285714284,68.33855838814917,99.08571428571429
2022-07-01,NICOTEK,16.32,16.32,9.995843,9.995843,163.13215776,163.13215776
2022-07-01,NJOY,34.223270731309945,31.6021052631579,3.441136652912798,2.263157894736842,117.76695129606843,71.52055401662051
2022-07-01,PACHA,15.037838804967658,19.954301746342953,7.644147725706464,6.220538333333334,114.95146130053394,124.12649892802662
2022-07-01,POP,50.73641602634468,49.05864197530865,2.143962678375411,1.5962962962962963,108.77698239501106,78.31212848651123
2022-07-01,PUFF,45.69198312236288,51.86517857142858,2.4552742616033756,2.15,112.18635012195341,111.51013392857143
2022-07-01,PUUR VAPOR,9.426956872919524,9.505376344086024,11.762580771490112,11.67741935483871,110.88534164706975,110.99826569545615
2022-07-01,SAVAGE,9.38174989849777,9.392500000000002,11.811674318373466,11.8,110.81417433748898,110.83150000000003
2022-07-01,SHENZEN HQD TECHNOLOGY,17,17,4.671033326346678,4.555555555555555,79.40756654789352,77.44444444444444
2022-07-01,SHENZHEN GOLDREAMS TECHNOLOGY,17.714206744057492,28.96296296296297,6.3865671641791035,4.6,113.13297113107761,133.22962962962964
2022-07-01,STICK,50.34809084924293,48.97619047619048,1.4000000000000001,1.4,70.48732718894011,68.56666666666666
2022-07-01,SWITCH MODS,54.391026277602315,67.98992398753799,1.3002146491303388,1.30015425,70.72000914737173,88.39738862957446
2022-07-01,VAPIN PLUS,16.32,16.32,14.9937645,14.9937645,244.69823664,244.69823664
2022-07-01,VUSE,27.600154768427153,24.979883040935675,5.626510827779147,3.362745098039216,155.29256965293564,84.0009792454994
2022-07-01,ZEO,35.809444662723855,35.432065217391305,3.088953223871955,3.121739130434783,110.61369953598522,110.60966446124765
2022-08-01,21ST CENTURY SMOKE,9.625430127188572,7.7983136843319105,4.32633417291668,8.29688225,41.642827288277665,64.70169038746553
2022-08-01,AIRIS,17,17,9.720930232558139,14,165.25581395348837,238
2022-08-01,AVATA,9.208333333333334,9.208333333333334,12,12,110.5,110.5
2022-08-01,BANG,17.000000000000004,17.000000000000004,5.84,5.333333333333333,99.28000000000002,90.66666666666669
2022-08-01,BIDI,63.31440620528656,67.51428571428573,1.7830258302583026,1.68,112.89122169149249,113.42400000000004
2022-08-01,BLU,17.114307497774487,20.132121212121213,2.542045059310146,2.606310560606061,43.50534081823222,52.470560122552804
2022-08-01,BUD VAPE,17.000000000000004,17.000000000000004,7,7,119.00000000000003,119.00000000000003
2022-08-01,DINNER LADY,57.00489118625475,62.33333333333334,3.9980440338146352,3.1991686,227.9080651054583,199.41484273333336
2022-08-01,DUO XTRA,17.000000000000004,17.000000000000004,6.5,6.5,110.50000000000003,110.50000000000003
2022-08-01,EPIC,22.666666666666668,22.666666666666668,1.5,1.5,34,34
2022-08-01,ESCO BARS,17.800724637681164,17.708333333333336,6,6,106.80434782608698,106.25000000000001
2022-08-01,FUME,17.000000000000004,17.000000000000004,11.588785046728972,11.272727272727273,197.00934579439257,191.63636363636368
2022-08-01,GLAS,33.853595317725755,40.84023668639053,1.7877018633540374,1.8,60.52013543073185,73.51242603550295
2022-08-01,GREEN SMOKE,106.08000000000003,106.08000000000003,1,1,106.08000000000003,106.08000000000003
2022-08-01,HELO,25.113636363636367,25.113636363636367,4.4,4.4,110.50000000000003,110.50000000000003
2022-08-01,HYPPE,34.00000000000001,34.00000000000001,6,6,204.00000000000006,204.00000000000006
2022-08-01,IGNITE,33.81463026467859,55.96153846153847,3.9649968738750685,2.7346153846153847,134.0749032906919,153.03328402366867
2022-08-01,JAK,88.40000000000002,88.40000000000002,1.25,1.25,110.50000000000003,110.50000000000003
2022-08-01,JUUCY,17.000000000000004,17.000000000000004,6,6,102.00000000000003,102.00000000000003
2022-08-01,JUUL,31.57897129099606,39.92280148154641,2.6940670210600453,2.068526476190476,85.07586511407445,82.5813718682751
2022-08-01,LEAP,38.310821083050634,43.91037037037038,2.719303618545043,2.4722222222222223,104.17875440057132,108.55619341563789
2022-08-01,LOGIC,13.78249157947504,21.241904761904763,2.6721415544107763,2.2285714285714286,36.82876847283187,47.33910204081633
2022-08-01,MNGO,40.800000000000004,40.80000000000001,1.5909482972289692,2.4285714285714284,64.91069052694195,99.0857142857143
2022-08-01,NJOY,34.230199619586216,31.365000000000006,3.430649937860032,2.125,117.43183219786995,66.650625
2022-08-01,PACHA,14.99491477960548,19.954301746342953,7.6566035908577215,6.220538333333334,114.81011834613284,124.12649892802662
2022-08-01,POP,47.437428340906195,48.52083333333334,2.3154401460783895,1.582142857142857,109.83852600725098,76.76688988095239
2022-08-01,PUFF,66.96969696969698,69.37619047619049,1.7969696969696969,1.7333333333333334,120.34251606978881,120.25206349206351
2022-08-01,PUUR VAPOR,9.450681603235171,9.5989898989899,11.736816358477643,11.575757575757576,110.92091443961428,111.1155800428528
2022-08-01,RIP TIDE RIPSTICK,78.92857142857144,78.92857142857144,1.4,1.4,110.50000000000001,110.50000000000001
2022-08-01,SAVAGE,9.430459358331344,9.392500000000002,11.758777167422975,11.8,110.89067018105693,110.83150000000003
2022-08-01,SHENZEN HQD TECHNOLOGY,17,17,4.678973062505449,6.846153846153846,79.54254206259263,116.38461538461537
2022-08-01,SHENZHEN GOLDREAMS TECHNOLOGY,17.000000000000004,17.000000000000004,6.5,6.5,110.50000000000003,110.50000000000003
2022-08-01,STICK,50.56936443932413,48.97619047619049,1.4000000000000001,1.4,70.79711021505379,68.56666666666668
2022-08-01,SWITCH MODS,50.67625149859956,67.98992398753799,1.3002106041780792,1.30015425,65.88979957847442,88.39738862957446
2022-08-01,VAPIN PLUS,16.32,16.32,14.9937645,14.9937645,244.69823664,244.69823664
2022-08-01,VUSE,27.57130157250376,24.566133333333337,5.628737966005958,3.324,155.1916319333517,81.65782720000001
2022-08-01,ZEO,36.212095620074805,35.432065217391305,3.053971783233319,3.121739130434783,110.59071823545531,110.60966446124765
2022-09-01,21ST CENTURY SMOKE,10.88,10.88,1.6000000000000003,1.6,17.408000000000005,17.408
2022-09-01,AIRIS,17,17,9.758389261744966,11,165.89261744966444,187
2022-09-01,AVATA,9.208333333333336,9.208333333333336,12,12,110.50000000000003,110.50000000000003
2022-09-01,BANG,17.000000000000004,17,5.2727272727272725,4,89.63636363636365,68
2022-09-01,BIDI,63.34636118598384,67.51428571428573,1.7822419533851275,1.68,112.89854249994765,113.42400000000004
2022-09-01,BLU,17.152432783883157,20.42,2.554760682774034,2.515191088235294,43.82036089018906,51.36020202176471
2022-09-01,BUD VAPE,17.000000000000004,17.000000000000004,7,7,119.00000000000003,119.00000000000003
2022-09-01,DINNER LADY,73.66666666666669,73.66666666666667,1.5,1.5,110.50000000000003,110.5
2022-09-01,DUO XTRA,17.000000000000004,17.000000000000004,6.5,6.5,110.50000000000003,110.50000000000003
2022-09-01,EPIC,22.666666666666668,22.666666666666668,1.5,1.5,34,34
2022-09-01,ESCO BARS,17.662701317715964,17.629629629629633,6,6,105.97620790629578,105.7777777777778
2022-09-01,FINITI,10.88,10.88,1.75,1.75,19.040000000000003,19.040000000000003
2022-09-01,FUME,17.000000000000004,17.000000000000004,11.428571428571429,11.529411764705882,194.28571428571433,196.00000000000003
2022-09-01,GLAS,33.62503765602693,39.40512820512821,1.802468925591691,1.7333333333333334,60.60808549683902,68.30222222222223
2022-09-01,HELO,25.113636363636367,25.113636363636367,4.4,4.4,110.50000000000003,110.50000000000003
2022-09-01,HYPPE,34.00000000000001,34.00000000000001,6,6,204.00000000000006,204.00000000000006
2022-09-01,IGNITE,31.011942695021315,55.96153846153847,4.349923005222945,2.7346153846153842,134.89956296572888,153.03328402366864
2022-09-01,JAK,88.4,88.4,1.25,1.25,110.5,110.5
2022-09-01,JUUCY,17.000000000000004,17.000000000000004,6,6,102.00000000000003,102.00000000000003
2022-09-01,JUUL,31.581105811205205,39.53894155562372,2.6925074587720585,1.9619527999999997,85.03236295293962,77.5735370940923
2022-09-01,LEAP,38.53604480853969,43.91037037037037,2.7065025134984175,2.4722222222222223,104.29790213460032,108.55619341563786
2022-09-01,LOGIC,13.758153497614005,13.33816091954023,2.6737041607685788,3.092857142857143,36.78523225106334,41.253026272578005
2022-09-01,MNGO,40.800000000000004,40.80000000000001,1.5949167309750814,2.4285714285714284,65.07260262378333,99.0857142857143
2022-09-01,NJOY,34.21527489622777,29.636034460135818,3.422604386684161,2.1572065,117.10534995143361,63.93104617162898
2022-09-01,PACHA,15.1241116479244,19.954301746342953,7.619237588317648,6.220538333333333,115.23419995777834,124.1264989280266
2022-09-01,POP,47.59612268171178,49.05864197530865,2.430388332032891,1.5962962962962963,115.67706121563836,78.31212848651123
2022-09-01,PUFF,73.37890625000001,60.664955357142865,1.6765625000000004,2.1,123.02432250976568,127.39640625000003
2022-09-01,PUUR VAPOR,9.540285491916372,9.5989898989899,11.639508968054622,11.575757575757576,111.04423854096201,111.1155800428528
2022-09-01,SAVAGE,9.385592379440368,9.392500000000002,11.807501488390553,11.8,110.82039598966918,110.83150000000003
2022-09-01,SHENZEN HQD TECHNOLOGY,17,17,5.112174241470477,7.2142857142857135,86.90696210499812,122.64285714285712
2022-09-01,SHENZHEN GOLDREAMS TECHNOLOGY,11.05,11.050000000000002,10,10,110.5,110.50000000000003
2022-09-01,STICK,50.69140280278161,48.97619047619048,1.4,1.4,70.96796392389425,68.56666666666666
2022-09-01,SWITCH MODS,53.54595238323768,69.87097597784532,1.3002177249868503,1.3002742222222223,69.62139638998751,90.8514289455004
2022-09-01,VUSE,27.558246155548318,24.239733333333334,5.602728429474997,3.3400000000000003,154.4013692021606,80.96070933333334
2022-09-01,ZEO,36.25519826677924,35.43206521739131,3.050227118904247,3.121739130434783,110.58658895458028,110.60966446124766
2022-10-01,21ST CENTURY SMOKE,10.88,10.88,1.6000000000000003,1.6,17.408000000000005,17.408
2022-10-01,AIRIS,17,17,16,16,272,272
2022-10-01,AVATA,9.208333333333336,9.208333333333336,12,12,110.50000000000003,110.50000000000003
2022-10-01,BANG,17.000000000000004,17.000000000000004,6,6,102.00000000000003,102.00000000000003
2022-10-01,BIDI,67.3624524927342,67.51428571428573,1.6837245696400627,1.68,113.41981633322807,113.42400000000004
2022-10-01,BLU,17.143046511040104,21.271250000000002,2.5910679501229383,2.4690077656250002,44.418798382222874,52.51888143455079
2022-10-01,BO VAPING,157.8571428571429,157.8571428571429,0.7,0.7,110.50000000000001,110.50000000000001
2022-10-01,BUD VAPE,17.000000000000004,17.000000000000004,7,7,119.00000000000003,119.00000000000003
2022-10-01,CUE,22.10919079061166,22.10919079061166,4.9979215,4.9979215,110.50000000000001,110.50000000000001
2022-10-01,DUO XTRA,17.000000000000004,17.000000000000004,6.5,6.5,110.50000000000003,110.50000000000003
2022-10-01,EPIC,22.666666666666668,22.666666666666668,1.5,1.5,34,34
2022-10-01,ESCO BARS,17.647054956613204,17.629629629629633,6,6,105.88232973967922,105.7777777777778
2022-10-01,FUME,17.000000000000004,17.000000000000004,11.63963963963964,11.6,197.87387387387392,197.20000000000005
2022-10-01,GLAS,33.53312007490053,39.40512820512821,1.8138331902941407,1.7333333333333334,60.82348616597332,68.30222222222223
2022-10-01,HELO,25.113636363636367,25.113636363636367,4.4,4.4,110.50000000000003,110.50000000000003
2022-10-01,HYPPE,34.00000000000001,34.00000000000001,6,6,204.00000000000006,204.00000000000006
2022-10-01,IGNITE,25.811618705840043,55.96153846153847,4.808200518997039,2.7346153846153847,124.10743845757379,153.03328402366867
2022-10-01,JAK,88.4,88.4,1.25,1.25,110.5,110.5
2022-10-01,JUUCY,17.000000000000004,17.000000000000004,6,6,102.00000000000003,102.00000000000003
2022-10-01,JUUL,31.57163014367347,39.27518243392736,2.690433679045714,2.0018598095238094,84.94137704091398,78.6234092261947
2022-10-01,LEAP,37.383358649789024,42.160000000000004,2.7560175267770206,2.5294117647058822,103.02919164860988,106.64
2022-10-01,LOGIC,13.777034020410325,13.33816091954023,2.6738176857400267,3.092857142857143,36.837277220815146,41.253026272578005
2022-10-01,MADURO DISTRIBUTORS,36.79438990182329,36.833333333333336,6.5,6.5,239.16353436185136,239.41666666666669
2022-10-01,MNGO,40.800000000000004,40.80000000000001,1.497466916717293,2.4285714285714284,61.09665020206556,99.0857142857143
2022-10-01,NJOY,34.21120484087791,30.720000000000006,3.4119904906570677,2.411764705882353,116.72830559099647,74.08941176470589
2022-10-01,PACHA,15.146526929960444,19.954301746342953,7.612833515129768,6.220538333333334,115.30798785021847,124.12649892802662
2022-10-01,POP,44.36859504132234,49.05864197530865,2.493939393939394,1.5962962962962963,110.65258702729784,78.31212848651123
2022-10-01,PUFF,49.72500000000001,48.97619047619048,1.335,1.3333333333333333,66.38287500000001,65.3015873015873
2022-10-01,PUUR VAPOR,9.541742098513994,9.5989898989899,11.637927132835483,11.575757575757576,111.0460992628146,111.1155800428528
2022-10-01,SAVAGE,9.331082647502031,9.392500000000002,11.866697577373362,11.8,110.72913584738296,110.83150000000003
2022-10-01,SHENZEN HQD TECHNOLOGY,17,17,6.351813255523135,10.523809523809524,107.9808253438933,178.9047619047619
2022-10-01,SHENZHEN GOLDREAMS TECHNOLOGY,11.050000000000002,11.050000000000002,10,10,110.50000000000003,110.50000000000003
2022-10-01,STICK,50.05451021070444,48.97619047619048,1.4,1.4,70.07631429498622,68.56666666666666
2022-10-01,SWITCH MODS,55.0362170083994,69.87097597784532,1.3002695252103296,1.3002742222222223,71.56191575888415,90.8514289455004
2022-10-01,V2 CIGS,12.240000000000004,12.240000000000004,1,1,12.240000000000004,12.240000000000004
2022-10-01,VAPIN PLUS,12.452209122887941,10.518313684331911,14.9937645,14.9937645,186.70549109333334,157.70911832000002
2022-10-01,VUSE,27.620483969407456,24.911959064327487,5.607581309393175,3.4416666666666664,154.88410966324307,85.73865911306042
2022-10-01,ZEO,36.43472680175048,35.39453125000001,3.0346300697121755,3.125,110.56591753434013,110.60791015625003
2022-11-01,21ST CENTURY SMOKE,10.88,10.88,1.6000000000000003,1.6,17.408000000000005,17.408
2022-11-01,AVATA,9.208333333333336,9.208333333333336,12,12,110.50000000000003,110.50000000000003
2022-11-01,BANG,17.000000000000004,17.000000000000004,5.529411764705882,4.4,94.00000000000001,74.80000000000003
2022-11-01,BIDI,66.91353383458649,67.51428571428573,1.694736842105263,1.68,113.40083102493078,113.42400000000004
2022-11-01,BLU,17.20305046570972,21.00714285714286,2.652117679852778,2.4645803035714287,45.62451428750831,51.77379052002552
2022-11-01,BO VAPING,157.85714285714292,157.85714285714292,0.7,0.6999999999999998,110.50000000000004,110.50000000000001
2022-11-01,BUD VAPE,17.000000000000004,17.000000000000004,7,7,119.00000000000003,119.00000000000003
2022-11-01,DINNER LADY,20.955017768266295,45.333333333333336,9.402880470210574,5.7479215,197.03752732614672,260.57244133333336
2022-11-01,EPIC,22.666666666666668,22.666666666666668,1.5,1.5,34,34
2022-11-01,ESCO BARS,17.65187198067633,17.629629629629633,6,6,105.91123188405797,105.7777777777778
2022-11-01,FUME,17,17.000000000000004,11.783783783783784,11.578947368421053,200.32432432432432,196.84210526315795
2022-11-01,GLAS,33.31575091575092,39.40512820512821,1.808638655462185,1.7333333333333334,60.256154941976796,68.30222222222223
2022-11-01,HELO,25.113636363636367,25.113636363636367,4.4,4.4,110.50000000000003,110.50000000000003
2022-11-01,HYPPE,34.00000000000001,34.00000000000001,6,6,204.00000000000006,204.00000000000006
2022-11-01,IGNITE,23.888128311613926,54.51666666666667,4.971351568093942,2.796,118.75628414077119,152.42860000000002
2022-11-01,IMIRACLE,17.000000000000004,17.000000000000004,13,13,221.00000000000006,221.00000000000006
2022-11-01,JAK,88.4,88.4,1.25,1.25,110.5,110.5
2022-11-01,JUUCY,17.000000000000004,17.000000000000004,6,6,102.00000000000003,102.00000000000003
2022-11-01,JUUL,31.56516353349812,41.26204374276182,2.6909207336309455,1.9915292631578945,84.93935301274152,82.17456757141126
2022-11-01,LEAP,36.77429730350264,40.19083333333334,2.7810467103752647,2.59375,102.27103854226799,104.24497395833335
2022-11-01,LOGIC,14.041779550367758,13.094125159642402,2.653657639714214,3.072222222222222,37.262075579016226,40.22806229601249
2022-11-01,MADURO DISTRIBUTORS,36.833687898886254,36.550000000000004,6.5,6.5,239.41897134276064,237.57500000000002
2022-11-01,MISTIC,3.2640000000000002,3.2640000000000002,5,5,16.32,16.32
2022-11-01,MNGO,40.800000000000004,40.80000000000001,1.4897384220463754,2.4285714285714284,60.781327619492124,99.0857142857143
2022-11-01,NICOTEK,16.32,16.32,9.995843,9.995843,163.13215776,163.13215776
2022-11-01,NJOY,34.11736807419979,30.727500000000003,3.4064689404628,2.25,116.21975467509871,69.136875
2022-11-01,PACHA,15.042530911498007,19.954301746342953,7.642880935307064,6.220538333333334,114.9682727222553,124.12649892802662
2022-11-01,POP,44.672555948174335,49.058641975308646,2.529917550058893,1.5962962962962963,113.01788329927403,78.31212848651121
2022-11-01,PUFF,34.53125,34.53125,3.2000000000000006,3.2,110.50000000000003,110.5
2022-11-01,PUUR VAPOR,9.524341580207503,9.5989898989899,11.65682362330407,11.575757575757576,111.02356992858005,111.1155800428528
2022-11-01,SAVAGE,9.354951456310681,9.392500000000002,11.840776699029126,11.8,110.7698912244321,110.83150000000003
2022-11-01,SHENZEN HQD TECHNOLOGY,17,17,7.315396493422725,10.45,124.36174038818632,177.64999999999998
2022-11-01,SHENZHEN GOLDREAMS TECHNOLOGY,11.072160148975795,12.537500000000001,9.977653631284916,8.5,110.47417891659649,106.56875000000001
2022-11-01,STAGBAR,17.000000000000004,17.000000000000004,13,13,221.00000000000006,221.00000000000006
2022-11-01,STICK,50.252783680746255,48.97619047619048,1.4000000000000004,1.4,70.35389715304477,68.56666666666666
2022-11-01,SWITCH MODS,51.62133851356714,69.8799324333671,1.3003358798863232,1.300137111111111,67.12507863694907,90.85349347855754
2022-11-01,VAPIN PLUS,16.32,16.32,14.9937645,14.9937645,244.69823664,244.69823664
2022-11-01,VUSE,27.69093995876745,24.071014492753626,5.611705677079212,3.5434782608695654,155.3934049702749,85.29511657214873
2022-11-01,ZEO,36.45808609267834,35.43206521739131,3.0326006652514748,3.121739130434783,110.56281613845188,110.60966446124766
2022-12-01,21ST CENTURY SMOKE,10.88,10.88,1.6000000000000003,1.6,17.408000000000005,17.408
2022-12-01,AVATA,10.032422133863488,16.40064102564103,12,12,120.38906560636185,196.80769230769235
2022-12-01,BANG,17,17,2,2,34,34
2022-12-01,BIDI,68.15627127876891,67.51428571428573,1.6642516682554818,1.68,113.42918817776435,113.42400000000004
2022-12-01,BLU,17.237881218272,21.080000000000002,2.6700547583116183,2.4518789838709676,46.02608677005763,51.68560898
2022-12-01,BO VAPING,157.8571428571429,157.8571428571429,0.7,0.7,110.50000000000001,110.50000000000001
2022-12-01,BUD VAPE,17.000000000000004,17.000000000000004,7,7,119.00000000000003,119.00000000000003
2022-12-01,DUO XTRA,17.000000000000004,17.000000000000004,6.5,6.5,110.50000000000003,110.50000000000003
2022-12-01,EPIC,22.666666666666668,22.666666666666668,1.5,1.5,34,34
2022-12-01,ESCO BARS,17.676717315606208,17.629629629629633,6,6,106.06030389363724,105.7777777777778
2022-12-01,FUME,17.000000000000004,17.000000000000004,11.667481662591687,11.555555555555555,198.34718826405873,196.44444444444449
2022-12-01,GLAS,33.20555461072619,40.84023668639053,1.8092281072767473,1.8,60.07642271943881,73.51242603550295
2022-12-01,HELO,25.11363636363637,25.11363636363637,4.4,4.4,110.50000000000004,110.50000000000004
2022-12-01,HYPPE,34.00000000000001,34.00000000000001,6,6,204.00000000000006,204.00000000000006
2022-12-01,IGNITE,23.97058896521602,51.64772727272728,4.96892372141042,2.95,119.10802812544073,152.3607954545455
2022-12-01,IMIRACLE,17.000000000000004,17.000000000000004,13,13,221.00000000000006,221.00000000000006
2022-12-01,JAK,88.4,88.4,1.25,1.25,110.5,110.5
2022-12-01,JUUCY,17.000000000000004,17.000000000000004,6,6,102.00000000000003,102.00000000000003
2022-12-01,JUUL,31.57617574417494,40.54625426907761,2.6917271237131977,2.0652134736842105,84.99444871373045,83.73667062392501
2022-12-01,LEAP,36.424789112889606,40.19083333333334,2.7927008408469254,2.59375,101.72353918323874,104.24497395833335
2022-12-01,LOGIC,14.134912404467961,13.732222222222223,2.650946156240274,2.4,37.47089170741731,32.95733333333333
2022-12-01,MADURO DISTRIBUTORS,36.846978048544635,36.550000000000004,6.5,6.5,239.50535731554012,237.57500000000002
2022-12-01,MNGO,40.80000000000001,40.80000000000001,1.4880018405613715,2.4285714285714284,60.71047509490398,99.0857142857143
2022-12-01,NJOY,33.854381384967674,27.571269273456217,3.4474235117410954,2.685091595238095,116.71039036198762,74.03138339620364
2022-12-01,PACHA,15.119308330107929,19.954301746342953,7.620654075691786,6.220538333333333,115.21901864747777,124.1264989280266
2022-12-01,POP,41.18834601005543,48.52083333333335,2.584749258734047,1.582142857142857,106.46154681797222,76.7668898809524
2022-12-01,PUFF,34.53125,34.53125,3.2000000000000006,3.2,110.50000000000003,110.5
2022-12-01,PUUR VAPOR,9.540345351867943,9.5989898989899,11.639443961772372,11.575757575757576,111.04431509902244,111.1155800428528
2022-12-01,SAVAGE,9.375083836351443,9.392500000000002,11.818913480885312,11.8,110.80330473788406,110.83150000000003
2022-12-01,SHENZEN HQD TECHNOLOGY,17,17,8.212505678499578,10.523809523809524,139.61259653449284,178.9047619047619
2022-12-01,SHENZHEN GOLDREAMS TECHNOLOGY,11.050000000000002,11.050000000000002,10,10,110.50000000000003,110.50000000000003
2022-12-01,STAGBAR,17.000000000000004,17.000000000000004,13,13,221.00000000000006,221.00000000000006
2022-12-01,STICK,49.77236023353298,48.97619047619048,1.4000000000000001,1.4,69.68130432694618,68.56666666666666
2022-12-01,SWITCH MODS,53.41589542569541,67.97984797507598,1.300308719576162,1.3003085,69.45715458600017,88.39477415069909
2022-12-01,VAPIN PLUS,16.32,16.32,14.9937645,14.9937645,244.69823664,244.69823664
2022-12-01,VUSE,27.713138897236405,23.025555555555556,5.624822455685927,3.616666666666667,155.88148598671847,83.27575925925927
2022-12-01,ZEO,36.466755811466804,35.39453125000001,3.0318474589132927,3.125,110.56164094180718,110.60791015625003
2023-01-01,21ST CENTURY SMOKE,8.79776294576273,7.616904939383302,5.873395690218865,8.29688225,51.67274296921005,63.196563391506636
2023-01-01,AVATA,11.578947368421055,16.29166666666667,12,12,138.94736842105266,195.50000000000006
2023-01-01,BIDI,63.915706393054464,62.94857142857144,1.6526703499079187,1.68,105.63159284922112,105.75360000000002
2023-01-01,BLU,19.054910655588778,22.121103448275864,2.7376220863888054,2.6209740862068966,52.16514426490523,57.978838896233064
2023-01-01,BUD VAPE,14.571428571428573,14.571428571428573,7,7,102.00000000000001,102.00000000000001
2023-01-01,EPIC,22.666666666666668,22.666666666666668,1.5,1.5,34,34
2023-01-01,ESCO BARS,17.000000000000004,17.000000000000004,6,6,102.00000000000003,102.00000000000003
2023-01-01,FUME,8.816949152542374,8.972222222222223,11.701694915254237,11.555555555555555,103.17324906636026,103.67901234567903
2023-01-01,GLAS,33.27817401666215,40.35739644970414,1.8004321521175455,1.7000000000000002,59.915094463361214,68.60757396449705
2023-01-01,HELO,23.181818181818187,23.181818181818183,4.4,4.4,102.00000000000003,102.00000000000001
2023-01-01,HYPPE,33.991242433720316,32.46153846153847,6.002343936857211,6.411764705882353,204.0271279282847,208.1357466063349
2023-01-01,IGNITE,22.0663134275905,48.992673992674,4.9727095780054595,2.8476190476190473,109.72936813264977,139.5124716553288
2023-01-01,IMIRACLE,16.831524303916947,10.8974358974359,13,13,218.8098159509203,141.66666666666669
2023-01-01,JUUCY,17.000000000000004,17.000000000000004,6,6,102.00000000000003,102.00000000000003
2023-01-01,JUUL,31.506625357625907,40.4520015103612,2.6875738381032956,1.9787679999999999,84.67638203807728,80.0451261246544
2023-01-01,LEAP,35.21150306532309,38.98666666666667,2.82358096680995,2.59375,99.4225298680165,101.12166666666668
2023-01-01,LOGIC,14.276587631015335,13.732222222222223,2.638585987644617,2.4,37.67000407457753,32.95733333333333
2023-01-01,MADURO DISTRIBUTORS,32.9450335239809,33.25274725274726,6.5,6.5,214.14271790587583,216.1428571428572
2023-01-01,MNGO,40.80000000000001,40.800000000000004,1.4574298080124293,2.4285714285714284,59.463136166907134,99.08571428571429
2023-01-01,NJOY,31.379783556093614,31.23255431751098,3.3969951413113604,2.415,106.59697227545213,75.42661867678902
2023-01-01,PACHA,14.015273863145703,18.419355458162727,7.602113048387555,6.220538333333334,106.545696311745,114.57830670279381
2023-01-01,POP,51.41463414634145,64.13636363636365,2.8219512195121945,1.6863636363636363,145.08958953004156,108.15723140495871
2023-01-01,PUUR VAPOR,8.809756097560976,8.818750000000001,11.63558106169297,11.625,102.50663120691465,102.51796875000002
2023-01-01,SAVAGE,8.611353711790395,8.670000000000002,11.868995633187772,11.8,102.20811960107551,102.30600000000003
2023-01-01,SHENZEN HQD TECHNOLOGY,17.64547082319453,14.085714285714289,8.476148937147055,10.523809523809524,149.56563876347968,148.2353741496599
2023-01-01,SHENZHEN GOLDREAMS TECHNOLOGY,10.200000000000001,10.200000000000001,10,10,102.00000000000001,102.00000000000001
2023-01-01,STAGBAR,16.623950103950108,15.779487179487182,13,13,216.1113513513514,205.13333333333335
2023-01-01,STICK,45.44248959663959,45.657142857142865,1.4000000000000001,1.4,63.61948543529543,63.92000000000001
2023-01-01,SWITCH MODS,78.43973307771796,78.44124551336323,1.3003616282240529,1.3003365454545455,102.00001902240143,102.00001821199861
2023-01-01,VAPIN PLUS,4.3538098787666035,4.3538098787666035,14.9937645,14.9937645,65.28,65.28
2023-01-01,VUSE,27.91074533623529,22.772765957446808,5.806819404671893,4.431914893617021,162.07265761730665,100.92696061566319
2023-01-01,ZEO,33.644892901398485,32.67187500000001,3.033421844574263,3.125,102.05915308546372,102.09960937500003
2023-02-01,21ST CENTURY SMOKE,10.88,10.88,1.6000000000000003,1.6,17.408000000000005,17.408
2023-02-01,AVATA,13.397535934291582,16.29166666666667,12,12,160.770431211499,195.50000000000006
2023-02-01,BIDI,63.37021276595746,62.94857142857144,1.6680851063829787,1.68,105.70690810321415,105.75360000000002
2023-02-01,BLU,18.96570207722581,22.522571428571432,2.736515648000232,2.536008875,51.89994050963893,57.11744103067858
2023-02-01,BUD VAPE,15.380952380952383,15.785714285714288,7,7,107.66666666666669,110.50000000000001
2023-02-01,CUE,20.408483806718454,20.408483806718454,4.9979215,4.9979215,102.00000000000001,102.00000000000001
2023-02-01,EPIC,22.666666666666668,22.666666666666668,1.5,1.5,34,34
2023-02-01,ESCO BARS,17.000000000000004,17.000000000000004,6,6,102.00000000000003,102.00000000000003
2023-02-01,FUME,8.826923076923078,9.031250000000002,11.692307692307692,11.5,103.20710059171599,103.85937500000001
2023-02-01,GLAS,33.180245576020226,39.903296703296704,1.804598177299089,1.7642857142857142,59.87701068882226,70.40081632653062
2023-02-01,HELO,23.181818181818183,23.181818181818183,4.4,4.4,102.00000000000001,102.00000000000001
2023-02-01,HYPPE,33.95145050305461,30.076923076923084,6.015101286291521,7.4,204.22141359238668,222.56923076923084
2023-02-01,IGNITE,22.205829912725704,36.48076923076924,4.913718697210502,3.64,109.11320162923654,132.79000000000005
2023-02-01,IMIRACLE,16.95940644721133,12.423076923076925,13,13,220.47228381374728,161.50000000000003
2023-02-01,JUUCY,17.000000000000004,17.000000000000004,6,6,102.00000000000003,102.00000000000003
2023-02-01,JUUL,31.482001600314067,39.77284345663897,2.6899539226144595,1.9915292631578945,84.68513369651951,79.20878162289449
2023-02-01,LEAP,35.35155422297748,38.98666666666667,2.830019929357545,2.59375,100.04560298479015,101.12166666666668
2023-02-01,LOGIC,14.404933159713682,13.529166666666669,2.6314680153896113,2.625,37.90612087361176,35.51406250000001
2023-02-01,MADURO DISTRIBUTORS,33.23924048594298,33.25274725274726,6.5,6.5,216.05506315862937,216.1428571428572
2023-02-01,MNGO,40.80000000000001,40.800000000000004,1.4297857083758514,2.230769230769231,58.33525690173475,91.01538461538463
2023-02-01,NJOY,31.246420144251818,30.89255431751098,3.393613464454225,2.135,106.0382721175267,65.95560346788594
2023-02-01,PACHA,13.992480983865274,18.419355458162727,7.609267697158876,6.220538333333334,106.47253355363588,114.57830670279381
2023-02-01,POP,44.040442579168264,62.33333333333334,3.2845097291110275,1.7944444444444445,144.6512621256337,111.85370370370373
2023-02-01,PUUR VAPOR,8.76846354785087,8.818750000000001,11.684160531940156,11.625,102.45213571155509,102.51796875000002
2023-02-01,SAVAGE,8.816949152542374,8.670000000000002,11.627118644067796,11.8,102.5157138753232,102.30600000000003
2023-02-01,SHENZEN HQD TECHNOLOGY,17.335940716344176,13.950793650793655,8.76533552902429,10.80952380952381,151.9553370900304,150.8014361300076
2023-02-01,STAGBAR,16.262405503206622,15.283653846153848,13,13,211.4112715416861,198.68750000000003
2023-02-01,STICK,44.88348187010872,45.657142857142865,1.4000000000000001,1.4,62.83687461815221,63.92000000000001
2023-02-01,SWITCH MODS,78.44116596560892,78.4509088220181,1.3003378647027344,1.3001762857142858,102.0000182565127,102.00001124312159
2023-02-01,VUSE,27.851533001044167,23.13511111111111,5.846050410857061,4.644444444444445,162.82146594375325,107.44973827160494
2023-02-01,ZEO,33.64752809214357,32.67187500000001,3.033173826621781,3.125,102.05880153961097,102.09960937500003
2023-03-01,21ST CENTURY SMOKE,10.88,10.88,1.6000000000000003,1.6,17.408000000000005,17.408
2023-03-01,AVATA,14.540921202893037,16.29166666666667,12,12,174.49105443471643,195.50000000000006
2023-03-01,BIDI,65.05677811550154,62.94857142857144,1.6204255319148935,1.68,105.4196642824808,105.75360000000002
2023-03-01,BLU,18.915659152956906,22.147851851851854,2.7456576430323905,2.5928980925925926,51.93592412631172,57.42712282168999
2023-03-01,BUD VAPE,17.000000000000004,17.000000000000004,7,7,119.00000000000003,119.00000000000003
2023-03-01,DUO XTRA,17.000000000000004,17.000000000000004,6.5,6.5,110.50000000000003,110.50000000000003
2023-03-01,EPIC,22.666666666666668,22.666666666666668,1.5,1.5,34,34
2023-03-01,ESCO BARS,17.000000000000004,17.000000000000004,6,6,102.00000000000003,102.00000000000003
2023-03-01,FUME,9.141509433962266,9.10714285714286,11.39622641509434,11.428571428571429,104.17871128515489,104.08163265306125
2023-03-01,GLAS,33.18169853929052,39.903296703296704,1.8174879227053142,1.7642857142857142,60.30733635000909,70.40081632653062
2023-03-01,HELO,23.181818181818183,23.181818181818183,4.4,4.4,102.00000000000001,102.00000000000001
2023-03-01,HYDE,17,17,1.6000000000000003,1.6,27.200000000000006,27.200000000000003
2023-03-01,HYPPE,33.94874193535918,28.05594405594406,6.015126154369499,7.909090909090908,204.2059655233196,221.89701207883027
2023-03-01,IGNITE,22.539765206258277,42.97202797202798,4.860271683701147,3.3545454545454545,109.54938258924945,144.1516211061666
2023-03-01,IMIRACLE,16.66170568561873,10.134615384615387,13,13,216.60217391304352,131.75000000000003
2023-03-01,JAK,81.60000000000001,81.60000000000001,1.25,1.25,102.00000000000001,102.00000000000001
2023-03-01,JUUCY,17.000000000000004,17.000000000000004,6,6,102.00000000000003,102.00000000000003
2023-03-01,JUUL,31.50959255277058,40.4520015103612,2.6888551969583254,1.9787679999999999,84.72473168955652,80.0451261246544
2023-03-01,LEAP,35.429106268564524,38.98666666666667,2.8277598125153287,2.59375,100.18500289958168,101.12166666666668
2023-03-01,LOGIC,14.46766894734439,13.732222222222223,2.628749584194838,2.4,38.03187872960013,32.95733333333333
2023-03-01,MADURO DISTRIBUTORS,33.23081841117773,33.252747252747255,6.5,6.5,216.00031967265525,216.14285714285717
2023-03-01,MNGO,40.8,40.800000000000004,1.431951975213013,2.230769230769231,58.42364058869092,91.01538461538463
2023-03-01,NJOY,31.141560142805766,30.202025425635636,3.387026362562766,2.1285714285714286,105.47728517501703,64.28716840599586
2023-03-01,PACHA,14.23550376741044,18.419355458162727,7.533021983825063,6.220538333333334,107.23636283072736,114.57830670279381
2023-03-01,POP,53.99727705922395,70.00000000000001,2.660517358747446,1.8294117647058823,143.66069294116056,128.0588235294118
2023-03-01,PUUR VAPOR,8.752776782515229,8.818750000000001,11.702615549982085,11.625,102.43038168058487,102.51796875000002
2023-03-01,SAVAGE,8.626112759643918,8.670000000000002,11.851632047477745,11.8,102.23351442735255,102.30600000000003
2023-03-01,SHENZEN HQD TECHNOLOGY,16.940106141015924,12.91527777777778,9.047317486509387,11.708333333333332,153.2625185129384,151.21637731481482
2023-03-01,SHENZHEN GOLDREAMS TECHNOLOGY,10.200000000000001,10.200000000000001,10,10,102.00000000000001,102.00000000000001
2023-03-01,STAGBAR,16.080211239537668,15.474358974358978,13,13,209.0427461139897,201.1666666666667
2023-03-01,STICK,45.07762048999609,45.657142857142865,1.4,1.4,63.10866868599452,63.92000000000001
2023-03-01,SWITCH MODS,78.44394420538669,78.44124551336323,1.3002917893882577,1.3003365454545455,102.0000165774949,102.00001821199861
2023-03-01,VUSE,27.852400186741896,22.953469387755103,5.861324659305262,4.581632653061225,163.25196003538875,105.16436484798001
2023-03-01,ZEO,33.64717452494263,32.70652173913044,3.03320710353481,3.121739130434783,102.05884878293148,102.10122873345937
2023-04-01,21ST CENTURY SMOKE,5.501665144670857,7.616904939383302,12.638009790742329,8.29688225,69.5300979637361,63.196563391506636
2023-04-01,AVATA,15.29183813443073,16.29166666666667,12,12,183.50205761316874,195.50000000000006
2023-04-01,BIDI,63.52298136645963,62.94857142857144,1.663768115942029,1.68,105.68751102709516,105.75360000000002
2023-04-01,BLU,18.961269389167708,21.953538461538464,2.7541294396933647,2.6349326346153847,52.2217902386634,57.84609493759173
2023-04-01,BUD VAPE,17.000000000000004,17.000000000000004,7,7,119.00000000000003,119.00000000000003
2023-04-01,CUE,20.408483806718454,20.408483806718454,4.9979215,4.9979215,102.00000000000001,102.00000000000001
2023-04-01,EPIC,22.666666666666668,22.666666666666668,1.5,1.5,34,34
2023-04-01,ESCO BARS,17.000000000000004,17.000000000000004,6,6,102.00000000000003,102.00000000000003
2023-04-01,FUME,8.717948717948719,9.066666666666668,11.794871794871796,11.466666666666667,102.82708744247208,103.96444444444447
2023-04-01,GLAS,33.09787572336395,39.903296703296704,1.8206630427488093,1.7642857142857142,60.260079123021754,70.40081632653062
2023-04-01,HELO,23.181818181818183,23.181818181818183,4.4,4.4,102.00000000000001,102.00000000000001
2023-04-01,HYDE,16.999999999999993,17,1.6,1.6,27.19999999999999,27.200000000000003
2023-04-01,HYPPE,33.976123519291114,30.076923076923084,6.007261897541808,7.4,204.10347224361158,222.56923076923084
2023-04-01,IGNITE,22.558536311595024,38.81118881118881,4.8453260747558655,3.481818181818182,109.30346419889838,135.1335028607756
2023-04-01,IMIRACLE,15.898848810437455,9.112332112332114,13.004144282425173,13.071428571428571,206.7509238553925,119.11119832548405
2023-04-01,JUUCY,17.000000000000004,17.000000000000004,6,6,102.00000000000003,102.00000000000003
2023-04-01,JUUL,31.487006792431284,38.80420128380702,2.6776803750517315,2.0319528,84.31214015721382,78.84830545039526
2023-04-01,LEAP,35.45481145178393,38.02666666666667,2.817104496781613,2.5294117647058822,99.87990877336473,96.18509803921569
2023-04-01,LOGIC,14.491557881958634,13.732222222222223,2.626900392315083,2.4,38.067879085373875,32.95733333333333
2023-04-01,MADURO DISTRIBUTORS,33.22252251179662,33.25274725274726,6.5,6.5,215.946396326678,216.1428571428572
2023-04-01,MISTIC,16.32678704537476,16.32678704537476,9.995843,9.995843,163.2,163.2
2023-04-01,MNGO,40.800000000000004,40.800000000000004,1.4054374093765103,1.7272727272727273,57.34184630256163,70.47272727272728
2023-04-01,NJOY,31.08241534604705,30.89255431751098,3.3765453184690952,2.135,104.95118402340712,65.95560346788594
2023-04-01,PACHA,14.254506519288011,18.419355458162727,7.526996156536733,6.220538333333334,107.29361578400867,114.57830670279381
2023-04-01,POP,57.882926829268285,67.00000000000001,2.605691056910568,1.8294117647058823,150.82502478683315,122.57058823529414
2023-04-01,POSH,17,17,5,5,85,85
2023-04-01,PUUR VAPOR,8.828920570264767,8.783333333333335,11.613034623217922,11.666666666666666,102.53056026812567,102.47222222222224
2023-04-01,SAVAGE,11.463716814159294,10.76666666666667,12.309734513274336,12.083333333333334,141.11531051766,130.09722222222226
2023-04-01,SHENZEN HQD TECHNOLOGY,12.505625717566017,13.187878787878791,12.594597149996623,11.954545454545455,157.50331802138143,157.65509641873282
2023-04-01,STAGBAR,16.02231648133288,15.474358974358978,13,13,208.29011425732745,201.1666666666667
2023-04-01,STICK,45.372822299651574,45.65714285714286,1.4,1.4,63.5219512195122,63.919999999999995
2023-04-01,SWITCH MODS,78.43602628958782,78.44124551336323,1.3004231029139495,1.3003365454545455,102.0000206877459,102.00001821199861
2023-04-01,VUSE,27.838265252122916,23.4464,5.859105623511569,4.140000000000001,163.1073364875201,97.06809600000001
2023-04-01,ZEO,33.622911613356614,32.67187500000001,3.0354906716840846,3.125,102.06203455720248,102.09960937500003
2023-05-01,21ST CENTURY SMOKE,10.88,10.88,1.6000000000000003,1.6,17.408000000000005,17.408
2023-05-01,AVATA,15.409930715935337,16.29166666666667,12,12,184.91916859122404,195.50000000000006
2023-05-01,BIDI,68.05406514490896,62.94857142857144,1.5357271095152603,1.68,104.51247275575426,105.75360000000002
2023-05-01,BLU,18.977630715447074,22.372,2.7609442748627555,2.5580095576923076,52.39618087427318,57.22778982469231
2023-05-01,DUO XTRA,17.000000000000004,17.000000000000004,6.5,6.5,110.50000000000003,110.50000000000003
2023-05-01,EPIC,22.666666666666668,22.666666666666668,1.5,1.5,34,34
2023-05-01,ESCO BARS,17.000000000000004,17.000000000000004,6,6,102.00000000000003,102.00000000000003
2023-05-01,FUME,8.540094339622643,8.765625000000002,11.962264150943396,11.75,102.15886436454255,102.99609375000001
2023-05-01,GLAS,33.048463558808386,33.47692307692308,1.812378208929933,1.8416666666666668,59.8963151925993,61.65333333333334
2023-05-01,HELO,23.181818181818183,23.181818181818183,4.4,4.4,102.00000000000001,102.00000000000001
2023-05-01,HYDE,17,17,1.6000000000000005,1.6,27.20000000000001,27.200000000000003
2023-05-01,HYPPE,33.98837606837607,30.076923076923084,6.004666666666667,7.4,204.08886883190885,222.56923076923084
2023-05-01,IGNITE,22.813508387319263,38.71794871794872,4.827655200675375,3.6777777777777776,110.13575241169313,142.3960113960114
2023-05-01,IMIRACLE,15.672134054437453,9.639745319907265,12.954118272896533,11.692307692307692,203.01867812987226,112.71086835583878
2023-05-01,JAK,81.60000000000001,81.60000000000001,1.25,1.25,102.00000000000001,102.00000000000001
2023-05-01,JUUL,31.47544842284151,39.057053982954756,2.6779247328020603,2.0652134736842105,84.28888180756289,80.66115412800971
2023-05-01,LEAP,35.46747736760171,38.98666666666667,2.8361766368206562,2.59375,100.59203067695736,101.12166666666668
2023-05-01,LOGIC,14.12174501305134,13.732222222222223,2.6512712323905476,2.4,37.440576304257696,32.95733333333333
2023-05-01,MADURO DISTRIBUTORS,33.231705373859704,33.252747252747255,6.5,6.5,216.00608493008806,216.14285714285717
2023-05-01,MNGO,40.800000000000004,40.800000000000004,1.4126134333064713,2.230769230769231,57.634628078904036,91.01538461538463
2023-05-01,NICOTEK,16.32,16.32,9.995843,9.995843,163.13215776,163.13215776
2023-05-01,NJOY,31.090303899764653,29.210175438596494,3.3745832308192085,2.261111111111111,104.91681818121884,66.0474522417154
2023-05-01,PACHA,14.601145292310099,17.534274890433068,7.418342474885943,6.498105625,108.31629630392493,113.93957029581938
2023-05-01,POP,44.94812164579608,63.75000000000001,3.3475849731663705,2.0916666666666663,150.467656593521,133.34375
2023-05-01,POSH,20.400000000000002,20.400000000000002,5,5,102.00000000000001,102.00000000000001
2023-05-01,PUUR VAPOR,8.715736040609139,8.793103448275863,11.746192893401016,11.655172413793103,102.37671674096218,102.48513674197385
2023-05-01,SAVAGE,12.71090670170828,11.333333333333336,12.495400788436267,12.333333333333334,158.82787362226549,139.7777777777778
2023-05-01,SHENZEN HQD TECHNOLOGY,11.332470774476377,13.187878787878791,13.521432050657575,11.954545454545455,153.23123354314515,157.65509641873282
2023-05-01,SHENZHEN GOLDREAMS TECHNOLOGY,10.200000000000001,10.200000000000001,10,10,102.00000000000001,102.00000000000001
2023-05-01,STAGBAR,16.233247422680414,15.474358974358978,13,13,211.0322164948454,201.1666666666667
2023-05-01,STICK,45.259960344846476,45.657142857142865,1.3999999999999995,1.4,63.363944482785044,63.92000000000001
2023-05-01,SWITCH MODS,78.43435746112992,78.44124551336323,1.3004507793573663,1.3003365454545455,102.00002128872066,102.00001821199861
2023-05-01,VUSE,27.87395794137141,23.423829787234045,5.826693838086996,4.285106382978723,162.41301898008487,100.37360253508375
2023-05-01,ZEO,33.530139127594545,32.5344827586207,3.0442221997558065,3.137931034482759,102.0731938931241,102.09096313912013
2023-06-01,21ST CENTURY SMOKE,10.88,10.88,1.6000000000000003,1.6,17.408000000000005,17.408
2023-06-01,AVATA,15.342945662535751,16.29166666666667,12,12,184.115347950429,195.50000000000006
2023-06-01,BIDI,51.85122038765255,63.84935064935066,1.9935929648241206,1.6545454545454543,103.37022818236915,105.64165289256199
2023-06-01,BLU,19.231998872874172,22.790461538461543,2.7501077997794905,2.577240326923077,52.89007010564163,58.736496546112434
2023-06-01,BO VAPING,145.71428571428575,145.71428571428575,0.7,0.7,102.00000000000001,102.00000000000001
2023-06-01,BREEZE,34.00000000000001,34.00000000000001,6,6,204.00000000000006,204.00000000000006
2023-06-01,EPIC,22.666666666666668,22.666666666666668,1.5,1.5,34,34
2023-06-01,ESCO BARS,17.000000000000004,17.000000000000004,6,6,102.00000000000003,102.00000000000003
2023-06-01,FUME,8.657407407407408,9.031250000000002,11.851851851851851,11.5,102.60631001371743,103.85937500000001
2023-06-01,GLAS,33.13028910001022,40.35739644970414,1.8204603806994244,1.7000000000000002,60.312378707686605,68.60757396449705
2023-06-01,HYDE,17,17,1.6,1.6,27.200000000000003,27.200000000000003
2023-06-01,HYPPE,33.99865285179389,32.54700854700855,6.0003605602551655,6.388888888888889,204.00417567371088,207.93922127255465
2023-06-01,IGNITE,22.482196538884462,38.769230769230774,4.847916676498487,3.57,108.99181552517456,138.40615384615384
2023-06-01,IMIRACLE,16.187723176330557,9.965852860589704,12.798758714504336,11.454545454545455,207.18276307104452,114.15431458493661
2023-06-01,JUICY,7.846153846153848,7.846153846153848,13,13,102.00000000000001,102.00000000000001
2023-06-01,JUICY BAR,7.846153846153848,7.846153846153848,13,13,102.00000000000001,102.00000000000001
2023-06-01,JUUL,31.45134734798697,40.0935569820078,2.6878898026351528,2.0243919999999997,84.53775581579033,81.16507600592072
2023-06-01,LEAP,35.64993653482221,38.98666666666667,2.8287459615444934,2.59375,100.84461400219581,101.12166666666668
2023-06-01,LOGIC,14.08879597037363,13.732222222222223,2.6528475965240346,2.4,37.375428527923184,32.95733333333333
2023-06-01,MADURO DISTRIBUTORS,33.242937289614765,33.252747252747255,6.5,6.5,216.079092382496,216.14285714285717
2023-06-01,MNGO,40.80000000000001,40.800000000000004,1.406378115975409,2.4285714285714284,57.3802271317967,99.08571428571429
2023-06-01,NJOY,31.06530501570032,29.128421052631584,3.378216347154945,2.5705882352941174,104.94532123339333,74.87717647058824
2023-06-01,PACHA,14.161288217829869,18.419355458162727,7.556218523996561,6.220538333333334,107.0057883552203,114.57830670279381
2023-06-01,POP,43.185741088180116,56.66666666666668,3.334146341463414,2.388888888888889,143.98758065254196,135.3703703703704
2023-06-01,POSH,20.400000000000002,20.400000000000002,5,5,102.00000000000001,102.00000000000001
2023-06-01,PUUR VAPOR,8.683783783783785,8.795652173913044,11.783783783783784,11.652173913043478,102.32783053323595,102.48846880907374
2023-06-01,SAVAGE,12.220798166093573,11.220000000000002,12.435448577680525,12.1,151.9711071726691,135.76200000000003
2023-06-01,SHENZEN HQD TECHNOLOGY,11.047336386645778,13.411111111111113,13.738489815596,11.952380952380954,151.77371843739613,160.29470899470905
2023-06-01,SHENZHEN GOLDREAMS TECHNOLOGY,10.200000000000001,10.200000000000001,10,10,102.00000000000001,102.00000000000001
2023-06-01,STAGBAR,16.345710159553185,15.474358974358978,13,13,212.49423207419142,201.1666666666667
2023-06-01,STICK,45.77240353760664,45.657142857142865,1.4,1.4,64.0813649526493,63.92000000000001
2023-06-01,SWITCH MODS,78.43959023566674,78.44293659237782,1.3003639971673253,1.3003084999999999,102.0000190950187,102.0000172160299
2023-06-01,VAPIN PLUS,11.726825515144421,11.968452469691652,14.9937645,14.9937645,175.82926010666662,179.45215776
2023-06-01,VUSE,27.99538519864766,24.0125,5.78623675551894,4.354166666666667,161.98792682132597,104.55442708333334
2023-06-01,ZEO,32.93302717183316,32.55803571428572,3.100420972062764,3.1357142857142857,102.10624811706438,102.09269770408166
2023-07-01,21ST CENTURY SMOKE,10.88,10.88,1.6000000000000003,1.6,17.408000000000005,17.408
2023-07-01,AVATA,15.619900083263948,16.29166666666667,12,12,187.43880099916737,195.50000000000006
2023-07-01,BIDI,53.32371951073367,63.84935064935066,1.9519825513114475,1.6545454545454545,104.08697005597791,105.64165289256201
2023-07-01,BLU,18.9947325550177,22.372000000000003,2.735819527165279,2.4810864807692306,51.966160237299455,55.50686674776924
2023-07-01,BREEZE,34.00000000000001,34.00000000000001,6,6,204.00000000000006,204.00000000000006
2023-07-01,EPIC,22.666666666666668,22.666666666666668,1.5,1.5,34,34
2023-07-01,ESCO BARS,17.000000000000004,17.000000000000004,6,6,102.00000000000003,102.00000000000003
2023-07-01,FUME,8.576233183856504,9.10714285714286,11.928251121076233,11.428571428571429,102.29946308994752,104.08163265306125
2023-07-01,GLAS,33.204383617374276,33.47692307692308,1.8339228162961736,1.8416666666666668,60.89427671695356,61.65333333333334
2023-07-01,HYDE,16.999999999999996,17,1.6,1.6,27.199999999999996,27.200000000000003
2023-07-01,HYPPE,33.997844162541696,31.509157509157514,6.000769338073358,7,204.0132208111765,220.5641025641026
2023-07-01,IGNITE,21.68670822441183,40.97069597069598,4.928182854078692,3.4571428571428564,106.87606363295373,141.64154892726322
2023-07-01,IMIRACLE,15.972208678693322,9.639745319907265,12.821733300828864,11.692307692307692,204.79139990338996,112.71086835583878
2023-07-01,JUICY,7.846153846153847,7.846153846153847,13,13,102,102
2023-07-01,JUICY BAR,7.846153846153847,7.846153846153848,13,13,102,102.00000000000001
2023-07-01,JUUL,31.41652769694598,38.365881735634,2.685110977608009,2.064185684210526,84.35686339739571,79.1943038408098
2023-07-01,LEAP,35.64915367641825,38.98666666666667,2.823857569933803,2.59375,100.66813247088714,101.12166666666668
2023-07-01,LOGIC,14.270655485463598,13.732222222222223,2.639994303283152,2.4,37.674449185740364,32.95733333333333
2023-07-01,MADURO DISTRIBUTORS,33.24315481587185,33.25274725274726,6.5,6.5,216.080506303167,216.1428571428572
2023-07-01,MNGO,40.800000000000004,40.80000000000001,1.4041236082822046,2.4285714285714284,57.28824321791395,99.0857142857143
2023-07-01,NJOY,31.029584304958362,30.907951913169455,3.362800784150679,2.194736842105263,104.34631043258358,67.83482077785085
2023-07-01,PACHA,14.240548248565485,18.419355458162727,7.531455159399327,6.220538333333333,107.25205057933357,114.5783067027938
2023-07-01,PALAX,5.666666666666668,5.666666666666668,18,18,102.00000000000003,102.00000000000003
2023-07-01,POP,77.71428571428572,74.80000000000001,1.1999999999999997,1.2,93.25714285714285,89.76
2023-07-01,POSH,20.400000000000002,20.400000000000002,5,5,102.00000000000001,102.00000000000001
2023-07-01,PUUR VAPOR,8.778688524590166,8.823809523809526,11.672131147540984,11.619047619047619,102.46600376242948,102.52426303854878
2023-07-01,SAVAGE,12.34992425881844,10.81818181818182,12.452932265743346,12.272727272727273,153.79277028212664,132.76859504132236
2023-07-01,SHENZEN HQD TECHNOLOGY,10.440989954542905,11.69761904761905,14.005555867332623,12.821428571428573,146.23186811860936,149.98018707482998
2023-07-01,SHENZHEN GOLDREAMS TECHNOLOGY,10.200000000000001,10.200000000000001,10,10,102.00000000000001,102.00000000000001
2023-07-01,STAGBAR,16.214989392926682,15.474358974358978,13,13,210.79486210804686,201.1666666666667
2023-07-01,STICK,46.6422934449992,45.657142857142865,1.3999999999999997,1.4,65.29921082299886,63.92000000000001
2023-07-01,SWITCH MODS,78.43479625935512,78.45223752695814,1.3004435021718683,1.30015425,102.00002113965273,102.00001004268412
2023-07-01,VUSE,28.07250908953243,24.216326530612246,5.795175482232888,4.412244897959184,162.68511640041822,106.8483631820075
2023-07-01,ZEO,32.79730168539915,32.74431818181819,3.113195135491846,3.118181818181818,102.10440006424315,102.1027376033058
2023-08-01,21ST CENTURY SMOKE,10.88,10.88,1.6000000000000003,1.6,17.408000000000005,17.408
2023-08-01,AVATA,15.46637816245007,16.29166666666667,12,12,185.59653794940084,195.50000000000006
2023-08-01,BIDI,55.148932117382614,63.84935064935066,1.900405032438438,1.6545454545454545,104.80530812947973,105.64165289256201
2023-08-01,BLU,19.100693615462735,22.61408,2.725093572469396,2.48032994,52.05117740120473,56.0903796895552
2023-08-01,BREEZE,34.00000000000001,34.00000000000001,6,6,204.00000000000006,204.00000000000006
2023-08-01,ESCO BARS,17.00003044259556,17.020430734723096,5.999989408304709,5.992891666666667,102.00000259643097,102.00159751319926
2023-08-01,FUME,8.617241379310347,8.925000000000002,11.889655172413793,11.6,102.45602853745542,103.53000000000003
2023-08-01,GLAS,33.3882323852247,39.903296703296704,1.827402135231317,1.7642857142857145,61.01372715235902,70.40081632653062
2023-08-01,HYDE,17,17,1.6,1.6,27.200000000000003,27.200000000000003
2023-08-01,HYPPE,34.00000000000001,34.00000000000001,6.000241533712533,6.291666666666667,204.00821214622616,213.9166666666667
2023-08-01,IGNITE,21.107514450867058,36.175213675213676,5.003539499036609,3.755555555555555,105.61228228139935,135.85802469135803
2023-08-01,IMIRACLE,15.643125783535314,9.599685110211427,12.772147931466778,12,199.79631661785518,115.19622132253713
2023-08-01,JUICY,7.846153846153848,7.846153846153848,13,13,102.00000000000001,102.00000000000001
2023-08-01,JUICY BAR,7.846153846153848,7.846153846153848,13,13,102.00000000000001,102.00000000000001
2023-08-01,JUUL,31.404259596161012,39.338001426452244,2.6893751027018453,2.0243919999999997,84.45783387670093,79.6355353836985
2023-08-01,LEAP,35.619590815357164,38.98666666666667,2.8223603419912418,2.59375,100.53132051521953,101.12166666666668
2023-08-01,LOGIC,14.316261956274195,13.732222222222223,2.6379597472102025,2.4,37.765722771168114,32.95733333333333
2023-08-01,MADURO DISTRIBUTORS,33.22716627634661,33.25274725274726,6.5,6.5,215.97658079625296,216.1428571428572
2023-08-01,MISTIC,16.32678704537476,16.32678704537476,9.995843,9.995843,163.2,163.2
2023-08-01,MNGO,40.800000000000004,40.800000000000004,1.4007916925066304,1.7272727272727273,57.152301054270524,70.47272727272728
2023-08-01,NJOY,30.87314119711974,28.771047802195138,3.362574108307449,2.2168778529411766,103.81322523155488,63.78189867859832
2023-08-01,PACHA,14.674916211221058,18.419355458162727,7.3948379452127995,6.220538333333333,108.51862724155593,114.5783067027938
2023-08-01,PALAX,5.666666666666668,5.666666666666668,18,18,102.00000000000003,102.00000000000003
2023-08-01,POP,85.00000000000003,85.00000000000001,1.2000000000000002,1.2,102.00000000000004,102.00000000000001
2023-08-01,PUUR VAPOR,8.63709677419355,8.712500000000002,11.838709677419354,11.75,102.25208116545267,102.37187500000003
2023-08-01,SAVAGE,12.804444444444448,11.333333333333336,12.50640522875817,12.333333333333334,160.13757095134355,139.7777777777778
2023-08-01,SHENZEN HQD TECHNOLOGY,9.456204690831557,11.69761904761905,14.259701492537314,12.821428571428573,134.8426561435891,149.98018707482998
2023-08-01,STAGBAR,15.989820286217297,15.474358974358978,13,13,207.86766372082485,201.1666666666667
2023-08-01,STICK,48.61744645842733,45.657142857142865,1.3999999999999997,1.4,68.06442504179824,63.92000000000001
2023-08-01,SWITCH MODS,78.44292335241985,78.45223752695814,1.3003087195761622,1.30015425,102.0000172241961,102.00001004268412
2023-08-01,VUSE,28.188883596992333,24.967826086956524,5.790776824426138,4.291304347826087,163.23553383990932,107.14454064272213
2023-08-01,ZEO,32.700050300756615,32.78571428571429,3.122348206987614,3.1142857142857143,102.1009434249722,102.10408163265308
2023-09-01,21ST CENTURY SMOKE,8.832616648140366,7.616904939383302,5.801865092285422,8.29688225,51.24565020438466,63.196563391506636
2023-09-01,AIRIS,6.375000000000001,6.375000000000001,16,16,102.00000000000001,102.00000000000001
2023-09-01,AVATA,15.65303907380608,16.29166666666667,12,12,187.83646888567296,195.50000000000006
2023-09-01,BIDI,55.78162442216219,63.84935064935066,1.8825261841488197,1.6545454545454543,105.0103685690756,105.64165289256199
2023-09-01,BLU,19.09514058143346,22.752296296296297,2.729265212331544,2.5188240185185187,52.11570291348667,57.30903038756105
2023-09-01,BO VAPING,145.71428571428578,145.71428571428578,0.7,0.6999999999999998,102.00000000000004,102.00000000000003
2023-09-01,BREEZE,34.00000000000001,34.00000000000001,6,6,204.00000000000006,204.00000000000006
2023-09-01,CUE,20.408483806718454,20.408483806718454,4.9979215,4.9979215,102.00000000000001,102.00000000000001
2023-09-01,ESCO BARS,17.002611409402924,17.014421695098655,5.999091429223797,5.994982352941176,102.00022038057182,102.00115780761593
2023-09-01,FINITI,10.88,10.88,1.75,1.75,19.040000000000003,19.040000000000003
2023-09-01,FUME,9.35611510791367,9.066666666666668,11.194244604316546,11.466666666666667,104.73464106412712,103.96444444444447
2023-09-01,GLAS,33.20871355280721,33.42937062937063,1.8253815596905705,1.7727272727272727,60.61857334034061,59.26115702479339
2023-09-01,HYDE,17,17,1.6000000000000003,1.6,27.200000000000006,27.200000000000003
2023-09-01,HYPPE,33.99696179262746,32.52763532763534,6.000957418289668,6.481481481481482,204.01432006877818,210.82726601245128
2023-09-01,IGNITE,21.005368057401018,37.87545787545788,5.014378952963061,3.642857142857143,105.32887548627424,137.97488226059656
2023-09-01,IMIRACLE,14.390582866625184,10.20678699955016,12.100705247873885,10.84375,174.1362016141354,110.67984652637205
2023-09-01,JUICY,7.846153846153848,7.846153846153848,13,13,102.00000000000001,102.00000000000001
2023-09-01,JUICY BAR,7.846153846153847,7.846153846153848,13,13,102,102.00000000000001
2023-09-01,JUUL,31.44187391931036,33.24301586317581,2.690226931664848,2.1021697777777777,84.58577599973931,69.88246326975543
2023-09-01,LEAP,35.3903733121525,40.693333333333335,2.8373662570667664,2.5294117647058822,100.41545106089771,102.93019607843138
2023-09-01,LOGIC,14.396416389564727,20.513333333333335,2.6337018569009385,2.2285714285714286,37.91586857791573,45.715428571428575
2023-09-01,MADURO DISTRIBUTORS,33.21627853851757,33.41880341880343,6.5,6.5,215.90581050036423,217.22222222222229
2023-09-01,MNGO,40.800000000000004,40.800000000000004,1.4007671522456253,1.9999999999999998,57.15129981162152,81.6
2023-09-01,NJOY,29.983667577498537,29.928947368421056,3.3661012096124896,2.1687499999999997,100.9280597012366,64.90840460526316
2023-09-01,PACHA,15.905872642244166,18.419355458162727,7.008833798047545,6.220538333333334,111.48161776240072,114.57830670279381
2023-09-01,PALAX,5.666666666666667,5.666666666666668,18,18,102,102.00000000000003
2023-09-01,POP,74.8,74.80000000000001,1.2,1.2,89.75999999999999,89.76
2023-09-01,PUUR VAPOR,8.759541984732826,8.818750000000001,11.694656488549619,11.625,102.43983450847854,102.51796875000002
2023-09-01,SAVAGE,13.03205361695928,11.050000000000002,12.533182778465797,12.3,163.33310996011693,135.91500000000005
2023-09-01,SHENZEN HQD TECHNOLOGY,8.369124576606227,11.697619047619048,14.584427657096454,12.821428571428573,122.0588919407415,149.98018707482996
2023-09-01,SHENZHEN GOLDREAMS TECHNOLOGY,10.200000000000001,10.200000000000001,10,10,102.00000000000001,102.00000000000001
2023-09-01,STAGBAR,16.111952662721897,15.474358974358978,13,13,209.45538461538467,201.1666666666667
2023-09-01,STICK,47.9048959485272,45.657142857142865,1.4000000000000001,1.4,67.06685432793809,63.92000000000001
2023-09-01,SWITCH MODS,78.44513702150383,78.4392162185457,1.300272007302438,1.3003702,102.00001577806557,102.0000192819535
2023-09-01,VUSE,28.240789354271634,24.537872340425533,5.769182108325131,4.465957446808511,162.92625666764275,109.58509370755999
2023-09-01,ZEO,32.61496765168736,32.881578947368425,3.1303559857235426,3.105263157894737,102.09645921263923,102.10595567867038
2023-10-01,21ST CENTURY SMOKE,10.88,10.88,1.6000000000000003,1.6,17.408000000000005,17.408
2023-10-01,AIRIS,6.375000000000001,6.375000000000001,16,16,102.00000000000001,102.00000000000001
2023-10-01,AVATA,15.689136760426772,16.29166666666667,12,12,188.26964112512127,195.50000000000006
2023-10-01,BIDI,56.515527341470836,63.84935064935066,1.8617872896585528,1.6545454545454545,105.21989047270083,105.64165289256201
2023-10-01,BLU,18.90673577192312,22.876333333333335,2.7200609661064816,2.5211770208333335,51.427473969697175,57.67528592092362
2023-10-01,BO VAPING,145.71428571428575,145.71428571428575,0.7,0.7,102.00000000000001,102.00000000000001
2023-10-01,BREEZE,34.00000000000001,34.00000000000001,6,6,204.00000000000006,204.00000000000006
2023-10-01,DUO XTRA,17.000000000000004,17.000000000000004,6.5,6.5,110.50000000000003,110.50000000000003
2023-10-01,EPIC,22.666666666666668,22.666666666666668,1.5,1.5,34,34
2023-10-01,ESCO BARS,17.004679917697604,17.012258440833858,5.998371746517294,5.995735,102.00039157688734,102.00099336275298
2023-10-01,FUME,8.500000000000002,8.500000000000002,12,12,102.00000000000003,102.00000000000003
2023-10-01,GLAS,33.13738626964433,33.47692307692308,1.7954142947501583,1.8416666666666668,59.495336999177056,61.65333333333334
2023-10-01,HYDE,16.999999999999996,17,1.6,1.6,27.199999999999996,27.200000000000003
2023-10-01,HYPPE,33.998007238413415,31.558974358974364,6.000420042883448,6.481481481481482,204.00232405147239,204.54890788224125
2023-10-01,IGNITE,21.064382222364696,32.17194570135747,5.013698652092382,4.052941176470588,105.6104647554286,130.39100346020763
2023-10-01,IMIRACLE,14.183978275627972,10.20678699955016,11.97980312287848,10.84375,169.92126724120848,110.67984652637205
2023-10-01,JUICY,7.846153846153847,7.846153846153847,13,13,102,102
2023-10-01,JUICY BAR,7.846153846153847,7.846153846153848,13,13,102,102.00000000000001
2023-10-01,JUUL,31.440126947517467,40.0935569820078,2.689988644530539,2.0243919999999997,84.57358447142059,81.16507600592072
2023-10-01,LEAP,35.12996230777568,38.98666666666667,2.8503058730024926,2.59375,100.13113788420921,101.12166666666668
2023-10-01,LOGIC,14.427284489968612,13.732222222222223,2.6325515836703364,2.4,37.98057063212935,32.95733333333333
2023-10-01,MADURO DISTRIBUTORS,33.2538700406075,33.346153846153854,6.5,6.5,216.15015526394876,216.75000000000006
2023-10-01,MISTIC,16.32678704537476,16.32678704537476,9.995843,9.995843,163.2,163.2
2023-10-01,MNGO,40.80000000000001,40.80000000000001,1.401157146989811,1.9999999999999998,57.167211597184306,81.60000000000001
2023-10-01,NJOY,29.610153151586246,30.003508771929827,3.3706307642450124,2.0388888888888888,99.80489314674301,61.17382066276803
2023-10-01,PACHA,16.757418229073725,17.534274890433068,6.741501731434817,6.498105625,112.97016400567789,113.93957029581938
2023-10-01,PALAX,5.666666666666667,5.666666666666667,18,18,102,102
2023-10-01,POP,85.00000000000001,85.00000000000001,1.2,1.2,102.00000000000001,102.00000000000001
2023-10-01,PUUR VAPOR,8.846938775510205,8.87777777777778,11.591836734693878,11.555555555555555,102.55226988754687,102.58765432098768
2023-10-01,SAVAGE,12.78362341772152,11.050000000000002,12.503955696202532,12.3,159.84586085212706,135.91500000000005
2023-10-01,SHENZEN HQD TECHNOLOGY,8.312924643347982,11.697619047619048,14.58688372273088,12.821428571428573,121.25966516834109,149.98018707482996
2023-10-01,SHENZHEN GOLDREAMS TECHNOLOGY,10.200000000000003,10.200000000000003,10,10,102.00000000000003,102.00000000000003
2023-10-01,STAGBAR,16.276216864620118,15.474358974358978,13,13,211.59081924006153,201.1666666666667
2023-10-01,STICK,48.18162618796199,45.657142857142865,1.3999999999999997,1.4,67.45427666314677,63.92000000000001
2023-10-01,SWITCH MODS,78.43481183808059,78.44124551336323,1.3004432438087563,1.3003365454545455,102.00002113424297,102.00001821199861
2023-10-01,VUSE,28.125679798749978,24.004,5.896651061455661,4.390000000000001,165.84731963946112,105.37756000000002
2023-10-01,ZEO,32.602091910537446,32.78571428571429,3.1315678201847117,3.1142857142857143,102.09566189774337,102.10408163265308
2023-11-01,21ST CENTURY SMOKE,10.88,10.88,1.6000000000000003,1.6,17.408000000000005,17.408
2023-11-01,AIRIS,6.375000000000001,6.375000000000001,16,16,102.00000000000001,102.00000000000001
2023-11-01,AVATA,15.6027397260274,16.29166666666667,12,12,187.2328767123288,195.50000000000006
2023-11-01,BIDI,56.00248530807965,63.84935064935066,1.8762850172457297,1.6545454545454545,105.07662411207394,105.64165289256201
2023-11-01,BLU,18.94886377686283,23.161391304347827,2.725147288053044,2.587315152173913,51.638444733204295,59.92581866716824
2023-11-01,BO VAPING,145.71428571428572,145.71428571428572,0.7,0.7,102,102
2023-11-01,BREEZE,34.00000000000001,34.00000000000001,6,6,204.00000000000006,204.00000000000006
2023-11-01,DUO XTRA,17.000000000000004,17.000000000000004,6.5,6.5,110.50000000000003,110.50000000000003
2023-11-01,ESCO BARS,17.001537483326086,17.0136204898154,5.999465073374777,5.995261111111111,102.00013032488695,102.00109728179342
2023-11-01,FUME,8.500000000000002,8.500000000000002,12,12,102.00000000000003,102.00000000000003
2023-11-01,GLAS,33.35670011148271,33.42937062937063,1.76768968456948,1.7727272727272727,58.96429469834561,59.26115702479339
2023-11-01,HELO,23.181818181818183,23.181818181818183,4.4,4.4,102.00000000000001,102.00000000000001
2023-11-01,HYDE,17,17,1.6,1.6,27.200000000000003,27.200000000000003
2023-11-01,HYPPE,33.99967280950778,33.45600000000001,5.999975941875571,5.96,203.99721888868768,199.39776000000006
2023-11-01,IGNITE,21.417803302225416,31.730769230769237,4.99189997607083,4.14375,106.91553179186879,131.48437500000003
2023-11-01,IMIRACLE,14.039201045361212,10.026118983355827,12.17855142803808,11.0625,170.9771319394975,110.91394125337384
2023-11-01,JUICY,7.846153846153848,7.846153846153848,13,13,102.00000000000001,102.00000000000001
2023-11-01,JUICY BAR,7.846153846153848,7.846153846153848,13,13,102.00000000000001,102.00000000000001
2023-11-01,JUUL,31.43400813413029,33.48907544126865,2.6890651793852482,2.0009299047619047,84.52809672200243,67.00929253326193
2023-11-01,LEAP,34.99262292791362,38.98666666666667,2.8537281676722768,2.59375,99.85943371012185,101.12166666666668
2023-11-01,LOGIC,14.247784840977753,13.732222222222223,2.642175699501148,2.4,37.64515087855224,32.95733333333333
2023-11-01,MADURO DISTRIBUTORS,33.26058879392213,33.53846153846155,6.5,6.5,216.19382716049387,218.00000000000006
2023-11-01,MNGO,40.800000000000004,40.800000000000004,1.4000000000000001,1.4,57.12000000000001,57.120000000000005
2023-11-01,NJOY,29.289043195932717,29.43684210526316,3.38821153629084,2.0388888888888888,99.23747404337996,60.01845029239766
2023-11-01,PACHA,18.780242727773295,17.534274890433068,6.1072452481923545,6.498105625,114.69554815909248,113.93957029581938
2023-11-01,PALAX,5.666666666666668,5.666666666666668,18,18,102.00000000000003,102.00000000000003
2023-11-01,POP,85.00000000000001,85.00000000000001,1.1999999999999997,1.2,102,102.00000000000001
2023-11-01,PUUR VAPOR,8.840000000000002,8.742857142857144,11.6,11.714285714285714,102.54400000000001,102.41632653061225
2023-11-01,SAVAGE,13.198696117544033,11.333333333333336,12.552787778534592,12.333333333333334,165.6804313168987,139.7777777777778
2023-11-01,SHENZEN HQD TECHNOLOGY,8.353612441288414,11.69761904761905,14.559681106823973,12.821428571428573,121.62593323515661,149.98018707482998
2023-11-01,STAGBAR,16.20355411954766,15.474358974358978,13,13,210.6462035541196,201.1666666666667
2023-11-01,STICK,46.82468418885831,45.657142857142865,1.3999999999999997,1.4,65.55455786440163,63.92000000000001
2023-11-01,SWITCH MODS,78.4302967009062,78.44124551336323,1.3005181244460877,1.3003365454545455,102.00002236521271,102.00001821199861
2023-11-01,V2 CIGS,12.24,12.24,1,1,12.24,12.24
2023-11-01,VUSE,28.086304191362988,24.404444444444447,5.942625919725175,4.644444444444445,166.9063992768795,113.3450864197531
2023-11-01,ZEO,32.59323712082571,32.74431818181819,3.1324012121575806,3.118181818181818,102.09509546541392,102.1027376033058
2023-12-01,21ST CENTURY SMOKE,10.88,10.88,1.6000000000000003,1.6,17.408000000000005,17.408
2023-12-01,AIRIS,6.375000000000001,6.375000000000001,16,16,102.00000000000001,102.00000000000001
2023-12-01,AVATA,15.889595375722546,16.29166666666667,12,12,190.67514450867054,195.50000000000006
2023-12-01,BIDI,56.14936931651511,63.84935064935066,1.872134315738616,1.6545454545454545,105.11916110452887,105.64165289256201
2023-12-01,BLU,18.88991669571057,22.876333333333335,2.7414329958017576,2.5211770208333335,51.78544091756747,57.67528592092362
2023-12-01,BO VAPING,145.71428571428575,145.71428571428575,0.7000000000000001,0.7,102.00000000000003,102.00000000000001
2023-12-01,BREEZE,34.00000000000001,34.00000000000001,6,6,204.00000000000006,204.00000000000006
2023-12-01,EPIC,22.666666666666668,22.666666666666668,1.5,1.5,34,34
2023-12-01,ESCO BARS,17.000694920105754,17.012258440833858,5.999758220944147,5.995735,102.0000591086679,102.00099336275298
2023-12-01,FUME,8.500000000000002,8.500000000000002,12,12,102.00000000000003,102.00000000000003
2023-12-01,GLAS,33.06227042467252,34.941538461538464,1.8091383812010446,1.9500000000000002,59.81422239492321,68.13600000000001
2023-12-01,HYDE,17,17,1.6000000000000003,1.6,27.200000000000006,27.200000000000003
2023-12-01,HYPPE,33.99832455493622,32.47100591715977,6.0003165150742674,6.230769230769231,204.0007083118388,202.31934456076473
2023-12-01,IGNITE,21.405101334478264,32.56410256410257,5.006800318942931,3.9722222222222223,107.17106818847152,129.35185185185188
2023-12-01,IMIRACLE,14.494453248811414,9.862105955223365,12.373019017432647,11.423076923076923,179.34014569483205,112.65559495005152
2023-12-01,JAK,81.60000000000001,81.60000000000001,1.25,1.25,102.00000000000001,102.00000000000001
2023-12-01,JUICY,7.846153846153848,7.846153846153848,13,13,102.00000000000001,102.00000000000001
2023-12-01,JUICY BAR,7.846153846153848,7.846153846153848,13,13,102.00000000000001,102.00000000000001
2023-12-01,JUUL,31.442302482445932,33.41067668240716,2.6921828614614896,2.138897684210526,84.64842786812899,71.46201898390729
2023-12-01,LEAP,34.83331564986737,38.98666666666667,2.8673818685063064,2.59375,99.88041771438667,101.12166666666668
2023-12-01,LOGIC,14.073964763615336,13.732222222222223,2.653114321241614,2.4,37.3398374709977,32.95733333333333
2023-12-01,MADURO DISTRIBUTORS,33.218097112968096,33.439560439560445,6.5,6.5,215.91763123429263,217.3571428571429
2023-12-01,MNGO,40.800000000000004,40.800000000000004,1.3999999999999997,1.4,57.11999999999999,57.120000000000005
2023-12-01,NJOY,28.974359434957027,29.928947368421056,3.414589941171621,2.2312499999999997,98.93555627849531,66.77896381578947
2023-12-01,PACHA,19.19589446597284,17.534274890433068,5.977271520623011,6.498105625,114.73907330434433,113.93957029581938
2023-12-01,PALAX,5.666666666666667,5.666666666666668,18,18,102,102.00000000000003
2023-12-01,POP,85.00000000000001,85.00000000000001,1.2,1.2,102.00000000000001,102.00000000000001
2023-12-01,PUUR VAPOR,8.869565217391306,9.137500000000001,11.565217391304348,11.25,102.57844990548206,102.79687500000001
2023-12-01,SAVAGE,13.222543844713096,11.333333333333336,12.555593393495657,12.333333333333334,166.0168841418864,139.7777777777778
2023-12-01,SHENZEN HQD TECHNOLOGY,7.926428695546862,11.69761904761905,14.796367772272275,12.821428571428573,117.28235410000376,149.98018707482998
2023-12-01,STAGBAR,16.253328862917908,15.474358974358978,13,13,211.2932752179328,201.1666666666667
2023-12-01,STICK,46.65231868756599,45.657142857142865,1.4,1.4,65.31324616259238,63.92000000000001
2023-12-01,SWITCH MODS,78.43258544132301,78.4509088220181,1.300480167162737,1.3001762857142858,102.0000218257374,102.00001124312159
2023-12-01,V2 CIGS,12.24,12.24,1,1,12.24,12.24
2023-12-01,VUSE,28.13040956112665,24.219574468085106,5.962054911007851,4.691489361702128,167.71504647257734,113.62587596197375
2023-12-01,ZEO,32.57184275014669,32.70652173913044,3.1344147999861947,3.121739130434783,102.09366597888284,102.10122873345937
