"category","upc","brand","brand_filled","brand_source","pfx_brand_conf","pfx","product_descr","num_cartridges_f","nic_mg_per_ml_f","total_units","cum_unit_share","years"
"bare UPC (needs barcode lookup)","081068701482",NA,"NJOY","prefix",1,"08106870",NA,NA,NA,2928816,0.074,"2019;2020"
"bare UPC (needs barcode lookup)","081991301158",NA,"JUUL","prefix",1,"08199130",NA,NA,NA,2377287,0.1341,"2017;2018;2019;2020"
"hardware/device (exclude)","084920502114","VUSE","VUSE","raw",1,"08492050","ELCT VAPOR DEVICE","0",NA,2145418,0.1883,"2020;2021;2022;2023"
"bare UPC (needs barcode lookup)","084920501991",NA,"VUSE","prefix",1,"08492050",NA,NA,NA,1838505,0.2347,"2020"
"bare UPC (needs barcode lookup)","084004820296",NA,"JUUL","prefix",1,"08400482",NA,NA,NA,1754954,0.2791,"2019;2020"
"hardware/device (exclude)","084920502117","VUSE","VUSE","raw",1,"08492050","VUSE ALTO SMOKING ALTERNATIVE PRODUCT ELECTRONIC VAPOR DEVICE BOX 1 COUNT","0",NA,1714546,0.3224,"2020;2021;2022;2023"
"bare UPC (needs barcode lookup)","084920501622",NA,"VUSE","prefix",1,"08492050",NA,NA,NA,1566972,0.362,"2019;2020"
"bare UPC (needs barcode lookup)","081991301543",NA,"JUUL","prefix",1,"08199130",NA,NA,NA,1406027,0.3975,"2018;2019;2020"
"bare UPC (needs barcode lookup)","081991301137",NA,"JUUL","prefix",1,"08199130",NA,NA,NA,1351013,0.4317,"2017;2018;2019;2020"
"bare UPC (needs barcode lookup)","084920501967",NA,"VUSE","prefix",1,"08492050",NA,NA,NA,938213,0.4554,"2020"
"e-liquid (impute mL)","081536802035","NJOY","NJOY","raw",1,"08153680","ELCT CGRTT","1",NA,640262,0.4716,"2018;2019;2020;2021"
"e-liquid (impute mL)","088796901130","BLU","BLU","raw",1,"08879690","BLU ANTISMOKING PRODUCT ELECTRONIC CIGARETTE LIQUID PO GOLD LEAF BOX IN WRAP 2 COUNT","2",NA,460117,0.4832,"2021;2022;2023"
"hardware/device (exclude)","084920502120","VUSE","VUSE","raw",1,"08492050","ELCT VAPOR DEVICE","0",NA,414106,0.4937,"2020;2021;2022;2023"
"e-liquid (impute mL)","088796900560","BLU","BLU","raw",1,"08879690","BLECGS+ ECGT CT","1",NA,372082,0.5031,"2016;2017;2018;2019;2020;2021;2022;2023"
"bare UPC (needs barcode lookup)","088796901108",NA,"BLU","prefix",1,"08879690",NA,NA,NA,363985,0.5123,"2019;2020"
"bare UPC (needs barcode lookup)","084920501532",NA,"VUSE","prefix",1,"08492050",NA,NA,NA,332406,0.5207,"2018;2019;2020"
"e-liquid (impute mL)","088796900752","BLU","BLU","raw",1,"08879690","BLU ECIGS PLUS+ SMOKING ALTERNATIVE PRODUCT ELECTRONIC CIGARETTE TANK GLACIER MINT BOX 3 COUNT","3",NA,309243,0.5285,"2018;2019;2020;2021;2022;2023"
"e-liquid (impute mL)","088796900918","BLU","BLU","raw",1,"08879690","ELCT CGRTT LIQUID POD","1",NA,307172,0.5362,"2018;2019;2020"
"bare UPC (needs barcode lookup)","081991301269",NA,"JUUL","prefix",1,"08199130",NA,NA,NA,301672,0.5438,"2019;2020"
"e-liquid (impute mL)","084920501667","VUSE","VUSE","raw",1,"08492050","ELCT CGRTT CARTRIDGE","2",NA,292191,0.5512,"2018;2019;2020"
"e-liquid (impute mL)","088796900912","BLU","BLU","raw",1,"08879690","MY BLU SMOKING ALTERNATIVE PRODUCT ELECTRONIC CIGARETTE LIQUID PO VIVID VANILLA BOX 2 COUNT","2",NA,281276,0.5583,"2018;2019;2020;2022"
"bare UPC (needs barcode lookup)","084920501793",NA,"VUSE","prefix",1,"08492050",NA,NA,NA,268658,0.5651,"2019;2020"
"hardware/device (exclude)","081990502638",NA,"GLAS","prefix",1,"08199050","ELCT VAPOR DEVICE","1",NA,263815,0.5718,"2019;2020;2021;2022;2023"
"e-liquid (impute mL)","084920501805","VUSE","VUSE","raw",1,"08492050","ELCT CGRTT LIQUID POD","1",NA,252493,0.5782,"2019;2020"
"e-liquid (impute mL)","081505802252","LOGIC","LOGIC","raw",1,"08150580","LP ECGLC BERRY MINT","2",NA,240568,0.5843,"2017;2018;2019;2020"
"bare UPC (needs barcode lookup)","085570400807",NA,"HAUS","prefix",0.768,"08557040",NA,NA,NA,236707,0.5902,"2014;2015;2016;2017;2018;2019;2020"
"bare UPC (needs barcode lookup)","084920501535",NA,"VUSE","prefix",1,"08492050",NA,NA,NA,232346,0.5961,"2018;2019;2020"
"e-liquid (impute mL)","072153501247","BIDI","BIDI","raw",1,"07215350","BIDI STICK SMOKING ALTERNATIVE PRODUCT STICK JUNGLE JUICE CLASS A NICOTINE BOX 2 COUNT","2",NA,231822,0.602,"2021;2022;2023"
"e-liquid (impute mL)","072153501249","BIDI","BIDI","raw",1,"07215350","BIDI STICK SMOKING ALTERNATIVE PRODUCT LUSH IC BOX 1 COUNT","1",NA,231654,0.6078,"2021;2022;2023"
"e-liquid (impute mL)","072153501203","BIDI","BIDI","raw",1,"07215350","BIDI STICK SMOKING ALTERNATIVE PRODUCT TOBACCO LEAF 500 PUFFS BOX 1 COUNT","1",NA,230538,0.6136,"2021;2022;2023"
"e-liquid (impute mL)","081505802237","LOGIC","LOGIC","raw",1,"08150580","LOGIC POWER ECLE CHERRY","2",NA,227267,0.6194,"2017;2018;2019;2020"
"bare UPC (needs barcode lookup)","036586038660",NA,"21ST CENTURY SMOKE","prefix",0.949,"03658603",NA,NA,NA,220681,0.625,"2018;2019;2020"
"e-liquid (impute mL)","072153501252","BIDI","BIDI","raw",1,"07215350","BIDI STICK SMOKING ALTERNATIVE PRODUCT KICK START BOX 1 COUNT","1",NA,219539,0.6305,"2021;2022;2023"
"e-liquid (impute mL)","072153501248","BIDI","BIDI","raw",1,"07215350","BIDI STICK SMOKING ALTERNATIVE PRODUCT DRAGON VENOM BOX 1 COUNT","1",NA,206935,0.6357,"2021;2022;2023"
"e-liquid (impute mL)","088796901132","BLU","BLU","raw",1,"08879690","BLU ANTISMOKING PRODUCT ELECTRONIC CIGARETTE LIQUID PO GOLD LEAF BOX IN WRAP 2 COUNT","2",NA,205167,0.6409,"2021;2022;2023"
"e-liquid (impute mL)","088796900511","BLU","BLU","raw",1,"08879690","BL-EGS E-CG TANK CAROLINA","3",NA,202476,0.646,"2016;2017;2018;2019;2020;2021;2022;2023"
"bare UPC (needs barcode lookup)","085570400806",NA,"HAUS","prefix",0.768,"08557040",NA,NA,NA,199899,0.6511,"2014;2015;2016;2017;2018;2019;2020"
"e-liquid (impute mL)","088796900998","BLU","BLU","raw",1,"08879690","ELCT CGRTT LIQUID POD","2",NA,198832,0.6561,"2019;2020"
"e-liquid (impute mL)","081536802030","NJOY","NJOY","raw",1,"08153680","NJOY E-CG TANK APPLE CRISP","1",NA,193673,0.661,"2017;2018;2019;2020"
"e-liquid (impute mL)","072153501250","BIDI","BIDI","raw",1,"07215350","BIDI STICK SMOKING ALTERNATIVE PRODUCT STICK BLAZING VIBE CLASS A NICOTINE BOX 2 COUNT","1",NA,187333,0.6657,"2021;2022;2023"
"bare UPC (needs barcode lookup)","084920502165",NA,"VUSE","prefix",1,"08492050",NA,NA,NA,182522,0.6704,"2020"
"e-liquid (impute mL)","081505802245","LOGIC","LOGIC","raw",1,"08150580","LP ECGLC CHERRY","2",NA,181527,0.6749,"2017;2018;2019;2020"
"e-liquid (impute mL)","085438400415","LOGIC","LOGIC","raw",1,"08543840","LOGIC E-CG TOB","1",NA,181440,0.6795,"2013;2014;2015;2016;2017;2018;2019;2020;2022"
"e-liquid (impute mL)","081536802039","NJOY","NJOY","raw",1,"08153680","NJOY E-CG TANK APPLE MELON","1",NA,179326,0.6841,"2017;2018;2019;2020"
"e-liquid (impute mL)","084920501538","VUSE","VUSE","raw",1,"08492050","ELCT CGRTT TANK","2",NA,174363,0.6885,"2018;2019;2020"
"bare UPC (needs barcode lookup)","084920501712",NA,"VUSE","prefix",1,"08492050",NA,NA,NA,172285,0.6928,"2019;2020"
"e-liquid (impute mL)","088796901082","BLU","BLU","raw",1,"08879690","ELCT CGRTT LIQUID POD","1",NA,171196,0.6971,"2019;2020"
"e-liquid (impute mL)","088886130602","LEAP","LEAP","raw",1,"08888613","ELCT CGRTT","1",NA,170228,0.7014,"2019;2020;2021;2022;2023"
"e-liquid (impute mL)","085962600205","FINITI","FINITI","raw",1,"08596260","FINITI MIDNIGHT E-CG CMT","1",NA,169046,0.7057,"2013;2014;2015;2016;2017;2018;2019;2020"
"e-liquid (impute mL)","081536802027","NJOY","NJOY","raw",1,"08153680","NJOY E-CG TANK ICED FRUIT","1",NA,166973,0.7099,"2016;2017;2018;2019;2020"
"e-liquid (impute mL)","072153501245","BIDI","BIDI","raw",1,"07215350","BIDI STICK SMOKING ALTERNATIVE PRODUCT FRUITY MANGO BOX 1 COUNT","1",NA,164493,0.7141,"2021;2022;2023"
"e-liquid (impute mL)","072153501246","BIDI","BIDI","raw",1,"07215350","BIDI STICK SMOKING ALTERNATIVE PRODUCT STICK JUNGLE JUICE CLASS A NICOTINE BOX 2 COUNT","2",NA,159944,0.7181,"2021;2022;2023"
"e-liquid (impute mL)","036586038657","21ST CENTURY SMOKE","21ST CENTURY SMOKE","raw",0.949,"03658603","ELCT CGRTT A&C","1",NA,159034,0.7221,"2018;2019;2020;2021"
"e-liquid (impute mL)","081764101760","KRAVE","KRAVE","raw",0.999,"08176410","KRAVE 500 E-CG MN","1",NA,156615,0.7261,"2013;2014;2015;2016;2017;2018;2019"
"e-liquid (impute mL)","009710000218","MARKTEN","MARKTEN","raw",1,"00971000","MARKTEN EVCC CREAM","2",NA,152653,0.73,"2017;2018;2019;2020"
"e-liquid (impute mL)","081505802233","LOGIC","LOGIC","raw",1,"08150580","LOGIC POWER ECLE MN","1",NA,150277,0.7338,"2017;2018;2019;2020;2021;2022;2023"
"e-liquid (impute mL)","081764101759","KRAVE","KRAVE","raw",0.999,"08176410","KRAVE 500 E-CG TOB RFL","1",NA,149034,0.7375,"2013;2014;2015;2016;2017;2018;2019;2020;2021"
"e-liquid (impute mL)","088796901056","BLU","BLU","raw",1,"08879690","ELCT CGRTT LIQUID POD","2",NA,148041,0.7413,"2020"
"bare UPC (needs barcode lookup)","009700000500","MARLBORO","MARLBORO","raw",1,"00970000",NA,"20",NA,146904,0.745,"2021;2022"
"e-liquid (impute mL)","084920501787","VUSE","VUSE","raw",1,"08492050","ELCT VAPOR CGRTT CARTRIDGE","2",NA,139932,0.7485,"2019;2020"
"e-liquid (impute mL)","088796900906","BLU","BLU","raw",1,"08879690","ELCT CGRTT LIQUID POD","2",NA,139225,0.752,"2019;2020"
"bare UPC (needs barcode lookup)","088796900870",NA,"BLU","prefix",1,"08879690",NA,NA,NA,135600,0.7555,"2019;2020"
"bare UPC (needs barcode lookup)","085962600262",NA,"FINITI","prefix",1,"08596260",NA,NA,NA,135214,0.7589,"2013;2014;2015;2016;2017;2018;2019"
"e-liquid (impute mL)","081990502849",NA,"GLAS","prefix",1,"08199050","ELCT CGRTT LIQUID POD","1",NA,134492,0.7623,"2019;2020"
"e-liquid (impute mL)","088796901070","BLU","BLU","raw",1,"08879690","ELCT CGRTT LIQUID POD","2",NA,131602,0.7656,"2019;2020"
"e-liquid (impute mL)","081536802175","NJOY","NJOY","raw",1,"08153680","ELCT CGRTT LIQUID POD","1",NA,130484,0.7689,"2018;2019;2020"
"e-liquid (impute mL)","009710000289",NA,"MARKTEN","prefix",1,"00971000","ELCT CGRTT LIQUID POD","1",NA,129487,0.7722,"2018;2019;2020"
"e-liquid (impute mL)","081990502787",NA,"GLAS","prefix",1,"08199050","ELCT CGRTT LIQUID POD","1",NA,128956,0.7754,"2019;2020"
"e-liquid (impute mL)","081536802174","NJOY","NJOY","raw",1,"08153680","ELCT CGRTT LIQUID POD","1",NA,126382,0.7786,"2018;2019;2020;2021"
"bare UPC (needs barcode lookup)","084920501544",NA,"VUSE","prefix",1,"08492050",NA,NA,NA,122100,0.7817,"2018;2019;2020"
"e-liquid (impute mL)","081536802177","NJOY","NJOY","raw",1,"08153680","NJOY LOOP PODS SMOKING ALTERNATIVE PRODUCT ELECTRONIC CIGARETTE LIQUID PO TROPICAL TWIST BOX 2 COUNT","2",NA,120373,0.7847,"2019;2020;2021;2022;2023"
"e-liquid (impute mL)","088796901002","BLU","BLU","raw",1,"08879690","ELCT CGRTT LIQUID POD","1",NA,117750,0.7877,"2018;2019;2020"
"e-liquid (impute mL)","009710000287",NA,"MARKTEN","prefix",1,"00971000","ELCT CGRTT LIQUID POD","1",NA,116384,0.7907,"2018;2019;2020"
"e-liquid (impute mL)","088886130206",NA,"LEAP","prefix",1,"08888613","ELCT CGRTT LIQUID POD","1",NA,115147,0.7936,"2019;2020"
"e-liquid (impute mL)","009710000288",NA,"MARKTEN","prefix",1,"00971000","ELCT CGRTT LIQUID POD","1",NA,114694,0.7965,"2018;2019;2020"
"e-liquid (impute mL)","085438400414","LOGIC","LOGIC","raw",1,"08543840","LOGIC E-CG MN","2",NA,114431,0.7994,"2013;2014;2015;2016;2017;2018;2019"
"e-liquid (impute mL)","088796901000","BLU","BLU","raw",1,"08879690","ELCT CGRTT LIQUID POD","1",NA,113806,0.8022,"2018;2019;2020;2021"
"e-liquid (impute mL)","081002599296",NA,"IGNITE","prefix",1,"08100259","IGNITE V15 SMOKING ALTERNATIVE PRODUCT ELECTRONIC CIGARETTE LIQUID PO STRAWBERRY GUAVA ICE BOX 1 COUNT","1",NA,112648,0.8051,"2021;2022;2023"
"e-liquid (impute mL)","072153501253","BIDI","BIDI","raw",1,"07215350","BIDI STICK SMOKING ALTERNATIVE PRODUCT ICY MANGO BOX 1 COUNT","1",NA,109845,0.8079,"2021;2022;2023"
"e-liquid (impute mL)","088796901004","BLU","BLU","raw",1,"08879690","ELCT CGRTT LIQUID POD","1",NA,108871,0.8106,"2019;2020"
"e-liquid (impute mL)","081002599297",NA,"IGNITE","prefix",1,"08100259","IGNITE V15 SMOKING ALTERNATIVE PRODUCT ELECTRONIC CIGARETTE LIQUID PO BLUEBERRY ICE BOX 1 COUNT","1",NA,107508,0.8133,"2021;2022;2023"
"bare UPC (needs barcode lookup)","009700000501","MARLBORO","MARLBORO","raw",1,"00970000",NA,"20",NA,100252,0.8159,"2021;2022"
"e-liquid (impute mL)","088796900527","BLU","BLU","raw",1,"08879690","BL-EGS E-CG C-B","1",NA,98213,0.8183,"2016;2017;2018;2019;2020;2021;2022;2023"
"e-liquid (impute mL)","085570400720","MISTIC","MISTIC","raw",0.768,"08557040","MISTIC E-CGC RFL","3",NA,98207,0.8208,"2014;2015;2016;2017;2018;2019;2021"
"e-liquid (impute mL)","081068701775","NJOY","NJOY","raw",1,"08106870","NJOY E-CG LIQUID MN","1",NA,96566,0.8233,"2014;2015;2016;2017;2018;2019;2020"
"e-liquid (impute mL)","084866602263","FINITI","FINITI","raw",1,"08486660","FIN E-CG","1",NA,95807,0.8257,"2013;2014;2015;2016;2017;2018;2019;2020"
"e-liquid (impute mL)","084920502159","VUSE","VUSE","raw",1,"08492050","VUSE ANTISMOKING PRODUCT 1 COUNT","1",NA,94801,0.8281,"2021;2022;2023"
"hardware/device (exclude)","081991301550","JUUL","JUUL","raw",1,"08199130","JUUL SMOKING ALTERNATIVE PRODUCT ELECTRONIC VAPOR DEVICE THE ALTERNATIVE FOR ADULT SMOK BOX 1 COUNT","1",NA,94477,0.8305,"2019;2020;2021;2022;2023"
"e-liquid (impute mL)","085570400719","MISTIC","MISTIC","raw",0.768,"08557040","MISTIC E-CGC RFL","3",NA,94322,0.8329,"2014;2015;2016;2017;2018;2019"
"e-liquid (impute mL)","081536802173","NJOY","NJOY","raw",1,"08153680","ELCT CGRTT LIQUID POD","1",NA,93632,0.8352,"2019;2020;2021"
"e-liquid (impute mL)","088886130210",NA,"LEAP","prefix",1,"08888613","ELCT CGRTT LIQUID POD","1",NA,90804,0.8375,"2019;2020"
"e-liquid (impute mL)","081536802176","NJOY","NJOY","raw",1,"08153680","ELCT CGRTT LIQUID POD","1",NA,86190,0.8397,"2018;2019;2020"
"e-liquid (impute mL)","081068701686","NJOY","NJOY","raw",1,"08106870","NJOY E-CGCM GOLD TOB RFL","2",NA,83411,0.8418,"2014;2015;2016;2017;2018;2019;2020;2021;2023"
"e-liquid (impute mL)","072153501251","BIDI","BIDI","raw",1,"07215350","BIDI STICK SMOKING ALTERNATIVE PRODUCT CHAMPIONS JUICE BOX 1 COUNT","1",NA,82784,0.8439,"2021;2022;2023"
"e-liquid (impute mL)","085962600207","FINITI","FINITI","raw",1,"08596260","FINITI E-CG","1",NA,80663,0.8459,"2013;2014;2015;2016;2017;2018;2019"
"e-liquid (impute mL)","088886130603","LEAP","LEAP","raw",1,"08888613","LEAP GO SMOKING ALTERNATIVE PRODUCT ELECTRONIC CIGARETTE MINT BOX 1 COUNT","1",NA,78149,0.8479,"2020;2021;2022;2023"
"e-liquid (impute mL)","085000134231","EPIC","EPIC","raw",1,"08500013","ELCT CGRTT LIQUID POD","1",NA,73158,0.8498,"2020;2021;2022;2023"
"e-liquid (impute mL)","081990502355",NA,"GLAS","prefix",1,"08199050","GLAS SMOKING ALTERNATIVE PRODUCT ELECTRONIC CIGARETTE LIQUID PO SAPPHIRE BOX 2 COUNT","1",NA,72444,0.8516,"2021;2022;2023"
"e-liquid (impute mL)","085000134246","EPIC","EPIC","raw",1,"08500013","ELCT CGRTT LIQUID POD","1",NA,70327,0.8534,"2020;2021;2023"
"e-liquid (impute mL)","081505802251","LOGIC","LOGIC","raw",1,"08150580","ELCT CGRTT LIQUID CAPSULE","2",NA,70242,0.8551,"2018;2019;2020"
"e-liquid (impute mL)","088796900992","BLU","BLU","raw",1,"08879690","ELCT CGRTT LIQUID POD","1",NA,69893,0.8569,"2018;2019;2020"
"e-liquid (impute mL)","081991301516","JUUL","JUUL","raw",1,"08199130","ELCT CGRTT CARTRIDGE","2",NA,69345,0.8587,"2018;2019;2020"
"e-liquid (impute mL)","081342001259","KRAVE","KRAVE","raw",1,"08134200","KRAVE E-CG OGN","1",NA,68900,0.8604,"2013;2014;2015;2016;2017;2018;2019"
"e-liquid (impute mL)","088796901040","BLU","BLU","raw",1,"08879690","ELCT CGRTT LIQUID POD","2",NA,68857,0.8621,"2019;2020"
"e-liquid (impute mL)","036586038376","21ST CENTURY SMOKE","21ST CENTURY SMOKE","raw",0.949,"03658603","21CS E-CGC","1",NA,66605,0.8638,"2016;2017;2018;2019;2020;2021;2022;2023"
"bare UPC (needs barcode lookup)","084920501547",NA,"VUSE","prefix",1,"08492050",NA,NA,NA,65611,0.8655,"2018;2019;2020"
"e-liquid (impute mL)","088796901129","BLU","BLU","raw",1,"08879690","BLU SMOKING ALTERNATIVE PRODUCT TOBACCO 2 COUNT","2",NA,64800,0.8671,"2021;2022;2023"
"e-liquid (impute mL)","084866604600","FINITI","FINITI","raw",1,"08486660","FIN ECGVT BOLD TOB","1",NA,62144,0.8687,"2014;2015;2016;2017;2018;2019;2020"
"e-liquid (impute mL)","081342001260","KRAVE","KRAVE","raw",1,"08134200","KRAVE E-CG MN","1",NA,62069,0.8703,"2013;2014;2015;2016;2017;2018;2019"
"e-liquid (impute mL)","084866604612","FINITI","FINITI","raw",1,"08486660","FIN E-CG CLMR","2",NA,59364,0.8718,"2015;2016;2017;2018;2019"
"hardware/device (exclude)","081990502834","GLAS","GLAS","raw",1,"08199050","GLAS SMOKING ALTERNATIVE PRODUCT STARTER KIT BOX 1 COUNT","1",NA,57523,0.8732,"2020;2021;2022;2023"
"e-liquid (impute mL)","085570400761","HAUS","HAUS","raw",0.768,"08557040","HAUS E-CG LIQUID DARK ICE MN","1",NA,56022,0.8746,"2016;2017;2018;2019;2020"
"hardware/device (exclude)","081990502867","GLAS","GLAS","raw",1,"08199050","GLAS SMOKING ALTERNATIVE PRODUCT STARTER KIT BOX 1 COUNT","1",NA,54829,0.876,"2020;2021;2022;2023"
"e-liquid (impute mL)","085570400760","HAUS","HAUS","raw",0.768,"08557040","HAUS E-CG LIQUID SCT","1",NA,54215,0.8774,"2016;2017;2018;2019;2020"
"bare UPC (needs barcode lookup)","084920501811",NA,"VUSE","prefix",1,"08492050",NA,NA,NA,53828,0.8787,"2020"
"e-liquid (impute mL)","081821401475","GREEN SMOKE","GREEN SMOKE","raw",1,"08182140","GREEN SMOKE EVPC CLASSIC","3",NA,52507,0.8801,"2016;2017;2018;2019"
"bare UPC (needs barcode lookup)","084920501808",NA,"VUSE","prefix",1,"08492050",NA,NA,NA,52101,0.8814,"2020"
"e-liquid (impute mL)","084866604614","FINITI","FINITI","raw",1,"08486660","FIN ECGVT MN","2",NA,51520,0.8827,"2015;2016;2017;2018;2019"
"e-liquid (impute mL)","009710000286",NA,"MARKTEN","prefix",1,"00971000","ELCT CGRTT LIQUID POD","1",NA,51035,0.884,"2018;2019;2020"
"e-liquid (impute mL)","081821401474","GREEN SMOKE","GREEN SMOKE","raw",1,"08182140","GREEN SMOKE E-CGC M-I","5",NA,50770,0.8853,"2016;2017;2018;2019"
"e-liquid (impute mL)","009710000285",NA,"MARKTEN","prefix",1,"00971000","ELCT CGRTT LIQUID POD","1",NA,50254,0.8865,"2018;2019"
"e-liquid (impute mL)","085570400864","HAUS","HAUS","raw",0.768,"08557040","HAUS E-CG LIQUID CLOUD PUNCH","1",NA,49607,0.8878,"2015;2016;2017;2018;2019;2020"
"e-liquid (impute mL)","088886130600","LEAP","LEAP","raw",1,"08888613","ELCT CGRTT","1",NA,48279,0.889,"2019;2020;2021;2022;2023"
"e-liquid (impute mL)","085570400743","COSMIC FOG","COSMIC FOG","raw",0.768,"08557040","CSM FG ECGL KREWBERRY","1",NA,47624,0.8902,"2017;2018;2019;2020"
"e-liquid (impute mL)","036586037172","VAPIN PLUS","VAPIN PLUS","raw",0.949,"03658603","VPLS E-CG LIQUID STBRY","1",NA,46385,0.8914,"2015;2016;2017;2018;2019;2020"
"e-liquid (impute mL)","085570400795","HAUS","HAUS","raw",0.768,"08557040","HAUS E-CG LIQUID SWEET VOO DEW","1",NA,45799,0.8925,"2015;2016;2017;2018;2019;2020"
"hardware/device (exclude)","081991301546","JUUL","JUUL","raw",1,"08199130","ELCT VAPOR DEVICE","1",NA,45013,0.8937,"2018;2019;2020;2021;2022;2023"
"e-liquid (impute mL)","085570400798","HAUS","HAUS","raw",0.768,"08557040","HAUS E-CG LIQUID MOON MILK","1",NA,44877,0.8948,"2015;2016;2017;2018;2019;2020"
"e-liquid (impute mL)","084920501503","VUSE","VUSE","raw",1,"08492050","VUSE SOLO SMOKING ALTERNATIVE PRODUCT BOX 1 COUNT","1",NA,43533,0.8959,"2018;2019;2020;2021;2022;2023"
"e-liquid (impute mL)","085570400744","COSMIC FOG","COSMIC FOG","raw",0.768,"08557040","CSM FG ECGL NE-CR","1",NA,42966,0.897,"2017;2018;2019;2020"
"e-liquid (impute mL)","088886130200",NA,"LEAP","prefix",1,"08888613","ELCT CGRTT LIQUID POD","1",NA,41788,0.898,"2019;2020"
"e-liquid (impute mL)","081991301522","JUUL","JUUL","raw",1,"08199130","ELCT CGRTT CARTRIDGE","2",NA,41267,0.8991,"2018;2019;2020"
"bare UPC (needs barcode lookup)","084920501859",NA,"VUSE","prefix",1,"08492050",NA,NA,NA,41129,0.9001,"2020"
"e-liquid (impute mL)","088886130220",NA,"LEAP","prefix",1,"08888613","ELCT CGRTT LIQUID POD","1",NA,40395,0.9011,"2019;2020"
"e-liquid (impute mL)","081990502850",NA,"GLAS","prefix",1,"08199050","ELCT CGRTT LIQUID POD","1",NA,40074,0.9022,"2020"
"bare UPC (needs barcode lookup)","084920501814",NA,"VUSE","prefix",1,"08492050",NA,NA,NA,39717,0.9032,"2020"
"e-liquid (impute mL)","081991301520","JUUL","JUUL","raw",1,"08199130","ELCT CGRTT CARTRIDGE","2",NA,38931,0.9041,"2018;2019;2020"
"e-liquid (impute mL)","088796901136","BLU","BLU","raw",1,"08879690","BLU SMOKING ALTERNATIVE PRODUCT ELECTRONIC CIGARETTE LIQUID PO GRAPHITE BLACK BOX 1 COUNT","1",NA,38828,0.9051,"2022;2023"
"e-liquid (impute mL)","085570400786","HAUS","HAUS","raw",0.768,"08557040","HAUS ESOT","1",NA,37518,0.9061,"2015;2016;2017;2018;2019;2020;2023"
"e-liquid (impute mL)","036586037200","VAPIN PLUS","VAPIN PLUS","raw",0.949,"03658603","VAPIN PLUS ECTA","1",NA,36821,0.907,"2014;2015;2016;2017;2018;2019"
"e-liquid (impute mL)","081068701485","NJOY","NJOY","raw",1,"08106870","ELCT CGRTT CARTRIDGE","1",NA,36140,0.9079,"2020"
"bare UPC (needs barcode lookup)","085000134243",NA,"EPIC","prefix",1,"08500013",NA,NA,NA,35392,0.9088,"2020"
"e-liquid (impute mL)","085607300311","JAK","JAK","raw",1,"08560730","JAK E-CG REGULAR","1",NA,35043,0.9097,"2015;2016;2017;2018;2019;2020;2021;2022;2023"
"hardware/device (exclude)","088886130099","LEAP","LEAP","raw",1,"08888613","LEAP ANTISMOKING KIT ELECTRONIC CIGARETTE BOX 1 COUNT","1",NA,34926,0.9106,"2021;2022;2023"
"e-liquid (impute mL)","081505802263",NA,"LOGIC","prefix",1,"08150580","ELCT CGRTT LIQUID CAPSULE","1",NA,34479,0.9115,"2018;2019;2020"
"bare UPC (needs barcode lookup)","088886130100",NA,"LEAP","prefix",1,"08888613",NA,NA,NA,34139,0.9123,"2019;2020"
"e-liquid (impute mL)","084920501526","VUSE","VUSE","raw",1,"08492050","ELCT CGRTT VAPOR TANK","2",NA,33387,0.9132,"2018;2019;2020;2021"
"e-liquid (impute mL)","084920501522","VUSE","VUSE","raw",1,"08492050","ELCT CGRTT CARTRIDGE","3",NA,33315,0.914,"2019;2020"
"e-liquid (impute mL)","085570400792","HAUS","HAUS","raw",0.768,"08557040","HAUS ECSOC/E-CG TANK 2PK","2",NA,33298,0.9148,"2015;2016;2017;2018;2019;2020"
"e-liquid (impute mL)","081764101801","KRAVE","KRAVE","raw",0.999,"08176410","KRAVE 1001 E-CG RFL","3",NA,33080,0.9157,"2014;2015;2016;2017;2018;2019"
"e-liquid (impute mL)","081505802212","LOGIC","LOGIC","raw",1,"08150580","LOGIC LQD ECGT","1",NA,32811,0.9165,"2016;2017;2018;2019;2020;2021"
"bare UPC (needs barcode lookup)","036586037250",NA,"21ST CENTURY SMOKE","prefix",0.949,"03658603",NA,NA,NA,32692,0.9173,"2014;2015;2016;2017;2018;2019;2020"
"e-liquid (impute mL)","088886130216",NA,"LEAP","prefix",1,"08888613","ELCT CGRTT LIQUID POD","1",NA,31938,0.9181,"2019;2020"
"e-liquid (impute mL)","081505802265",NA,"LOGIC","prefix",1,"08150580","ELCT CGRTT LIQUID CAPSULE","1",NA,31322,0.9189,"2018;2019;2020"
"e-liquid (impute mL)","081068701690","NJOY","NJOY","raw",1,"08106870","NJOY E-CGCM VANILLA BEAN RFL","2",NA,29822,0.9197,"2014;2015;2016;2017;2018;2019;2020"
"e-liquid (impute mL)","081764101577","KRAVE","KRAVE","raw",0.999,"08176410","KRAVE E-CG TOB KING","1",NA,29345,0.9204,"2014;2015;2016;2017;2018;2019;2020"
"e-liquid (impute mL)","084866604603","FINITI","FINITI","raw",1,"08486660","FIN ECGVT VANILLA","2",NA,29266,0.9212,"2015;2016;2017;2018;2019"
"bare UPC (needs barcode lookup)","009700000502",NA,"MARLBORO","prefix",1,"00970000",NA,NA,NA,29155,0.9219,"2020"
"e-liquid (impute mL)","081085902000","ZOOM","ZOOM","raw",1,"08108590","ZOOM E-CG TOB","1",NA,28856,0.9226,"2014;2015;2016;2017;2018;2019"
"e-liquid (impute mL)","081990502560",NA,"GLAS","prefix",1,"08199050","ELCT CGRTT LIQUID POD","1",NA,28698,0.9234,"2019;2020"
"e-liquid (impute mL)","088796900986","BLU","BLU","raw",1,"08879690","ELCT CGRTT LIQUID POD","1",NA,27971,0.9241,"2019;2020"
"hardware/device (exclude)","081990502668",NA,"GLAS","prefix",1,"08199050","ELCT VAPOR DEVICE","1",NA,27939,0.9248,"2019;2020"
"e-liquid (impute mL)","081764101580","KRAVE","KRAVE","raw",0.999,"08176410","KRAVE E-CG MN KING","1",NA,27833,0.9255,"2013;2014;2015;2016;2017;2018;2019;2021;2022"
"e-liquid (impute mL)","081505802006","LOGIC","LOGIC","raw",1,"08150580","LOGIC POWER E-CGC CHERRY","3",NA,26888,0.9262,"2016;2017;2018;2019;2020"
"e-liquid (impute mL)","085570400757","HAUS","HAUS","raw",0.768,"08557040","HAUS E-CG LIQUID ZOMBERRY","1",NA,26809,0.9268,"2016;2017;2018;2019;2020"
"e-liquid (impute mL)","081990502793",NA,"GLAS","prefix",1,"08199050","ELCT CGRTT LIQUID POD","1",NA,26376,0.9275,"2019;2020"
"e-liquid (impute mL)","081764101804","KRAVE","KRAVE","raw",0.999,"08176410","KRAVE 1001 E-CG MN RFL","3",NA,25047,0.9281,"2014;2015;2016;2017;2018;2019"
"bare UPC (needs barcode lookup)","085000134237",NA,"EPIC","prefix",1,"08500013",NA,NA,NA,24954,0.9288,"2020"
"e-liquid (impute mL)","085607300312","JAK","JAK","raw",1,"08560730","JAK E-CG MN","1",NA,24817,0.9294,"2015;2016;2017;2018;2019;2020;2021;2022;2023"
"e-liquid (impute mL)","081990502791",NA,"GLAS","prefix",1,"08199050","ELCT CGRTT LIQUID POD","1",NA,24022,0.93,"2019;2020"
"bare UPC (needs barcode lookup)","085000134234",NA,"EPIC","prefix",1,"08500013",NA,NA,NA,23984,0.9306,"2020"
"bare UPC (needs barcode lookup)","085570400539",NA,"HAUS","prefix",0.768,"08557040",NA,NA,NA,23607,0.9312,"2017;2018;2019;2020"
"e-liquid (impute mL)","085438400469","LOGIC","LOGIC","raw",1,"08543840","LP ECGLC PLATINUM TOB","5",NA,23271,0.9318,"2015;2016;2017;2018"
"e-liquid (impute mL)","088796901124","BLU","BLU","raw",1,"08879690","ELCT CGRTT LIQUID POD","1",NA,22705,0.9324,"2019;2020;2021"
"e-liquid (impute mL)","081713502323","CUE","CUE","raw",1,"08171350","ELCT CGRTT LIQUID CARTRIDGE","1",NA,22524,0.9329,"2018;2019;2020;2022;2023"
"e-liquid (impute mL)","085570400861","MISTIC","MISTIC","raw",0.768,"08557040","MISTIC ECGT RFL","1",NA,22502,0.9335,"2014;2015;2016;2017;2018;2019;2020"
"e-liquid (impute mL)","085570400702","MISTIC","MISTIC","raw",0.768,"08557040","MISTIC E-CG MN","1",NA,22289,0.9341,"2014;2015;2016;2017;2018;2019;2020;2021;2022"
"bare UPC (needs barcode lookup)","075166726863",NA,"VOODOO","prefix",1,"07516672",NA,NA,NA,22057,0.9346,"2014;2015;2016;2017;2018;2019;2020"
"e-liquid (impute mL)","081085902006","ZOOM","ZOOM","raw",1,"08108590","ZOOM E-CG MN","1",NA,21967,0.9352,"2014;2015;2016;2017;2018;2019"
"e-liquid (impute mL)","081649401348","NICOTEK","NICOTEK","raw",0.999,"08164940","N-M-C E-CG","1",NA,21896,0.9357,"2013;2014;2015;2016;2017;2018;2019;2020"
"e-liquid (impute mL)","081068701692","NJOY","NJOY","raw",1,"08106870","NJOY E-CGCM POMEGRANATE RFL","2",NA,21812,0.9363,"2014;2015;2016;2017;2018;2019;2020;2023"
"e-liquid (impute mL)","085001975203","PUUR VAPOR","PUUR VAPOR","raw",0.964,"08500197","PUUR VAPOR SMOKING ALTERNATIVE PRODUCT ELECTRONIC CIGARETTE LIQUID PO STRAWBERRY CREAM 750 PUFFS BOX 1 COUNT","1",NA,21295,0.9368,"2021;2022;2023"
"e-liquid (impute mL)","081068701542","NJOY","NJOY","raw",1,"08106870","NJOY E-CG MN KING","5",NA,20990,0.9373,"2013;2014;2015;2016;2017;2018;2019;2020"
"e-liquid (impute mL)","081505802236","LOGIC","LOGIC","raw",1,"08150580","LOGIC POWER ECGL CRG CHERRY","1",NA,20972,0.9379,"2017;2018;2019;2020"
"e-liquid (impute mL)","084866604604","FINITI","FINITI","raw",1,"08486660","FIN ECGVT CHERRY","2",NA,20907,0.9384,"2014;2015;2016;2017;2018;2019"
"e-liquid (impute mL)","084866604136","FINITI","FINITI","raw",1,"08486660","FIN ECGVT BOLD MN","1",NA,20794,0.9389,"2015;2016;2017;2018;2019;2020"
"e-liquid (impute mL)","085570400542","MISTIC","MISTIC","raw",0.768,"08557040","MISTIC 2.0 E-CG MN","1",NA,20595,0.9394,"2016;2017;2018;2019;2020"
"e-liquid (impute mL)","085438400470","LOGIC","LOGIC","raw",1,"08543840","LP ECGLC PLATINUM MN","5",NA,20335,0.94,"2015;2016;2017;2018;2020"
"bare UPC (needs barcode lookup)","075166726879",NA,"VOODOO","prefix",1,"07516672",NA,NA,NA,20230,0.9405,"2014;2015;2016;2017;2018;2019"
"e-liquid (impute mL)","081991301500","JUUL","JUUL","raw",1,"08199130","ELCT CGRTT CARTRIDGE","2",NA,20184,0.941,"2018;2019;2020"
"e-liquid (impute mL)","085001975200","PUUR VAPOR","PUUR VAPOR","raw",0.964,"08500197","PUUR VAPOR SMOKING ALTERNATIVE PRODUCT ELECTRONIC CIGARETTE LIQUID PO STRAWBERRY CREAM 750 PUFFS BOX 1 COUNT","1",NA,19871,0.9415,"2021;2022;2023"
"hardware/device (exclude)","072527273070",NA,NA,"unknown",NA,"07252727","ELCT VAPOR DEVICE","1",NA,19776,0.942,"2019"
"e-liquid (impute mL)","084920501715","VUSE","VUSE","raw",1,"08492050","VUSE VIBE SMOKING ALTERNATIVE PRODUCT LIQUID VAPORIZER PEN NECTAR 1 COUNT","1",NA,19715,0.9425,"2019;2020;2021;2022;2023"
"e-liquid (impute mL)","036586037169","VAPIN PLUS","VAPIN PLUS","raw",0.949,"03658603","VPLS E-CG LIQUID RICH TOB","1",NA,19104,0.943,"2015;2016;2017;2018;2019;2020"
"e-liquid (impute mL)","075166726883","VOODOO","VOODOO","raw",1,"07516672","VOODOO E-HOOKAH EHOK WCWML","1",NA,19052,0.9434,"2015;2016;2017;2018;2019"
"e-liquid (impute mL)","081990502556",NA,"GLAS","prefix",1,"08199050","ELCT CGRTT LIQUID POD","1",NA,18934,0.9439,"2019;2020"
"e-liquid (impute mL)","081010830021",NA,"ZEO","prefix",1,"08101083","ZEO SMOKING ALTERNATIVE PRODUCT ELECTRONIC CIGARETTE LIQUID PO TOBACCO BOX 1 COUNT","1",NA,18698,0.9444,"2022;2023"
"e-liquid (impute mL)","079182782732",NA,NA,"unknown",NA,"07918278","AVATA SMOKING ALTERNATIVE PRODUCT ELECTRONIC CIGARETTE LIQUID PO PINEAPPLE BANANA BOX 1 COUNT","1",NA,18684,0.9449,"2022;2023"
"e-liquid (impute mL)","085438400468","LOGIC","LOGIC","raw",1,"08543840","LP ECGLC BLACK TOB","5",NA,18591,0.9453,"2015;2016;2017;2018"
"e-liquid (impute mL)","081085902003","ZOOM","ZOOM","raw",1,"08108590","ZOOM E-CG TOB","1",NA,18258,0.9458,"2014;2015;2016;2017;2018;2019"
"e-liquid (impute mL)","088796900994","BLU","BLU","raw",1,"08879690","ELCT CGRTT LIQUID POD","2",NA,18238,0.9463,"2019;2020"
"e-liquid (impute mL)","085001975227",NA,"PUUR VAPOR","prefix",0.964,"08500197","PUUR VAPOR SMOKING ALTERNATIVE PRODUCT ELECTRONIC CIGARETTE LIQUID PO PINA COLADA 750 PUFFS BOX 1 COUNT","1",NA,17973,0.9467,"2021;2022;2023"
"e-liquid (impute mL)","085570400541","MISTIC","MISTIC","raw",0.768,"08557040","MISTIC 2.0 E-CG","1",NA,17803,0.9472,"2016;2017;2018;2019;2020"
"e-liquid (impute mL)","085014900705","MISTIC","MISTIC","raw",1,"08501490","M2CFP E-CG MILK AND HONEY","1",NA,17676,0.9476,"2017;2018;2019;2020"
"e-liquid (impute mL)","081010830024",NA,"ZEO","prefix",1,"08101083","ZEO SMOKING ALTERNATIVE PRODUCT ELECTRONIC CIGARETTE LIQUID PO TOBACCO BOX 1 COUNT","1",NA,17518,0.9481,"2022;2023"
"e-liquid (impute mL)","085001975207","PUUR VAPOR","PUUR VAPOR","raw",0.964,"08500197","PUUR VAPOR SMOKING ALTERNATIVE PRODUCT ELECTRONIC CIGARETTE LIQUID PO BLUE RAZZ 750 PUFFS BOX 1 COUNT","1",NA,17386,0.9485,"2021;2022;2023"
"e-liquid (impute mL)","085604000300","VICTORY","VICTORY","raw",1,"08560400","VICTORY E-CG TOB","1",NA,17357,0.9489,"2013;2014;2015;2016;2017;2018;2019"
"e-liquid (impute mL)","085570400754","HAUS","HAUS","raw",0.768,"08557040","HAUS E-CG LIQUID JAM SESSION","1",NA,17260,0.9494,"2016;2017;2018;2019;2020"
"e-liquid (impute mL)","085013000743","COSMIC FOG","COSMIC FOG","raw",1,"08501300","CSM FG ECGL SONRISE","1",NA,17121,0.9498,"2017;2018;2019;2020"
"e-liquid (impute mL)","081002599277",NA,"IGNITE","prefix",1,"08100259","IGNITE SMOKING ALTERNATIVE PRODUCT ELECTRONIC CIGARETTE LIQUID PO BANANA ICE BOX 1 COUNT","1",NA,17064,0.9502,"2021;2022;2023"
"e-liquid (impute mL)","081649401350","NICOTEK","NICOTEK","raw",0.999,"08164940","NICOTEK METRO E-CG MN","2",NA,17014,0.9507,"2013;2014;2015;2016;2017;2018;2019;2020"
"e-liquid (impute mL)","084920500050","VUSE","VUSE","raw",1,"08492050","VUSE DVC OGN/BT&ECCR","1",NA,16582,0.9511,"2013;2014;2015;2016"
"e-liquid (impute mL)","088796901080","BLU","BLU","raw",1,"08879690","ELCT CGRTT LIQUID POD","1",NA,16273,0.9515,"2019;2020"
"e-liquid (impute mL)","088886130204",NA,"LEAP","prefix",1,"08888613","ELCT CGRTT LIQUID POD","1",NA,16113,0.9519,"2019;2020"
"e-liquid (impute mL)","085438400412","LOGIC","LOGIC","raw",1,"08543840","LOGIC E-CG REGULAR TOB","1",NA,15965,0.9523,"2013;2014;2015;2016;2017;2019"
"e-liquid (impute mL)","085438400471","LOGIC","LOGIC","raw",1,"08543840","LP ECGLC BLACK MN","5",NA,15843,0.9527,"2015;2016;2017;2018;2020"
"e-liquid (impute mL)","081821401008","GREEN SMOKE","GREEN SMOKE","raw",1,"08182140","GREEN SMOKE E-CGCM M-I RFL","3",NA,15831,0.9531,"2013;2014;2015;2016;2017;2018"
"e-liquid (impute mL)","081068701787","NJOY","NJOY","raw",1,"08106870","NJOY E-CG LIQUID BLD-ORNGE","1",NA,15758,0.9535,"2014;2015;2016;2017;2018;2019;2020"
"e-liquid (impute mL)","085001975205","PUUR VAPOR","PUUR VAPOR","raw",0.964,"08500197","PUUR VAPOR SMOKING ALTERNATIVE PRODUCT ELECTRONIC CIGARETTE LIQUID PO LUSH IC 750 PUFFS BOX 1 COUNT","1",NA,15655,0.9539,"2021;2022;2023"
"e-liquid (impute mL)","081991301288","JUUL","JUUL","raw",1,"08199130","ELCT CGRTT LIQUID POD","4",NA,15628,0.9543,"2020"
"e-liquid (impute mL)","081990502559",NA,"GLAS","prefix",1,"08199050","ELCT CGRTT LIQUID POD","1",NA,15592,0.9547,"2019;2020"
"e-liquid (impute mL)","819905028503",NA,NA,"unknown",NA,"81990502","ELCT CGRTT LIQUID POD","1",NA,15271,0.9551,"2020"
"e-liquid (impute mL)","081085902009","ZOOM","ZOOM","raw",1,"08108590","ZOOM E-CG MN","1",NA,15187,0.9555,"2014;2015;2016;2017;2018;2019"
"e-liquid (impute mL)","081068701811","NJOY","NJOY","raw",1,"08106870","NJOY E-CG LIQUID PEACH TEA","1",NA,15100,0.9558,"2014;2015;2016;2017;2018;2019;2020"
"e-liquid (impute mL)","085000888078",NA,"ZEO","prefix",1,"08500088","ZEO SMOKING ALTERNATIVE PRODUCT ELECTRONIC CIGARETTE LIQUID PO MINT 1000 PUFFS BOX 1 COUNT","1",NA,14957,0.9562,"2021;2022;2023"
"e-liquid (impute mL)","081068701791","NJOY","NJOY","raw",1,"08106870","NJOY E-CG LIQUID VNLA-BN","1",NA,14940,0.9566,"2014;2015;2016;2017;2018;2019"
"e-liquid (impute mL)","081649401154","NICOTEK","NICOTEK","raw",0.999,"08164940","NICOTEK METRO E-CG","1",NA,14776,0.957,"2013;2014;2015;2016;2018;2019"
"e-liquid (impute mL)","084866604606","FINITI","FINITI","raw",1,"08486660","FIN ECGVT COFFEE","2",NA,14713,0.9573,"2015;2016;2017;2018"
"e-liquid (impute mL)","088886130201",NA,"LEAP","prefix",1,"08888613","ELCT CGRTT LIQUID POD","1",NA,14491,0.9577,"2020;2021;2022;2023"
"e-liquid (impute mL)","085604000306","VICTORY","VICTORY","raw",1,"08560400","VICTORY E-CGC RFL","5",NA,14485,0.9581,"2013;2014;2015;2016;2017;2018"
"e-liquid (impute mL)","065135724943","ESCO BARS","ESCO BARS","raw",1,"06513572","ESCO BARS SMOKING ALTERNATIVE PRODUCT ELECTRONIC CIGARETTE LIQUID PO SPEARMINT BOX 1 COUNT","1",NA,14432,0.9584,"2022;2023"
"e-liquid (impute mL)","081505802044","LOGIC","LOGIC","raw",1,"08150580","LP ECGLC PLATINUM CHERRY","3",NA,14325,0.9588,"2016;2017;2018;2019;2020"
"e-liquid (impute mL)","081990502567",NA,"GLAS","prefix",1,"08199050","ELCT CGRTT LIQUID POD","1",NA,14213,0.9592,"2019;2020"
"e-liquid (impute mL)","088886130209",NA,"LEAP","prefix",1,"08888613","ELCT CGRTT LIQUID POD","1",NA,14147,0.9595,"2019;2020"
"e-liquid (impute mL)","085000888077",NA,"ZEO","prefix",1,"08500088","ZEO SMOKING ALTERNATIVE PRODUCT ELECTRONIC CIGARETTE LIQUID PO MANGO EQUALS 4 PACKS BOX 1 COUNT","1",NA,14005,0.9599,"2021;2022;2023"
"e-liquid (impute mL)","085570400789","HAUS","HAUS","raw",0.768,"08557040","HAUS ECSOC","3",NA,13975,0.9602,"2015;2016;2017;2018;2019;2020;2021"
"e-liquid (impute mL)","085001975229","PUUR VAPOR","PUUR VAPOR","raw",0.964,"08500197","PUUR VAPOR SMOKING ALTERNATIVE PRODUCT ELECTRONIC CIGARETTE LIQUID PO PINA COLADA 750 PUFFS BOX 1 COUNT","1",NA,13892,0.9606,"2021;2022;2023"
"e-liquid (impute mL)","036586037191","VAPIN PLUS","VAPIN PLUS","raw",0.949,"03658603","VPLS E-CG LIQUID A-T","1",NA,13660,0.9609,"2015;2016;2017;2018;2019"
"e-liquid (impute mL)","036586037563","VAPIN PLUS","VAPIN PLUS","raw",0.949,"03658603","VPLS E-CG LIQUID C-M","1",NA,13539,0.9613,"2015;2016;2017;2018;2019;2020"
"e-liquid (impute mL)","084866604605","FINITI","FINITI","raw",1,"08486660","FIN ECGVT GRAPE","2",NA,13529,0.9616,"2015;2016;2017;2018;2019;2020"
"e-liquid (impute mL)","085001975212","PUUR VAPOR","PUUR VAPOR","raw",0.964,"08500197","PUUR VAPOR SMOKING ALTERNATIVE PRODUCT ELECTRONIC CIGARETTE LIQUID PO APPLE 750 PUFFS BOX 1 COUNT","1",NA,13463,0.9619,"2021;2022;2023"
"e-liquid (impute mL)","081002599278",NA,"IGNITE","prefix",1,"08100259","IGNITE SMOKING ALTERNATIVE PRODUCT ELECTRONIC CIGARETTE LIQUID PO SOUR APPLE ICE BOX 1 COUNT","1",NA,13438,0.9623,"2021;2022;2023"
"e-liquid (impute mL)","085001975204","PUUR VAPOR","PUUR VAPOR","raw",0.964,"08500197","PUUR VAPOR SMOKING ALTERNATIVE PRODUCT ELECTRONIC CIGARETTE LIQUID PO LUSH IC 750 PUFFS BOX 1 COUNT","1",NA,13430,0.9626,"2021;2022;2023"
"e-liquid (impute mL)","081713502370",NA,"CUE","prefix",1,"08171350","ELCT CGRTT LIQUID CARTRIDGE","1",NA,13395,0.963,"2018;2019;2020"
"bare UPC (needs barcode lookup)","081713502417",NA,"CUE","prefix",1,"08171350",NA,NA,NA,13212,0.9633,"2018;2019;2020"
"e-liquid (impute mL)","085452700318","VIENTI","VIENTI","raw",1,"08545270","VIENTI E-CGC","5",NA,13113,0.9636,"2013;2014;2015;2016;2017;2018;2023"
"hardware/device (exclude)","088796901110","BLU","BLU","raw",1,"08879690","MY BLU ANTISMOKING KIT ELECTRONIC CIGARETTE INTENSE BOX 1 COUNT","1",NA,13059,0.964,"2019;2020;2021;2022"
"e-liquid (impute mL)","081990502557",NA,"GLAS","prefix",1,"08199050","ELCT CGRTT LIQUID POD","1",NA,12848,0.9643,"2019;2020"
"e-liquid (impute mL)","036586037175","VAPIN PLUS","VAPIN PLUS","raw",0.949,"03658603","VPLS E-CG LIQUID VANILLA","1",NA,12778,0.9646,"2015;2016;2017;2018;2019;2020"
"e-liquid (impute mL)","081068701795","NJOY","NJOY","raw",1,"08106870","NJOY E-CG LIQUID DBL-ESPRSO","1",NA,12688,0.9649,"2014;2015;2016;2017;2018;2019;2020"
"e-liquid (impute mL)","085001975202","PUUR VAPOR","PUUR VAPOR","raw",0.964,"08500197","PUUR VAPOR SMOKING ALTERNATIVE PRODUCT ELECTRONIC CIGARETTE LIQUID PO STRAWBERRY CREAM 750 PUFFS BOX 1 COUNT","1",NA,12680,0.9652,"2021;2022;2023"
"e-liquid (impute mL)","081821401174","GREEN SMOKE","GREEN SMOKE","raw",1,"08182140","GREEN SMOKE E-CGCM RL-TB RFL","3",NA,12281,0.9656,"2014;2015;2016;2017"
"e-liquid (impute mL)","085452700319","VIENTI","VIENTI","raw",1,"08545270","VIENTI E-CGC MN","5",NA,12267,0.9659,"2013;2014;2015;2016;2017;2018"
"e-liquid (impute mL)","085014900706","MISTIC","MISTIC","raw",1,"08501490","M2CFP E-CG SONRISE","1",NA,11917,0.9662,"2017;2018;2019;2020"
"e-liquid (impute mL)","081505802005","LOGIC","LOGIC","raw",1,"08150580","LP ECGLC VANILLA","3",NA,11722,0.9665,"2016;2017;2018"
"e-liquid (impute mL)","088796900990","BLU","BLU","raw",1,"08879690","ELCT CGRTT LIQUID POD","1",NA,11705,0.9668,"2019;2020;2021;2022"
"e-liquid (impute mL)","081990502568",NA,"GLAS","prefix",1,"08199050","ELCT CGRTT LIQUID POD","1",NA,11659,0.9671,"2019;2020"
"e-liquid (impute mL)","085001975211","PUUR VAPOR","PUUR VAPOR","raw",0.964,"08500197","PUUR VAPOR SMOKING ALTERNATIVE PRODUCT ELECTRONIC CIGARETTE LIQUID PO APPLE 750 PUFFS BOX 1 COUNT","1",NA,11578,0.9673,"2021;2022;2023"
"e-liquid (impute mL)","081068701585","NJOY","NJOY","raw",1,"08106870","NJOY E-CG KING 1CT=","2",NA,11506,0.9676,"2013;2014;2015;2016;2017;2018;2019"
"e-liquid (impute mL)","088886130202",NA,"LEAP","prefix",1,"08888613","ELCT CGRTT LIQUID POD","1",NA,11450,0.9679,"2020;2021;2022;2023"
"e-liquid (impute mL)","085001975209","PUUR VAPOR","PUUR VAPOR","raw",0.964,"08500197","PUUR VAPOR SMOKING ALTERNATIVE PRODUCT ELECTRONIC CIGARETTE LIQUID PO STRAWBERRY BANANA 750 PUFFS BOX 1 COUNT","1",NA,11423,0.9682,"2021;2022;2023"
"hardware/device (exclude)","081991301545","JUUL","JUUL","raw",1,"08199130","JUUL SMOKING ALTERNATIVE PRODUCT ELECTRONIC VAPOR DEVICE THE ALTERNATIVE FOR ADULT SMOK BOX 1 COUNT","1",NA,10966,0.9685,"2019;2020;2021;2022;2023"
"e-liquid (impute mL)","002012631800","MISTIC","MISTIC","raw",1,"00201263","MISTIC E-CG","1",NA,10932,0.9688,"2013;2014;2015;2016;2017;2021"
"e-liquid (impute mL)","085001975210","PUUR VAPOR","PUUR VAPOR","raw",0.964,"08500197","PUUR VAPOR SMOKING ALTERNATIVE PRODUCT ELECTRONIC CIGARETTE LIQUID PO APPLE 750 PUFFS BOX 1 COUNT","1",NA,10927,0.969,"2021;2022;2023"
"e-liquid (impute mL)","081505802213","LOGIC","LOGIC","raw",1,"08150580","LOGIC LQD ECTA","3",NA,10907,0.9693,"2016;2017;2018;2019;2020"
"e-liquid (impute mL)","079997584256","VX BRANDZ","VX BRANDZ","raw",1,"07999758","VX BRANDZ E-CG CLMR/BT&ECC","1",NA,10803,0.9696,"2015;2016;2017;2018;2019;2020"
"e-liquid (impute mL)","081713502330","CUE","CUE","raw",1,"08171350","CUE SMOKING ALTERNATIVE PRODUCT ELECTRONIC CIGARETTE LIQUID CR MENTHOL VAPOR SYSTEM BOX 1 COUNT","1",NA,10756,0.9699,"2018;2019;2020;2021"
"e-liquid (impute mL)","036586037205","VAPIN PLUS","VAPIN PLUS","raw",0.949,"03658603","VPLS E-CGA A-T OLS","1",NA,10647,0.9701,"2015;2016;2017;2018;2019;2020"
"e-liquid (impute mL)","009710000229","MARKTEN","MARKTEN","raw",1,"00971000","ELCT VAPOR CGRTT CARTRIDGE","2",NA,10513,0.9704,"2019"
"e-liquid (impute mL)","084866604618","FINITI","FINITI","raw",1,"08486660","FIN ECGVT CHERRY","2",NA,10474,0.9707,"2015;2016;2017;2018;2019;2020"
"e-liquid (impute mL)","081068701587","NJOY","NJOY","raw",1,"08106870","NJOY E-CG MN KING 1CT=","2",NA,10357,0.9709,"2013;2014;2015;2016;2017;2018;2019;2020"
"e-liquid (impute mL)","088796901157","BLU","BLU","raw",1,"08879690","BLU SMOKING ALTERNATIVE PRODUCT 1 COUNT","2",NA,10353,0.9712,"2021;2022;2023"
"e-liquid (impute mL)","081649401300","NICOTEK","NICOTEK","raw",0.999,"08164940","NCTK MTR MNGT E-CG MN","1",NA,10306,0.9714,"2013;2014;2015;2016"
"e-liquid (impute mL)","085570400838","MISTIC","MISTIC","raw",0.768,"08557040","MISTIC E-CGC RFL","1",NA,10186,0.9717,"2014;2015;2016;2017;2018;2019"
"e-liquid (impute mL)","078593946481",NA,"POP","prefix",1,"07859394","POP HIT PRO SMOKING ALTERNATIVE PRODUCT MENTHOL 1 COUNT","1",NA,10102,0.972,"2022;2023"
"e-liquid (impute mL)","085604000302","VICTORY","VICTORY","raw",1,"08560400","VICTORY E-CG MN","1",NA,10097,0.9722,"2013;2014;2015;2016;2017;2018;2019;2020;2021"
"e-liquid (impute mL)","081010830133",NA,"ZEO","prefix",1,"08101083","ZEO SMOKING ALTERNATIVE PRODUCT ELECTRONIC CIGARETTE LIQUID PO TOBACCO FLAVOR SUNSTONE BOX 1 COUNT","1",NA,9772,0.9725,"2023"
"bare UPC (needs barcode lookup)","085570400540",NA,"HAUS","prefix",0.768,"08557040",NA,NA,NA,9674,0.9727,"2017;2018;2019;2020"
"e-liquid (impute mL)","085570400737","MISTIC","MISTIC","raw",0.768,"08557040","MISTIC E-CGC CHERRY RFL","3",NA,9654,0.9729,"2016;2017;2018;2019;2020"
"e-liquid (impute mL)","075362019867","ESCO BARS","ESCO BARS","raw",1,"07536201","ESCO BARS SMOKING ALTERNATIVE PRODUCT ELECTRONIC CIGARETTE LIQUID PO RAINBOW BOX 1 COUNT","1",NA,9566,0.9732,"2022;2023"
"e-liquid (impute mL)","084920500053","VUSE","VUSE","raw",1,"08492050","VUSE DVC MN/BT&ECCR","1",NA,9494,0.9734,"2013;2014;2015;2016"
"e-liquid (impute mL)","081821401327","GREEN SMOKE","GREEN SMOKE","raw",1,"08182140","GREEN SMOKE EVPC A-T","3",NA,9462,0.9737,"2015;2016;2017;2021"
"e-liquid (impute mL)","085001975208","PUUR VAPOR","PUUR VAPOR","raw",0.964,"08500197","PUUR VAPOR SMOKING ALTERNATIVE PRODUCT ELECTRONIC CIGARETTE LIQUID PO BLUE RAZZ 750 PUFFS BOX 1 COUNT","1",NA,9393,0.9739,"2021;2022;2023"
"e-liquid (impute mL)","081010830130",NA,"ZEO","prefix",1,"08101083","ZEO SMOKING ALTERNATIVE PRODUCT ELECTRONIC CIGARETTE LIQUID PO RUBY BOX 1 COUNT","1",NA,9370,0.9741,"2023"
"e-liquid (impute mL)","081068701586","NJOY","NJOY","raw",1,"08106870","NJOY E-CG KING 1CT=","2",NA,9368,0.9744,"2013;2014;2015;2016;2017;2018;2019;2020;2021"
"e-liquid (impute mL)","085001975290",NA,"PUUR VAPOR","prefix",0.964,"08500197","PUUR VAPOR SMOKING ALTERNATIVE PRODUCT ELECTRONIC CIGARETTE LIQUID PO BLUEBERRY ICE 750 PUFFS BOX 1 COUNT","1",NA,9191,0.9746,"2021;2022;2023"
"e-liquid (impute mL)","088796900877","BLU","BLU","raw",1,"08879690","ELCT CGRTT LIQUID POD","1",NA,9133,0.9748,"2018;2019;2020"
"e-liquid (impute mL)","081821401007","GREEN SMOKE","GREEN SMOKE","raw",1,"08182140","GREEN SMOKE E-CGCM A-T RFL","3",NA,8985,0.9751,"2013;2014;2015;2016;2017;2018"
"e-liquid (impute mL)","036586038277","21ST CENTURY SMOKE","21ST CENTURY SMOKE","raw",0.949,"03658603","21SCS E-CG REGULAR TOB","1",NA,8865,0.9753,"2013;2014;2015;2016;2017;2018;2019;2021"
"e-liquid (impute mL)","084866604131","FINITI","FINITI","raw",1,"08486660","FIN ECGVT BOLD TOB","1",NA,8720,0.9755,"2015;2016;2017;2018;2019"
"e-liquid (impute mL)","081821401328","GREEN SMOKE","GREEN SMOKE","raw",1,"08182140","GREEN SMOKE EVPC M-I","3",NA,8522,0.9757,"2015;2016;2017;2018"
"e-liquid (impute mL)","081821401334","GREEN SMOKE","GREEN SMOKE","raw",1,"08182140","GREEN SMOKE EVPC CLASSIC","3",NA,8521,0.9759,"2016;2017;2018;2021"
"e-liquid (impute mL)","088796900577","BLU","BLU","raw",1,"08879690","ELCT CGRTT","1",NA,8507,0.9762,"2018;2019;2020"
"e-liquid (impute mL)","081679601414","V2 CIGS","V2 CIGS","raw",1,"08167960","V2 CIGS E-CG RT","1",NA,8195,0.9764,"2014;2015;2016;2017;2018;2019;2020"
"e-liquid (impute mL)","084866646235","FINITI","FINITI","raw",1,"08486664","FIN ECGVT VANILLA","2",NA,8194,0.9766,"2015;2016;2017;2018;2019;2020"
"e-liquid (impute mL)","085570400545","MISTIC","MISTIC","raw",0.768,"08557040","MISTIC 2.0 E-CG STBRY CRUSH","1",NA,8155,0.9768,"2016;2017;2018;2019;2020"
"e-liquid (impute mL)","081649401155","NICOTEK","NICOTEK","raw",0.999,"08164940","NCTK MTR SVN E-CG MN","1",NA,8101,0.977,"2013;2014;2015;2016;2019"
"bare UPC (needs barcode lookup)","081713502319",NA,"CUE","prefix",1,"08171350",NA,NA,NA,8092,0.9772,"2018;2019;2020"
"e-liquid (impute mL)","036586037163","VAPIN PLUS","VAPIN PLUS","raw",0.949,"03658603","VPLS E-CG LIQUID CHERRY","1",NA,7999,0.9774,"2015;2016;2017;2018;2019;2020"
"e-liquid (impute mL)","085570400543","MISTIC","MISTIC","raw",0.768,"08557040","MISTIC 2.0 E-CG FRUIT BLAST","1",NA,7964,0.9776,"2016;2017;2018;2019;2020"
"e-liquid (impute mL)","085607300315","JAK","JAK","raw",1,"08560730","JAK E-CG VANILLA","1",NA,7926,0.9778,"2015;2016;2017;2018;2019;2020;2021;2022;2023"
"e-liquid (impute mL)","081821401391","GREEN SMOKE","GREEN SMOKE","raw",1,"08182140","GREEN SMOKE EVPC M-I","3",NA,7923,0.978,"2016;2017;2018"
"e-liquid (impute mL)","085570400769","HAUS","HAUS","raw",0.768,"08557040","HAUS E-CG LIQUID TPF","1",NA,7875,0.9782,"2015;2016;2017;2018;2019;2020"
"e-liquid (impute mL)","078593946497",NA,"POP","prefix",1,"07859394","POP HIT PRO SMOKING ALTERNATIVE PRODUCT STRAWBERRY MANGO 1 COUNT","1",NA,7822,0.9784,"2022;2023"
"e-liquid (impute mL)","085001975228",NA,"PUUR VAPOR","prefix",0.964,"08500197","PUUR VAPOR SMOKING ALTERNATIVE PRODUCT ELECTRONIC CIGARETTE LIQUID PO PINA COLADA 750 PUFFS BOX 1 COUNT","1",NA,7796,0.9786,"2021;2022;2023"
"e-liquid (impute mL)","085003843892",NA,"ZEO","prefix",1,"08500384","ZEO SMOKING ALTERNATIVE PRODUCT ELECTRONIC CIGARETTE LIQUID PO TOBACCO FLAVOR 1000 PUFFS BOX 1 COUNT","1",NA,7750,0.9788,"2022;2023"
"e-liquid (impute mL)","071275599740","XFIRE","XFIRE","raw",1,"07127559","XFIRE E-CG LIQUID POD MANGO","4",NA,7657,0.979,"2018;2019;2020"
"e-liquid (impute mL)","085570400544","MISTIC","MISTIC","raw",0.768,"08557040","MISTIC 2.0 E-CG CHERRY BURST","1",NA,7612,0.9792,"2016;2017;2018;2019;2020"
"e-liquid (impute mL)","078593946495",NA,"POP","prefix",1,"07859394","POP HIT PRO SMOKING ALTERNATIVE PRODUCT STRAWBERRY MANGO 1 COUNT","1",NA,7560,0.9794,"2022;2023"
"e-liquid (impute mL)","088796900874","BLU","BLU","raw",1,"08879690","ELCT CGRTT LIQUID POD","1",NA,7551,0.9796,"2018;2019;2020"
"e-liquid (impute mL)","036586038210","21ST CENTURY SMOKE","21ST CENTURY SMOKE","raw",0.949,"03658603","21SCS E-CG MN","1",NA,7503,0.9797,"2013;2014;2015;2016;2017;2018;2019;2021"
"e-liquid (impute mL)","081649401354","NICOTEK","NICOTEK","raw",0.999,"08164940","NICOTEK METRO E-CG MN KING","1",NA,7480,0.9799,"2013;2014;2015"
"e-liquid (impute mL)","085604000308","VICTORY","VICTORY","raw",1,"08560400","VICTORY E-CGC MN RFL","5",NA,7453,0.9801,"2013;2014;2015;2016;2017;2018"
"e-liquid (impute mL)","081679601272","V2 CIGS","V2 CIGS","raw",1,"08167960","V2 CIGS E-CG MN OF","1",NA,7332,0.9803,"2014;2015;2016;2018"
"e-liquid (impute mL)","084920500179","VUSE","VUSE","raw",1,"08492050","VUSE E-CGC RICH MINT","2",NA,7250,0.9805,"2015;2016"
"e-liquid (impute mL)","085001975296","PUUR VAPOR","PUUR VAPOR","raw",0.964,"08500197","PUUR VAPOR SMOKING ALTERNATIVE PRODUCT ELECTRONIC CIGARETTE LIQUID PO BLUEBERRY ICE 750 PUFFS BOX 1 COUNT","1",NA,7244,0.9807,"2021;2022;2023"
"e-liquid (impute mL)","081010830115",NA,"ZEO","prefix",1,"08101083","ZEO SMOKING ALTERNATIVE PRODUCT ELECTRONIC CIGARETTE LIQUID PO EMERALD BOX 1 COUNT","1",NA,7211,0.9809,"2023"
"bare UPC (needs barcode lookup)","081713502312",NA,"CUE","prefix",1,"08171350",NA,NA,NA,7097,0.981,"2018;2019;2020"
"bare UPC (needs barcode lookup)","081649401019",NA,"NICOTEK","prefix",0.999,"08164940",NA,NA,NA,7056,0.9812,"2013;2014;2015;2016;2017;2018;2019;2020"
"e-liquid (impute mL)","009710000114","MARKTEN","MARKTEN","raw",1,"00971000","MARKTEN E-CG/ECC","1",NA,6904,0.9814,"2014;2015;2016"
"e-liquid (impute mL)","081649401352","NICOTEK","NICOTEK","raw",0.999,"08164940","NICOTEK METRO E-CG KING","1",NA,6878,0.9816,"2013;2014;2015"
"hardware/device (exclude)","088796901111","BLU","BLU","raw",1,"08879690","MY BLU ANTISMOKING KIT ELECTRONIC CIGARETTE INTENSE BOX 1 COUNT","1",NA,6847,0.9817,"2019;2020;2021;2022;2023"
"e-liquid (impute mL)","085001975213","PUUR VAPOR","PUUR VAPOR","raw",0.964,"08500197","PUUR VAPOR SMOKING ALTERNATIVE PRODUCT ELECTRONIC CIGARETTE LIQUID PO LIGHTNING BULL 750 PUFFS BOX 1 COUNT","1",NA,6649,0.9819,"2021;2022;2023"
"e-liquid (impute mL)","081085902012","ZOOM","ZOOM","raw",1,"08108590","ZOOM E-CG TOB","3",NA,6511,0.9821,"2014;2015;2016;2017;2018;2019"
"e-liquid (impute mL)","088886111000","INFUSE","INFUSE","raw",1,"08888611","INFUSE SMOKING ALTERNATIVE PRODUCT ELECTRONIC CIGARETTE STRAWBERRY BOX 1 COUNT","1",NA,6496,0.9822,"2021;2022"
"e-liquid (impute mL)","081649401299","NICOTEK","NICOTEK","raw",0.999,"08164940","NCTK MTR MNGT E-CG","1",NA,6401,0.9824,"2013;2014;2015"
"e-liquid (impute mL)","085001975246","PUUR VAPOR","PUUR VAPOR","raw",0.964,"08500197","PUUR VAPOR ANTISMOKING PRODUCT ELECTRONIC CIGARETTE LIQUID PO STRAWBERRY BANANA ULTRA BOX 1 COUNT","1",NA,6367,0.9825,"2021;2022;2023"
"e-liquid (impute mL)","081649401297","NICOTEK","NICOTEK","raw",0.999,"08164940","NTK MR CK SK E-CG","1",NA,6322,0.9827,"2013;2014;2015"
"e-liquid (impute mL)","085001975248","PUUR VAPOR","PUUR VAPOR","raw",0.964,"08500197","PUUR VAPOR ANTISMOKING PRODUCT ELECTRONIC CIGARETTE LIQUID PO STRAWBERRY BANANA ULTRA BOX 1 COUNT","1",NA,6185,0.9829,"2021;2022;2023"
"e-liquid (impute mL)","081649401298","NICOTEK","NICOTEK","raw",0.999,"08164940","NTK MR CK SK E-CG MN","1",NA,6149,0.983,"2013;2014;2015"
"e-liquid (impute mL)","816494011374","NICOTEK","NICOTEK","raw",1,"81649401","N-M-C E-CG","1",NA,6142,0.9832,"2013;2014;2015;2016"
"e-liquid (impute mL)","085607300316","JAK","JAK","raw",1,"08560730","JAK E-CG GRAPE","1",NA,6102,0.9833,"2015;2016;2017;2018;2019;2020;2021;2022;2023"
"e-liquid (impute mL)","085001975238","PUUR VAPOR","PUUR VAPOR","raw",0.964,"08500197","PUUR VAPOR ANTISMOKING PRODUCT ELECTRONIC CIGARETTE LIQUID PO STRAWBERRY BANANA ULTRA BOX 1 COUNT","1",NA,6011,0.9835,"2021;2022;2023"
"e-liquid (impute mL)","081649401295","NICOTEK","NICOTEK","raw",0.999,"08164940","N-M-C E-CG","1",NA,6004,0.9836,"2013;2014;2015;2016"
"e-liquid (impute mL)","085570400418","MISTIC","MISTIC","raw",0.768,"08557040","MISTIC E-CG","1",NA,5937,0.9838,"2013;2014;2015;2016"
"e-liquid (impute mL)","085604000312","VICTORY","VICTORY","raw",1,"08560400","VICTORY E-CGC RFL","5",NA,5857,0.9839,"2013;2014;2015;2016;2017;2018"
"hardware/device (exclude)","084920501500","VUSE","VUSE","raw",1,"08492050","VUSE CIRO SMOKING ALTRN PRDCT STRTR KIT ELECTRONIC VAPOR CIGARETTE CAR BOX 1 COUNT","1",NA,5835,0.9841,"2021;2022;2023"
"e-liquid (impute mL)","081649401296","NICOTEK","NICOTEK","raw",0.999,"08164940","N-M-C E-CG MN","1",NA,5820,0.9842,"2013;2014;2015"
"e-liquid (impute mL)","071275599739","XFIRE","XFIRE","raw",1,"07127559","XFIRE E-CG LIQUID POD MINT","4",NA,5806,0.9844,"2018;2019;2020"
"e-liquid (impute mL)","085962600211","FINITI","FINITI","raw",1,"08596260","FINITI E-CG OLS","1",NA,5779,0.9845,"2013;2014;2015;2016;2017;2018;2019;2020"
"e-liquid (impute mL)","081010830121",NA,"ZEO","prefix",1,"08101083","ZEO SMOKING ALTERNATIVE PRODUCT ELECTRONIC CIGARETTE LIQUID PO TOBACCO FLAVOR JADE BOX 1 COUNT","1",NA,5746,0.9847,"2023"
"e-liquid (impute mL)","081002599614",NA,"IGNITE","prefix",1,"08100259","IGNITE V15 SMOKING ALTERNATIVE PRODUCT ELECTRONIC CIGARETTE LIQUID PO BANANA ICE BOX 1 COUNT","1",NA,5721,0.9848,"2023"
"e-liquid (impute mL)","085001975256","PUUR VAPOR","PUUR VAPOR","raw",0.964,"08500197","PUUR VAPOR SMOKING ALTERNATIVE PRODUCT ELECTRONIC CIGARETTE LIQUID PO PEACH ICE ULTRA BOX 1 COUNT","1",NA,5699,0.985,"2021;2022;2023"
"bare UPC (needs barcode lookup)","084866604607",NA,"FINITI","prefix",1,"08486660",NA,NA,NA,5662,0.9851,"2015;2016;2017;2018;2019"
"e-liquid (impute mL)","085001975244","PUUR VAPOR","PUUR VAPOR","raw",0.964,"08500197","PUUR VAPOR ANTISMOKING PRODUCT ELECTRONIC CIGARETTE LIQUID PO STRAWBERRY BANANA ULTRA BOX 1 COUNT","1",NA,5624,0.9852,"2021;2022;2023"
"e-liquid (impute mL)","088886111004","INFUSE","INFUSE","raw",1,"08888611","INFUSE SMOKING ALTERNATIVE PRODUCT ELECTRONIC CIGARETTE BLUEBERRY BOX 1 COUNT","1",NA,5555,0.9854,"2021;2022"
"e-liquid (impute mL)","085570400488","MISTIC","MISTIC","raw",0.768,"08557040","MISTIC E-CGC RFL","1",NA,5486,0.9855,"2014;2015;2016;2017;2018;2019;2020"
"e-liquid (impute mL)","085001975294","PUUR VAPOR","PUUR VAPOR","raw",0.964,"08500197","PUUR VAPOR SMOKING ALTERNATIVE PRODUCT ELECTRONIC CIGARETTE LIQUID PO BLUEBERRY ICE 750 PUFFS BOX 1 COUNT","1",NA,5447,0.9857,"2021;2022;2023"
"e-liquid (impute mL)","081085902018","ZOOM","ZOOM","raw",1,"08108590","ZOOM E-CG MN BOLD","3",NA,5420,0.9858,"2014;2015;2016;2017;2018;2019"
"e-liquid (impute mL)","081002599563",NA,"IGNITE","prefix",1,"08100259","IGNITE V15 SMOKING ALTERNATIVE PRODUCT ELECTRONIC CIGARETTE LIQUID PO BLUEBERRY ICE BOX 1 COUNT","1",NA,5380,0.9859,"2023"
"e-liquid (impute mL)","081009691192",NA,NA,"unknown",NA,"08100969","JUICE HEAD SMOKING ALTERNATIVE PRODUCT ELECTRONIC CIGARETTE LIQUID PO STRAWBERRY PEACH JUICE HEAD BOX 1 COUNT","1",NA,5277,0.9861,"2023"
"e-liquid (impute mL)","088796900723","BLU","BLU","raw",1,"08879690","BLU ANTISMOKING PRODUCT ELECTRONIC CIGARETTE POLAR MINT BOX 1 COUNT","1",NA,5245,0.9862,"2021;2022;2023"
"e-liquid (impute mL)","009710000107","MARKTEN","MARKTEN","raw",1,"00971000","MARKTEN E-CGC","4",NA,5190,0.9863,"2014;2015"
"e-liquid (impute mL)","072153501202","BIDI","BIDI","raw",1,"07215350","BIDI STICK SMOKING ALTERNATIVE PRODUCT TOBACCO LEAF 500 PUFFS BOX 1 COUNT","1",NA,5188,0.9865,"2021;2023"
"e-liquid (impute mL)","085607300384","JAK","JAK","raw",1,"08560730","JAK E-CG PASSION","1",NA,5108,0.9866,"2017;2018;2019;2020;2021;2022;2023"
"e-liquid (impute mL)","088886111002","INFUSE","INFUSE","raw",1,"08888611","INFUSE SMOKING ALTERNATIVE PRODUCT ELECTRONIC CIGARETTE BERRY ICE BOX 1 COUNT","1",NA,5083,0.9867,"2021;2022"
"e-liquid (impute mL)","036586037197","VAPIN PLUS","VAPIN PLUS","raw",0.949,"03658603","VPLS E-CG LIQUID PEACH","1",NA,5002,0.9868,"2015;2016;2017;2018;2019;2020"
"e-liquid (impute mL)","085001975250","PUUR VAPOR","PUUR VAPOR","raw",0.964,"08500197","PUUR VAPOR SMOKING ALTERNATIVE PRODUCT ELECTRONIC CIGARETTE LIQUID PO ICED FRUIT PUNCH ULTRA BOX 1 COUNT","1",NA,4980,0.987,"2021;2022;2023"
"e-liquid (impute mL)","088886111003","INFUSE","INFUSE","raw",1,"08888611","INFUSE SMOKING ALTERNATIVE PRODUCT ELECTRONIC CIGARETTE BERRY ICE BOX 1 COUNT","1",NA,4979,0.9871,"2021;2022"
"e-liquid (impute mL)","068808300402",NA,NA,"unknown",NA,"06880830","WHISL SMOKING ALTERNATIVE PRODUCT ELECTRONIC CIGARETTE LIQUID PO TO FOCUS ON THE TASK AT HAND BOX 2 COUNT","2",NA,4978,0.9872,"2021;2023"
"e-liquid (impute mL)","085143800763","EPIC","EPIC","raw",0.983,"08514380","ELCT CGRTT LIQUID POD","1",NA,4967,0.9873,"2019;2020;2021"
"e-liquid (impute mL)","088796900873","BLU","BLU","raw",1,"08879690","ELCT CGRTT LIQUID POD","1",NA,4951,0.9875,"2018;2019;2020"
"e-liquid (impute mL)","081010830127",NA,"ZEO","prefix",1,"08101083","ZEO SMOKING ALTERNATIVE PRODUCT ELECTRONIC CIGARETTE LIQUID PO TOBACCO FLAVOR ONYX BOX 1 COUNT","1",NA,4903,0.9876,"2023"
"e-liquid (impute mL)","081821401471","GREEN SMOKE","GREEN SMOKE","raw",1,"08182140","GREEN SMOKE EVPC CT","1",NA,4870,0.9877,"2016;2017;2018;2019"
"hardware/device (exclude)","084920503053","VUSE","VUSE","raw",1,"08492050","VUSE ALTO SMOKING ALTERNATIVE PRODUCT ELECTRONIC VAPOR DEVICE BOX 1 COUNT","1",NA,4793,0.9878,"2023"
"e-liquid (impute mL)","085570400775","HAUS","HAUS","raw",0.768,"08557040","HAUS E-CG LIQUID MN CITRUS","1",NA,4730,0.988,"2015;2016;2017;2018;2019;2020"
"e-liquid (impute mL)","085438400413","LOGIC","LOGIC","raw",1,"08543840","LOGIC E-CG REGULAR MN","1",NA,4718,0.9881,"2013;2014;2015;2016;2017;2018"
"e-liquid (impute mL)","085607300314","JAK","JAK","raw",1,"08560730","JAK E-CG CHERRY","1",NA,4714,0.9882,"2015;2016;2017;2018;2019;2020;2021;2022;2023"
"e-liquid (impute mL)","085001975242","PUUR VAPOR","PUUR VAPOR","raw",0.964,"08500197","PUUR VAPOR ANTISMOKING PRODUCT ELECTRONIC CIGARETTE LIQUID PO STRAWBERRY BANANA ULTRA BOX 1 COUNT","1",NA,4657,0.9883,"2021;2022;2023"
"e-liquid (impute mL)","085570400401","NEO","NEO","raw",0.768,"08557040","NEO SOLO E-CG","1",NA,4594,0.9884,"2013;2014;2015;2016"
"e-liquid (impute mL)","081821401133","GREEN SMOKE","GREEN SMOKE","raw",1,"08182140","GREEN SMOKE E-CGCM A-T RFL","3",NA,4575,0.9885,"2013;2014;2015;2016"
"e-liquid (impute mL)","085001975252","PUUR VAPOR","PUUR VAPOR","raw",0.964,"08500197","PUUR VAPOR SMOKING ALTERNATIVE PRODUCT ELECTRONIC CIGARETTE LIQUID PO PEACH ICE ULTRA BOX 1 COUNT","1",NA,4562,0.9887,"2021;2022;2023"
"e-liquid (impute mL)","081002599572",NA,"IGNITE","prefix",1,"08100259","IGNITE V15 SMOKING ALTERNATIVE PRODUCT ELECTRONIC CIGARETTE LIQUID PO STRAWBERRY APPLE WATERMELON BOX 1 COUNT","1",NA,4556,0.9888,"2023"
"e-liquid (impute mL)","078779031521",NA,"SWITCH MODS","prefix",1,"07877903","SWITCH MODS SMOKING ALTERNATIVE PRODUCT STICK PINK LEMONADE BOX 1 COUNT","1",NA,4551,0.9889,"2021;2022;2023"
"e-liquid (impute mL)","081009691190",NA,NA,"unknown",NA,"08100969","JUICE HEAD SMOKING ALTERNATIVE PRODUCT ELECTRONIC CIGARETTE LIQUID PO WATERMELON STRAWBERRY MESH COIL BOX 1 COUNT","1",NA,4511,0.989,"2023"
"e-liquid (impute mL)","081009691194",NA,NA,"unknown",NA,"08100969","JUICE HEAD SMOKING ALTERNATIVE PRODUCT ELECTRONIC CIGARETTE LIQUID PO FRESH MINT JUICE HEAD BOX 1 COUNT","1",NA,4451,0.9891,"2023"
"e-liquid (impute mL)","088886111005","INFUSE","INFUSE","raw",1,"08888611","INFUSE SMOKING ALTERNATIVE PRODUCT ELECTRONIC CIGARETTE MANGO ICE BOX 1 COUNT","1",NA,4448,0.9892,"2021;2022"
"e-liquid (impute mL)","085001975233","PUUR VAPOR","PUUR VAPOR","raw",0.964,"08500197","PUUR VAPOR ANTISMOKING PRODUCT ELECTRONIC CIGARETTE LIQUID PO STRAWBERRY BANANA ULTRA BOX 1 COUNT","1",NA,4443,0.9893,"2021;2022;2023"
"e-liquid (impute mL)","088886111006","INFUSE","INFUSE","raw",1,"08888611","INFUSE SMOKING ALTERNATIVE PRODUCT ELECTRONIC CIGARETTE BANANA ICE BOX 1 COUNT","1",NA,4432,0.9895,"2021;2022"
"e-liquid (impute mL)","085570400420","MISTIC","MISTIC","raw",0.768,"08557040","MISTIC E-CG MN","1",NA,4430,0.9896,"2013;2014;2015;2016"
"e-liquid (impute mL)","085539000300","FLAVOR VAPES","FLAVOR VAPES","raw",1,"08553900","FLAVOR VAPES E-CG TOB","1",NA,4403,0.9897,"2013;2014;2015;2016;2017;2018"
"e-liquid (impute mL)","088886111007","INFUSE","INFUSE","raw",1,"08888611","INFUSE SMOKING ALTERNATIVE PRODUCT ELECTRONIC CIGARETTE BANANA ICE BOX 1 COUNT","1",NA,4368,0.9898,"2021;2022"
"e-liquid (impute mL)","081068701288","NJOY","NJOY","raw",1,"08106870","NJOY E-CG NO","1",NA,4348,0.9899,"2013;2014;2015;2016;2017;2018;2019;2020"
"e-liquid (impute mL)","085607300324","JAK","JAK","raw",1,"08560730","JAK E-CG PINEAPPLE","4",NA,4336,0.99,"2017;2018;2019;2020;2021;2022;2023"
"e-liquid (impute mL)","085607300385","JAK","JAK","raw",1,"08560730","JAK E-CG BLACKBERRY","1",NA,4233,0.9901,"2016;2017;2018;2019;2020;2021;2022;2023"
"e-liquid (impute mL)","085607300313","JAK","JAK","raw",1,"08560730","ELCT CGRTT","1",NA,4173,0.9902,"2018;2019;2020;2021;2022;2023"
"e-liquid (impute mL)","036586038274","21ST CENTURY SMOKE","21ST CENTURY SMOKE","raw",0.949,"03658603","21SCS E-CG C-M","1",NA,4131,0.9903,"2013;2014;2015;2017;2018;2019"
"e-liquid (impute mL)","009710000116","MARKTEN","MARKTEN","raw",1,"00971000","MARKTEN E-CG MN/ECC","1",NA,4029,0.9904,"2014;2015;2016"
"e-liquid (impute mL)","081821401472","GREEN SMOKE","GREEN SMOKE","raw",1,"08182140","GREEN SMOKE EVPC M-I","1",NA,3985,0.9905,"2016;2017;2018;2019"
"e-liquid (impute mL)","081713502451","CUE","CUE","raw",1,"08171350","ELCT CGRTT LIQUID CARTRIDGE","1",NA,3984,0.9906,"2018;2019;2020;2021;2022;2023"
"e-liquid (impute mL)","081764101553","KRAVE","KRAVE","raw",0.999,"08176410","KRAVE E-CG","2",NA,3963,0.9907,"2013;2014;2015;2016;2017;2020;2021"
"e-liquid (impute mL)","081068701329","NJOY","NJOY","raw",1,"08106870","NJOY E-CG MN NO","1",NA,3909,0.9908,"2013;2014;2015;2016;2017;2018;2019;2020"
"e-liquid (impute mL)","085001975240","PUUR VAPOR","PUUR VAPOR","raw",0.964,"08500197","PUUR VAPOR ANTISMOKING PRODUCT ELECTRONIC CIGARETTE LIQUID PO STRAWBERRY BANANA ULTRA BOX 1 COUNT","1",NA,3904,0.9909,"2021;2022;2023"
"e-liquid (impute mL)","081002599579",NA,"IGNITE","prefix",1,"08100259","IGNITE V8 SMOKING ALTERNATIVE PRODUCT ELECTRONIC CIGARETTE LIQUID PO ICY MINT BOX 1 COUNT","1",NA,3878,0.991,"2023"
"e-liquid (impute mL)","081990502790",NA,"GLAS","prefix",1,"08199050","ELCT CGRTT LIQUID POD","1",NA,3852,0.9911,"2019;2020"
"e-liquid (impute mL)","085143800796","EPIC","EPIC","raw",0.983,"08514380","ELCT CGRTT LIQUID POD","1",NA,3823,0.9912,"2019;2020;2021"
"e-liquid (impute mL)","085607300383","JAK","JAK","raw",1,"08560730","JAK E-CG BERRY","1",NA,3821,0.9913,"2016;2017;2018;2019;2020;2021;2022;2023"
"e-liquid (impute mL)","081002599576",NA,"IGNITE","prefix",1,"08100259","IGNITE V15 SMOKING ALTERNATIVE PRODUCT ELECTRONIC CIGARETTE LIQUID PO WATERMELON ICE BOX 1 COUNT","1",NA,3797,0.9914,"2023"
"e-liquid (impute mL)","085452700314","VIENTI","VIENTI","raw",1,"08545270","VIENTI E-CG VOF","1",NA,3789,0.9915,"2013;2014;2015;2016;2017;2018;2023"
"e-liquid (impute mL)","081009691189",NA,NA,"unknown",NA,"08100969","JUICE HEAD SMOKING ALTERNATIVE PRODUCT ELECTRONIC CIGARETTE LIQUID PO WATERMELON LIME JUICE HEAD BOX 1 COUNT","1",NA,3731,0.9916,"2023"
"e-liquid (impute mL)","085570400402","NEO","NEO","raw",0.768,"08557040","NEO SOLO E-CG","1",NA,3700,0.9917,"2013;2014;2015;2016"
"e-liquid (impute mL)","002145801000","CLEAN CIG","CLEAN CIG","raw",1,"00214580","CLEAN CIG E-CGA REGULAR","5",NA,3567,0.9918,"2018;2019;2020"
"e-liquid (impute mL)","081990502792",NA,"GLAS","prefix",1,"08199050","ELCT CGRTT LIQUID POD","1",NA,3461,0.9919,"2019;2020"
"e-liquid (impute mL)","088886111001","INFUSE","INFUSE","raw",1,"08888611","INFUSE SMOKING ALTERNATIVE PRODUCT ELECTRONIC CIGARETTE BERRY ICE BOX 1 COUNT","1",NA,3396,0.992,"2021;2022"
"e-liquid (impute mL)","081002599711",NA,"IGNITE","prefix",1,"08100259","IGNITE V8 SMOKING ALTERNATIVE PRODUCT ELECTRONIC CIGARETTE LIQUID PO MANGO BOX 1 COUNT","1",NA,3304,0.992,"2023"
"e-liquid (impute mL)","009710000109","MARKTEN","MARKTEN","raw",1,"00971000","MARKTEN E-CGC MN","4",NA,3231,0.9921,"2014"
"e-liquid (impute mL)","072944053377","LOGIC","LOGIC","raw",1,"07294405","LBL E-CG REGULAR TOB","1",NA,3227,0.9922,"2013;2014;2015"
"e-liquid (impute mL)","085570400778","HAUS","HAUS","raw",0.768,"08557040","HAUS E-CG LIQUID C-CRH","1",NA,3109,0.9923,"2015;2016;2017;2018;2019;2020"
"e-liquid (impute mL)","085965400217","BLU","BLU","raw",1,"08596540","BL-EGS E-CGCM CT RFL","5",NA,3109,0.9924,"2013;2014;2015;2016;2017;2018"
"e-liquid (impute mL)","085001975262",NA,"PUUR VAPOR","prefix",0.964,"08500197","SAVAGE SMOKING ALTERNATIVE PRODUCT ELECTRONIC CIGARETTE LIQUID PO MANGO DRAGONFRUIT LEMONADE MESH COIL BOX 1 COUNT","1",NA,3058,0.9924,"2022;2023"
"e-liquid (impute mL)","085452700315","VIENTI","VIENTI","raw",1,"08545270","VIENTI E-CG MN VOF","1",NA,2951,0.9925,"2013;2014;2015;2016;2017;2018;2019"
"e-liquid (impute mL)","081764101112","KRAVE","KRAVE","raw",0.999,"08176410","KRAVE 1001 E-CG","1",NA,2929,0.9926,"2013"
"e-liquid (impute mL)","081068701408","NJOY","NJOY","raw",1,"08106870","NJOY ONE JOY E-CG","1",NA,2925,0.9927,"2013;2014;2015;2016;2018;2020"
"e-liquid (impute mL)","081505802030","LOGIC","LOGIC","raw",1,"08150580","LOGIC E-CGC TOB","3",NA,2912,0.9927,"2015;2016"
"e-liquid (impute mL)","085001975264",NA,"PUUR VAPOR","prefix",0.964,"08500197","SAVAGE SMOKING ALTERNATIVE PRODUCT ELECTRONIC CIGARETTE LIQUID PO MANGO DRAGONFRUIT LEMONADE MESH COIL BOX 1 COUNT","1",NA,2904,0.9928,"2022;2023"
"e-liquid (impute mL)","085570400487","MISTIC","MISTIC","raw",0.768,"08557040","MISTIC E-CGC RFL","1",NA,2893,0.9929,"2014;2015;2016;2017;2018;2019;2020"
"e-liquid (impute mL)","078779031531",NA,"SWITCH MODS","prefix",1,"07877903","SWITCH MODS SMOKING ALTERNATIVE PRODUCT STICK PINK LEMONADE BOX 1 COUNT","1",NA,2890,0.9929,"2021;2022;2023"
"bare UPC (needs barcode lookup)","081997901118",NA,"NJOY","prefix",1,"08199790",NA,NA,NA,2877,0.993,"2020"
"e-liquid (impute mL)","081764101556","KRAVE","KRAVE","raw",0.999,"08176410","KRAVE E-CG MN KING","2",NA,2826,0.9931,"2013;2014;2015;2016;2017;2019"
"e-liquid (impute mL)","085570400772","HAUS","HAUS","raw",0.768,"08557040","HAUS E-CG LIQUID HAVANA","1",NA,2775,0.9932,"2015;2016;2017;2018;2019"
"e-liquid (impute mL)","000078620186","POSH","POSH","raw",1,"00007862","POSH SMOKING ALTERNATIVE PRODUCT MIGHTY MINT PLUS 1 COUNT","1",NA,2729,0.9932,"2023"
"e-liquid (impute mL)","085001975236","PUUR VAPOR","PUUR VAPOR","raw",0.964,"08500197","PUUR VAPOR ANTISMOKING PRODUCT ELECTRONIC CIGARETTE LIQUID PO STRAWBERRY BANANA ULTRA BOX 1 COUNT","1",NA,2715,0.9933,"2021;2022;2023"
"e-liquid (impute mL)","085001975286",NA,"PUUR VAPOR","prefix",0.964,"08500197","SAVAGE SMOKING ALTERNATIVE PRODUCT ELECTRONIC CIGARETTE LIQUID PO STRAWBERRY GRAPE MESH COIL BOX 1 COUNT","1",NA,2692,0.9934,"2022;2023"
"e-liquid (impute mL)","081821401009","GREEN SMOKE","GREEN SMOKE","raw",1,"08182140","GREEN SMOKE E-CGCM RL-TB RFL","3",NA,2603,0.9934,"2013;2014;2015"
"e-liquid (impute mL)","085002048173",NA,"PACHA","prefix",1,"08500204","PACHA SYN SMOKING ALTERNATIVE PRODUCT ELECTRONIC CIGARETTE LIQUID PO BANANA ICE BOX 1 COUNT","1",NA,2583,0.9935,"2022;2023"
"e-liquid (impute mL)","081505802305","LOGIC","LOGIC","raw",1,"08150580","LOGIC VAPELEAF ECV&C","1",NA,2578,0.9936,"2017;2018;2019"
"e-liquid (impute mL)","001396427296","SMART SMOKE","SMART SMOKE","raw",1,"00139642","SMART SMOKE E-CG RFL","2",NA,2568,0.9936,"2013;2014;2015;2016"
"e-liquid (impute mL)","085001975254","PUUR VAPOR","PUUR VAPOR","raw",0.964,"08500197","PUUR VAPOR SMOKING ALTERNATIVE PRODUCT ELECTRONIC CIGARETTE LIQUID PO PEACH ICE ULTRA BOX 1 COUNT","1",NA,2545,0.9937,"2021;2022;2023"
"e-liquid (impute mL)","081002599206",NA,"IGNITE","prefix",1,"08100259","IGNITE SMOKING ALTERNATIVE PRODUCT ELECTRONIC CIGARETTE LIQUID PO TOBACCO BOX 1 COUNT","1",NA,2538,0.9938,"2022;2023"
"e-liquid (impute mL)","085570400411","NEO","NEO","raw",0.768,"08557040","NEO E-CGC RFL","5",NA,2527,0.9938,"2013;2014;2015;2016"
"e-liquid (impute mL)","085962600216","FINITI","FINITI","raw",1,"08596260","FINITI E-CG C-M OLS","1",NA,2501,0.9939,"2013;2014;2015;2016"
"e-liquid (impute mL)","081068701410","NJOY","NJOY","raw",1,"08106870","NJOY ONE JOY E-CG","1",NA,2484,0.9939,"2013;2014;2015;2016;2018"
"e-liquid (impute mL)","085570400415","NEO","NEO","raw",0.768,"08557040","NEO E-CGC RFL","5",NA,2449,0.994,"2013;2014;2015;2016"
"e-liquid (impute mL)","036586037581","VAPIN PLUS","VAPIN PLUS","raw",0.949,"03658603","VPLS E-CG LIQUID RICH TOB","1",NA,2440,0.9941,"2016;2017;2018;2019;2020"
"e-liquid (impute mL)","085001975288",NA,"PUUR VAPOR","prefix",0.964,"08500197","PUUR VAPOR SMOKING ALTERNATIVE PRODUCT ELECTRONIC CIGARETTE LIQUID PO FRUIT SHAKE 750 PUFFS BOX 1 COUNT","1",NA,2437,0.9941,"2021;2022;2023"
"e-liquid (impute mL)","088796901084","BLU","BLU","raw",1,"08879690","ELCT CGRTT LIQUID POD","1",NA,2421,0.9942,"2019;2020"
"e-liquid (impute mL)","088796900988","BLU","BLU","raw",1,"08879690","ELCT CGRTT LIQUID POD","1",NA,2355,0.9943,"2019;2020"
"e-liquid (impute mL)","081068701409","NJOY","NJOY","raw",1,"08106870","NJOY ONE JOY E-CG MN","1",NA,2327,0.9943,"2013;2014;2015;2016;2017;2019;2020"
"hardware/device (exclude)","084004821894",NA,"JUUL","prefix",1,"08400482","JUUL SMOKING ALTERNATIVE PRODUCT ELECTRONIC VAPOR DEVICE THE ALTERNATIVE FOR ADULT SMOK BOX 1 COUNT","1",NA,2323,0.9944,"2023"
"e-liquid (impute mL)","085001975260",NA,"PUUR VAPOR","prefix",0.964,"08500197","SAVAGE SMOKING ALTERNATIVE PRODUCT ELECTRONIC CIGARETTE LIQUID PO ENERGY BULL MESH COIL BOX 1 COUNT","1",NA,2297,0.9944,"2022;2023"
"e-liquid (impute mL)","076746199123",NA,NA,"unknown",NA,"07674619","LOON MAXX SMOKING ALTERNATIVE PRODUCT ELECTRONIC CIGARETTE LIQUID PO BLUE LIGHTNING BOOSTED FLAVOR BOX 1 COUNT","1",NA,2246,0.9945,"2023"
"e-liquid (impute mL)","072944053375","LOGIC","LOGIC","raw",1,"07294405","LOGIC E-CG REGULAR MN","1",NA,2245,0.9945,"2013;2014;2015;2016;2017"
"e-liquid (impute mL)","065875194366",NA,"BO VAPING","prefix",1,"06587519","ELCT CGRTT CARTRIDGE","1",NA,2187,0.9946,"2019;2020"
"hardware/device (exclude)","200077785698",NA,NA,"unknown",NA,"20007778","CTL BR ELCT CGRT LQD POD SMKN ALTR PRDC STRT KIT BOX 1 CT","1",NA,2182,0.9947,"2021;2022;2023"
"e-liquid (impute mL)","081990502794",NA,"GLAS","prefix",1,"08199050","ELCT CGRTT LIQUID POD","1",NA,2105,0.9947,"2019;2020"
"bare UPC (needs barcode lookup)","081190403395","SOCIAL","SOCIAL","raw",1,"08119040",NA,"1",NA,2099,0.9948,"2019;2020;2021;2022"
"e-liquid (impute mL)","081010830002",NA,"ZEO","prefix",1,"08101083","ZEO SMOKING ALTERNATIVE PRODUCT ELECTRONIC CIGARETTE LIQUID PO MENTHOL EVERGREEN BOX 1 COUNT","1",NA,2097,0.9948,"2023"
"e-liquid (impute mL)","002590017517","E SWISHER","E SWISHER","raw",0.713,"00259001","E SWISHER E-CG","1",NA,2076,0.9949,"2013;2014;2015;2016"
"e-liquid (impute mL)","068146700322","BLU","BLU","raw",1,"06814670","BLU CIGS E-CG","1",NA,2050,0.9949,"2013"
"e-liquid (impute mL)","065875194381",NA,"BO VAPING","prefix",1,"06587519","ELCT CGRTT CARTRIDGE","1",NA,2026,0.995,"2019;2020"
"e-liquid (impute mL)","697184747161","JUICY","JUICY","raw",0.937,"69718474","JUICY BAR SMOKING ALTERNATIVE PRODUCT ELECTRONIC CIGARETTE LIQUID PO MIXED BERRY ICE MESH COIL BOX 1 COUNT","1",NA,2026,0.995,"2023"
"e-liquid (impute mL)","081649401430","NICOTEK","NICOTEK","raw",0.999,"08164940","NBL-NCL E-CG LIQUID TOB","1",NA,2013,0.9951,"2014;2015;2016;2017;2018;2019;2020"
"e-liquid (impute mL)","089961000241","CIGIREX","CIGIREX","raw",1,"08996100","CIGIREX E-CG REGULAR VO","1",NA,1999,0.9951,"2013;2014;2015"
"e-liquid (impute mL)","081505802306","LOGIC","LOGIC","raw",1,"08150580","LOGIC VAPELEAF ECV&C MN GREEN","1",NA,1984,0.9952,"2017;2018;2019"
"e-liquid (impute mL)","085001975268",NA,"PUUR VAPOR","prefix",0.964,"08500197","SAVAGE SMOKING ALTERNATIVE PRODUCT ELECTRONIC CIGARETTE LIQUID PO APPLE WATERMELON MESH COIL BOX 1 COUNT","1",NA,1944,0.9952,"2022;2023"
"e-liquid (impute mL)","085570400407","NEO","NEO","raw",0.768,"08557040","NEO E-CGC","1",NA,1884,0.9953,"2013;2014;2015;2016"
"e-liquid (impute mL)","084920500055","VUSE","VUSE","raw",1,"08492050","VUSE DVCC AST 2'S/BT&ECCR&L&T","2",NA,1882,0.9953,"2013;2014;2015;2018"
"e-liquid (impute mL)","081505802028","LOGIC","LOGIC","raw",1,"08150580","LOGIC E-CGC TOB","3",NA,1862,0.9954,"2015;2016"
"e-liquid (impute mL)","036586037194","VAPIN PLUS","VAPIN PLUS","raw",0.949,"03658603","VPLS E-CG LIQUID GRAPE","1",NA,1859,0.9954,"2017;2018;2019;2020"
"e-liquid (impute mL)","085965400214","BLU","BLU","raw",1,"08596540","BL-EGS E-CGCM M-M RFL","5",NA,1859,0.9955,"2013;2014;2015;2016;2017;2018"
"e-liquid (impute mL)","085001975267",NA,"PUUR VAPOR","prefix",0.964,"08500197","SAVAGE SMOKING ALTERNATIVE PRODUCT ELECTRONIC CIGARETTE LIQUID PO APPLE WATERMELON MESH COIL BOX 1 COUNT","1",NA,1842,0.9955,"2022;2023"
"e-liquid (impute mL)","081068701413","NJOY","NJOY","raw",1,"08106870","NJOY ONE JOY E-CG MN","1",NA,1837,0.9955,"2013;2014;2015;2016;2017;2018;2019"
"e-liquid (impute mL)","009710000102","MARKTEN","MARKTEN","raw",1,"00971000","MARKTEN E-CGC","4",NA,1822,0.9956,"2013;2014;2015;2016"
"e-liquid (impute mL)","081505802032","LOGIC","LOGIC","raw",1,"08150580","LP ECGLC PLATINUM TOB","3",NA,1799,0.9956,"2015;2016"
"e-liquid (impute mL)","009710000101","MARKTEN","MARKTEN","raw",1,"00971000","MARKTEN E-CG","1",NA,1784,0.9957,"2013;2014;2015;2016"
"e-liquid (impute mL)","002145805007","CLEAN CIG","CLEAN CIG","raw",1,"00214580","CLN-CG E-CGA REGULAR","5",NA,1729,0.9957,"2018;2019;2020;2021"
"e-liquid (impute mL)","084866604112","FINITI","FINITI","raw",1,"08486660","FIN ECGVT CHERRY","1",NA,1720,0.9958,"2015;2016;2017;2018"
"e-liquid (impute mL)","081002599209",NA,"IGNITE","prefix",1,"08100259","IGNITE SMOKING ALTERNATIVE PRODUCT ELECTRONIC CIGARETTE LIQUID PO TOBACCO BOX 1 COUNT","1",NA,1660,0.9958,"2022;2023"
"e-liquid (impute mL)","085143800734","JAK","JAK","raw",0.983,"08514380","JAK SMOKING ALTERNATIVE PRODUCT ELECTRONIC CIGARETTE MENTHOL 800 PUFFS TUBE 1 COUNT","1",NA,1624,0.9959,"2018;2019;2020;2021;2022"
"e-liquid (impute mL)","085005158211",NA,NA,"unknown",NA,"08500515","RIZN SMOKING ALTERNATIVE PRODUCT ELECTRONIC CIGARETTE LIQUID PO STRAWBERRY WATERMELON BOX 1 COUNT","1",NA,1598,0.9959,"2023"
"e-liquid (impute mL)","081990502870","GLAS","GLAS","raw",1,"08199050","GLAS SMOKING ALTERNATIVE PRODUCT BANDED 3 COUNT","3",NA,1594,0.9959,"2020;2021;2022;2023"
"e-liquid (impute mL)","081009691187",NA,NA,"unknown",NA,"08100969","JUICE HEAD SMOKING ALTERNATIVE PRODUCT ELECTRONIC CIGARETTE LIQUID PO RASPBERRY LEMONADE JUICE HEAD BOX 1 COUNT","1",NA,1592,0.996,"2023"
"e-liquid (impute mL)","002145801050","CLEAN CIG","CLEAN CIG","raw",1,"00214580","CLN-CG E-CGA REGULAR","5",NA,1578,0.996,"2018;2019;2020;2021"
"e-liquid (impute mL)","081505802307","LOGIC","LOGIC","raw",1,"08150580","LOGIC VAPELEAF ECV&C MN PURPLE","1",NA,1572,0.9961,"2017;2018"
"e-liquid (impute mL)","081068701240","NJOY","NJOY","raw",1,"08106870","NJOY E-CGC NO RFL","5",NA,1543,0.9961,"2013;2014;2015;2016;2017;2018;2021"
"e-liquid (impute mL)","081505802029","LOGIC","LOGIC","raw",1,"08150580","LOGIC E-CGC MN","3",NA,1536,0.9961,"2015;2016;2017"
"e-liquid (impute mL)","081649401440","NICOTEK","NICOTEK","raw",0.999,"08164940","NBL-NCL E-CG LIQUID TOB","1",NA,1459,0.9962,"2014;2015;2016;2017;2018;2019;2020"
"e-liquid (impute mL)","081505802020","LOGIC","LOGIC","raw",1,"08150580","LP ECGLC TOB","3",NA,1454,0.9962,"2015;2016"
"e-liquid (impute mL)","001396427294","SMART SMOKE","SMART SMOKE","raw",1,"00139642","SMART SMOKE E-CG MN","10",NA,1429,0.9962,"2013;2014;2015;2016;2017"
"e-liquid (impute mL)","078779031501",NA,"SWITCH MODS","prefix",1,"07877903","SWITCH MODS SMOKING ALTERNATIVE PRODUCT ELECTRONIC CIGARETTE LIQUID PO MINT BOX 1 COUNT","1",NA,1427,0.9963,"2021;2022;2023"
"e-liquid (impute mL)","069582599990","SAVAGE","SAVAGE","raw",1,"06958259","SAVAGE SMOKING ALTERNATIVE PRODUCT ELECTRONIC CIGARETTE LIQUID PO WATERMELON ICED MESH COIL BOX 1 COUNT","1",NA,1400,0.9963,"2023"
"e-liquid (impute mL)","002145801025","CLEAN CIG","CLEAN CIG","raw",1,"00214580","CLN-CG E-CGA REGULAR","5",NA,1373,0.9964,"2018;2019;2020"
"bare UPC (needs barcode lookup)","085001754883",NA,NA,"unknown",NA,"08500175",NA,"1",NA,1366,0.9964,"2022"
"e-liquid (impute mL)","081002599212",NA,"IGNITE","prefix",1,"08100259","IGNITE SMOKING ALTERNATIVE PRODUCT BLOOD ORANGE 1 COUNT","1",NA,1362,0.9964,"2022;2023"
"bare UPC (needs barcode lookup)","081190403396",NA,"SOCIAL","prefix",1,"08119040",NA,NA,NA,1358,0.9965,"2019;2020"
"bare UPC (needs barcode lookup)","081102002396",NA,"IMPERIAL","prefix",1,"08110200",NA,NA,NA,1352,0.9965,"2018;2019;2020"
"e-liquid (impute mL)","074598554858",NA,NA,"unknown",NA,"07459855","STAGBAR SMOKING ALTERNATIVE PRODUCT ELECTRONIC CIGARETTE LIQUID PO TIGER BLOOD MESH COIL BOX 1 COUNT","1",NA,1328,0.9965,"2023"
"bare UPC (needs barcode lookup)","081190403394",NA,"SOCIAL","prefix",1,"08119040",NA,NA,NA,1327,0.9966,"2019;2020"
"bare UPC (needs barcode lookup)","081102002403",NA,"IMPERIAL","prefix",1,"08110200",NA,NA,NA,1319,0.9966,"2018;2019;2020"
"bare UPC (needs barcode lookup)","081102002395",NA,"IMPERIAL","prefix",1,"08110200",NA,NA,NA,1308,0.9966,"2018;2019;2020"
"e-liquid (impute mL)","081649401433","NICOTEK","NICOTEK","raw",0.999,"08164940","NBL-NCL E-CG LIQUID WM","1",NA,1306,0.9967,"2014;2015;2016;2017;2018;2019;2020"
"e-liquid (impute mL)","085965400223","BLU","BLU","raw",1,"08596540","BL-EGS E-CGCM C-C RFL","5",NA,1301,0.9967,"2013;2014;2015;2016"
"bare UPC (needs barcode lookup)","081102002394",NA,"IMPERIAL","prefix",1,"08110200",NA,NA,NA,1290,0.9967,"2018;2019;2020"
"e-liquid (impute mL)","085682400211","ECO-CIGS","ECO-CIGS","raw",1,"08568240","ECO-CIGS E-CG TF","1",NA,1285,0.9968,"2013;2014;2015;2016;2017;2018"
"e-liquid (impute mL)","081505802033","LOGIC","LOGIC","raw",1,"08150580","LP ECGLC PLATINUM MN","3",NA,1265,0.9968,"2015;2016;2017"
"e-liquid (impute mL)","085005158206",NA,NA,"unknown",NA,"08500515","RIZN SMOKING ALTERNATIVE PRODUCT ELECTRONIC CIGARETTE LIQUID PO BLUE RASPBERRY LEMONADE BOX 1 COUNT","1",NA,1243,0.9968,"2023"
"e-liquid (impute mL)","085682400216","ECO-CIGS","ECO-CIGS","raw",1,"08568240","ECO-CIGS E-CGCM TF","3",NA,1243,0.9968,"2013;2014;2015;2016;2017"
"e-liquid (impute mL)","085410000331","BLU","BLU","raw",0.999,"08541000","BL-EGS E-CGCM VV RFL","5",NA,1236,0.9969,"2013;2014;2015;2016"
"bare UPC (needs barcode lookup)","081102002393",NA,"IMPERIAL","prefix",1,"08110200",NA,NA,NA,1231,0.9969,"2018;2019;2020"
"hardware/device (exclude)","081990502831","GLAS","GLAS","raw",1,"08199050","GLAS SMOKING ALTERNATIVE PRODUCT STARTER KIT TRAY 3 COUNT","3",NA,1226,0.9969,"2020;2021;2022;2023"
"bare UPC (needs barcode lookup)","085002678419",NA,NA,"unknown",NA,"08500267",NA,"1",NA,1217,0.997,"2022"
"e-liquid (impute mL)","068808300400",NA,NA,"unknown",NA,"06880830","WHISL SMOKING ALTERNATIVE PRODUCT ELECTRONIC CIGARETTE LIQUID PO TO FOCUS ON THE TASK AT HAND BOX 2 COUNT","2",NA,1196,0.997,"2021"
"e-liquid (impute mL)","081505802021","LOGIC","LOGIC","raw",1,"08150580","LP ECGLC MN","3",NA,1193,0.997,"2015;2016;2017;2018"
"hardware/device (exclude)","065875194396","BO VAPING","BO VAPING","raw",1,"06587519","ELCT VAPOR DEVICE","1",NA,1190,0.9971,"2019;2020;2021;2022;2023"
"e-liquid (impute mL)","065875194371","BO VAPING","BO VAPING","raw",1,"06587519","ELCT CGRTT CARTRIDGE","1",NA,1181,0.9971,"2019;2020;2021;2022;2023"
"e-liquid (impute mL)","084851100000","INTELLICIG","INTELLICIG","raw",1,"08485110","INTELLICIG E-CG","1",NA,1160,0.9971,"2013;2014"
"e-liquid (impute mL)","065747797270","SAVAGE","SAVAGE","raw",1,"06574779","SAVAGE SMOKING ALTERNATIVE PRODUCT ELECTRONIC CIGARETTE LIQUID PO PINEAPPLE COCONUT MESH COIL BOX 1 COUNT","1",NA,1158,0.9971,"2023"
"bare UPC (needs barcode lookup)","081102002401",NA,"IMPERIAL","prefix",1,"08110200",NA,NA,NA,1157,0.9972,"2018;2019;2020"
"e-liquid (impute mL)","081505802031","LOGIC","LOGIC","raw",1,"08150580","LOGIC E-CGC MN","3",NA,1145,0.9972,"2015;2016"
"bare UPC (needs barcode lookup)","081102002402",NA,"IMPERIAL","prefix",1,"08110200",NA,NA,NA,1101,0.9972,"2018;2019;2020"
"e-liquid (impute mL)","036586038130","21ST CENTURY SMOKE","21ST CENTURY SMOKE","raw",0.949,"03658603","21SCS E-CG MN","1",NA,1074,0.9973,"2013;2014;2015;2018"
"e-liquid (impute mL)","081649401432","NICOTEK","NICOTEK","raw",0.999,"08164940","NL-NBL E-CG LIQUID CHERRY","1",NA,1063,0.9973,"2014;2015;2016;2017;2018;2019;2020"
"e-liquid (impute mL)","081821401003","GREEN SMOKE","GREEN SMOKE","raw",1,"08182140","GREEN SMOKE E-CG A-T","2",NA,1059,0.9973,"2013;2014;2015"
"e-liquid (impute mL)","085609000300","ISMOK","ISMOK","raw",1,"08560900","ISMOK E-CG CT","1",NA,1045,0.9973,"2013;2014;2015;2016;2017;2018;2019;2020;2021;2022;2023"
"e-liquid (impute mL)","085682400215","ECO-CIGS","ECO-CIGS","raw",1,"08568240","ECO-CIGS E-CG MN","3",NA,1033,0.9974,"2013;2014;2015;2016;2018"
"e-liquid (impute mL)","081649401441","NICOTEK","NICOTEK","raw",0.999,"08164940","NL-NBL E-CG LIQUID MN","1",NA,1013,0.9974,"2014;2015;2016;2017;2018;2019;2020"
"e-liquid (impute mL)","081649401434","NICOTEK","NICOTEK","raw",0.999,"08164940","NL-NBL E-CG LIQUID GRAPE","1",NA,1008,0.9974,"2014;2015;2016;2017;2018;2019;2020"
"e-liquid (impute mL)","089961000242","CIGIREX","CIGIREX","raw",1,"08996100","CIGIREX E-CG MN OLS","1",NA,1003,0.9974,"2013;2014"
"e-liquid (impute mL)","085005158208",NA,NA,"unknown",NA,"08500515","RIZN SMOKING ALTERNATIVE PRODUCT ELECTRONIC CIGARETTE LIQUID PO PEACH BLUE RASPBERRY BOX 1 COUNT","1",NA,991,0.9975,"2023"
"e-liquid (impute mL)","009710000103","MARKTEN","MARKTEN","raw",1,"00971000","MARKTEN E-CG MN","1",NA,988,0.9975,"2013;2014;2015"
"bare UPC (needs barcode lookup)","081649401455",NA,"NICOTEK","prefix",0.999,"08164940",NA,NA,NA,969,0.9975,"2014;2015;2016;2017;2018;2019"
"e-liquid (impute mL)","065747795989","SAVAGE","SAVAGE","raw",1,"06574779","SAVAGE SMOKING ALTERNATIVE PRODUCT ELECTRONIC CIGARETTE LIQUID PO STRAWRAZZ MESH COIL BOX 1 COUNT","1",NA,963,0.9975,"2023"
"e-liquid (impute mL)","009710000104","MARKTEN","MARKTEN","raw",1,"00971000","MARKTEN E-CGC MN","4",NA,949,0.9976,"2013;2014;2015"
"e-liquid (impute mL)","081649401442","NICOTEK","NICOTEK","raw",0.999,"08164940","NL-NBL E-CG LIQUID CHERRY","1",NA,935,0.9976,"2014;2015;2016;2017;2018;2019;2020"
"e-liquid (impute mL)","084920500777","VUSE","VUSE","raw",1,"08492050","VUSE VIBE SMOKING ALTERNATIVE PRODUCT MOLDED TRAY IN BOX 1 COUNT","1",NA,935,0.9976,"2021;2022"
"bare UPC (needs barcode lookup)","081649401454",NA,"NICOTEK","prefix",0.999,"08164940",NA,NA,NA,921,0.9976,"2014;2015;2016;2017;2018;2019"
"e-liquid (impute mL)","001396427293","SMART SMOKE","SMART SMOKE","raw",1,"00139642","SMART SMOKE E-CG COFFEE","2",NA,914,0.9977,"2013;2014;2015;2016;2017;2018"
"e-liquid (impute mL)","065875194356","BO VAPING","BO VAPING","raw",1,"06587519","ELCT CGRTT CARTRIDGE","1",NA,909,0.9977,"2019;2020;2021"
"e-liquid (impute mL)","081649401444","NICOTEK","NICOTEK","raw",0.999,"08164940","NBL-NCL E-CG LIQUID GRAPE","1",NA,892,0.9977,"2014;2015;2016;2017;2018;2019;2020"
"e-liquid (impute mL)","076746199268",NA,NA,"unknown",NA,"07674619","LOON AIR SMOKING ALTERNATIVE PRODUCT ELECTRONIC CIGARETTE LIQUID PO GRAPE MESH COIL BOX 1 COUNT","1",NA,856,0.9977,"2023"
"e-liquid (impute mL)","084043916103","ZIG-ZAG","ZIG-ZAG","raw",0.999,"08404391","ZIG-ZAG E-CG LIQUID MN","1",NA,851,0.9978,"2015;2016;2017;2018;2019;2020"
"bare UPC (needs barcode lookup)","081649401453",NA,"NICOTEK","prefix",0.999,"08164940",NA,NA,NA,836,0.9978,"2014;2015;2017;2018;2019"
"bare UPC (needs barcode lookup)","081068701483",NA,"NJOY","prefix",1,"08106870",NA,NA,NA,834,0.9978,"2020"
"e-liquid (impute mL)","085003554338",NA,NA,"unknown",NA,"08500355","FIFTY BAR SMOKING ALTERNATIVE PRODUCT ELECTRONIC CIGARETTE LIQUID PO BLUE RAZZLE ICE BOX 1 COUNT","1",NA,825,0.9978,"2023"
"e-liquid (impute mL)","085005158209",NA,NA,"unknown",NA,"08500515","RIZN SMOKING ALTERNATIVE PRODUCT ELECTRONIC CIGARETTE LIQUID PO STRAWBERRY LIME CRANBERRY BOX 1 COUNT","1",NA,819,0.9978,"2023"
"bare UPC (needs barcode lookup)","070471534527",NA,NA,"unknown",NA,"07047153",NA,NA,NA,815,0.9979,"2020"
"e-liquid (impute mL)","081102002186","IMPERIAL","IMPERIAL","raw",1,"08110200","IMPRL HK E-CG LIQUID P-MNG","1",NA,813,0.9979,"2018;2019;2020"
"e-liquid (impute mL)","085005158207",NA,NA,"unknown",NA,"08500515","RIZN SMOKING ALTERNATIVE PRODUCT ELECTRONIC CIGARETTE LIQUID PO MIXED BERRIES BOX 1 COUNT","1",NA,812,0.9979,"2023"
"e-liquid (impute mL)","065875194361",NA,"BO VAPING","prefix",1,"06587519","ELCT CGRTT CARTRIDGE","1",NA,810,0.9979,"2019;2020"
"bare UPC (needs barcode lookup)","003760401203",NA,NA,"unknown",NA,"00376040",NA,NA,NA,806,0.9979,"2013;2014;2015;2018;2019;2020"
"e-liquid (impute mL)","084934900227","V2 CIGS","V2 CIGS","raw",1,"08493490","V2 CIGS E-CG MN","1",NA,802,0.998,"2014;2015;2016;2017;2018;2019;2020;2021"
"e-liquid (impute mL)","076746199275",NA,NA,"unknown",NA,"07674619","LOON AIR SMOKING ALTERNATIVE PRODUCT ELECTRONIC CIGARETTE LIQUID PO FANTASNE MESH COIL BOX 1 COUNT","1",NA,770,0.998,"2023"
"e-liquid (impute mL)","081102002184","IMPERIAL","IMPERIAL","raw",1,"08110200","IMPRL HK E-CG LIQUID PINEAPPLE","1",NA,761,0.998,"2018;2019;2020"
"e-liquid (impute mL)","081102002217","IMPERIAL","IMPERIAL","raw",1,"08110200","IMPRL HK E-CG LIQUID 3D APPLE","1",NA,750,0.998,"2018;2019"
"bare UPC (needs barcode lookup)","081649401465",NA,"NICOTEK","prefix",0.999,"08164940",NA,NA,NA,744,0.998,"2014;2015;2017;2018;2019"
"e-liquid (impute mL)","081102002195","IMPERIAL","IMPERIAL","raw",1,"08110200","IMPRL HK E-CG LIQUID J-JC","1",NA,726,0.9981,"2018;2019"
"e-liquid (impute mL)","085003554343",NA,NA,"unknown",NA,"08500355","FIFTY BAR SMOKING ALTERNATIVE PRODUCT ELECTRONIC CIGARETTE LIQUID PO JUICY MANGO MELON ICE BOX 1 COUNT","1",NA,725,0.9981,"2023"
"e-liquid (impute mL)","081102002170","IMPERIAL","IMPERIAL","raw",1,"08110200","IMP-SMOKE E-CG LIQUID MN","1",NA,699,0.9981,"2018;2019"
"e-liquid (impute mL)","002590017500","E SWISHER","E SWISHER","raw",0.713,"00259001","E SWISHER E-CGAC","1",NA,698,0.9981,"2013;2014;2015;2016;2018"
"e-liquid (impute mL)","036586037182","VAPIN PLUS","VAPIN PLUS","raw",0.949,"03658603","VPLS E-CG LIQUID APPLE","1",NA,668,0.9981,"2015;2016;2017;2018;2019;2020"
"e-liquid (impute mL)","081821401001","GREEN SMOKE","GREEN SMOKE","raw",1,"08182140","GS-VP E-CG A-T","1",NA,666,0.9981,"2013;2014;2015"
"bare UPC (needs barcode lookup)","061772491452",NA,"SQUARE","prefix",1,"06177249",NA,NA,NA,654,0.9982,"2015;2016;2017;2018"
"bare UPC (needs barcode lookup)","081649401456",NA,"NICOTEK","prefix",0.999,"08164940",NA,NA,NA,645,0.9982,"2014;2015;2016;2017;2018;2019;2020"
"e-liquid (impute mL)","085003554344",NA,NA,"unknown",NA,"08500355","FIFTY BAR SMOKING ALTERNATIVE PRODUCT ELECTRONIC CIGARETTE LIQUID PO ALOE GRAPPLE WATERMELON BOX 1 COUNT","1",NA,637,0.9982,"2023"
"e-liquid (impute mL)","085570400408","NEO","NEO","raw",0.768,"08557040","NEO E-CG MN","1",NA,636,0.9982,"2014;2015;2016"
"bare UPC (needs barcode lookup)","002012632802",NA,"MISTIC","prefix",1,"00201263",NA,NA,NA,631,0.9982,"2013;2014;2015;2016"
"e-liquid (impute mL)","085005158210",NA,NA,"unknown",NA,"08500515","RIZN SMOKING ALTERNATIVE PRODUCT ELECTRONIC CIGARETTE LIQUID PO SUPER SOUR BOX 1 COUNT","1",NA,631,0.9982,"2023"
"e-liquid (impute mL)","081649401448","NICOTEK","NICOTEK","raw",0.999,"08164940","NL-NBL E-CG LIQUID KIWI","1",NA,627,0.9983,"2014;2015;2016;2017;2018;2019;2020"
"e-liquid (impute mL)","081102002166","IMPERIAL","IMPERIAL","raw",1,"08110200","IMP-SMOKE E-CG LIQUID MN","1",NA,626,0.9983,"2018;2019"
"e-liquid (impute mL)","081102002165","IMPERIAL","IMPERIAL","raw",1,"08110200","IMP-SMOKE E-CG LIQUID TOB LEAF","1",NA,625,0.9983,"2018;2019;2020"
"e-liquid (impute mL)","085609000332","ISMOK","ISMOK","raw",1,"08560900","ISMOK E-CG CT RFL/ECC=","5",NA,619,0.9983,"2013;2014;2015;2016;2018;2019"
"e-liquid (impute mL)","081102002210","IMPERIAL","IMPERIAL","raw",1,"08110200","IMPRL HK E-CG LIQUID B-B","1",NA,613,0.9983,"2018;2019;2020"
"e-liquid (impute mL)","081649401437","NICOTEK","NICOTEK","raw",0.999,"08164940","NL-NBL E-CG LIQUID VANILLA","1",NA,613,0.9983,"2014;2015;2016;2017;2018;2019;2020"
"e-liquid (impute mL)","061737594344","SQUARE","SQUARE","raw",1,"06173759","SQUARE SMOKING ALTERNATIVE PRODUCT LIQUID VAPORIZER PEN ORIGINAL RED 1000 PUFFS BOX 1 COUNT","1",NA,608,0.9983,"2021;2022"
"e-liquid (impute mL)","085609000315","ISMOK","ISMOK","raw",1,"08560900","ISMOK E-CGC CT","3",NA,608,0.9984,"2013;2014;2015;2016;2017;2018;2019"
"e-liquid (impute mL)","076746199117",NA,NA,"unknown",NA,"07674619","LOON MAXX SMOKING ALTERNATIVE PRODUCT ELECTRONIC CIGARETTE LIQUID PO H2O BOX 1 COUNT","1",NA,605,0.9984,"2023"
"e-liquid (impute mL)","061772451137","SQUARE","SQUARE","raw",1,"06177245","SQ-DR E-CG LIQUID LOVE ME","1",NA,601,0.9984,"2015;2016;2017;2018"
"e-liquid (impute mL)","081102002171","IMPERIAL","IMPERIAL","raw",1,"08110200","IMP-SMOKE E-CG LIQUID TOB LEAF","1",NA,601,0.9984,"2018;2019"
"e-liquid (impute mL)","081505802046","LOGIC","LOGIC","raw",1,"08150580","LOGIC POWER E-CG CHERRY","1",NA,598,0.9984,"2016;2017;2018;2019"
"e-liquid (impute mL)","081821401004","GREEN SMOKE","GREEN SMOKE","raw",1,"08182140","GREEN SMOKE E-CG M-I","2",NA,596,0.9984,"2013;2014;2015;2016"
"e-liquid (impute mL)","085570400814","HAUS","HAUS","raw",0.768,"08557040","HAUS ECTA","1",NA,596,0.9985,"2014;2015;2016;2017;2018;2019"
"e-liquid (impute mL)","081102002176","IMPERIAL","IMPERIAL","raw",1,"08110200","IMPRL HK E-CG LIQUID S-FL","1",NA,575,0.9985,"2018;2019"
"e-liquid (impute mL)","061772451152","SQUARE","SQUARE","raw",1,"06177245","SQ-DR E-CG LIQUID NBG","1",NA,574,0.9985,"2015;2016;2017;2018"
"e-liquid (impute mL)","081821401002","GREEN SMOKE","GREEN SMOKE","raw",1,"08182140","GS-VP E-CG M-I","1",NA,574,0.9985,"2013;2014"
"e-liquid (impute mL)","084043916100","ZIG-ZAG","ZIG-ZAG","raw",0.999,"08404391","ZIG-ZAG E-CG LIQUID TRDNL","1",NA,574,0.9985,"2014;2015;2016;2017;2018;2019;2020"
"e-liquid (impute mL)","081649401445","FAZE","FAZE","raw",0.999,"08164940","FAZE E-CG LIQUID APPLE","1",NA,573,0.9985,"2015;2016;2017;2018;2019;2020"
"e-liquid (impute mL)","061772451170","SQUARE","SQUARE","raw",1,"06177245","SQ-DR E-CG LIQUID OST","1",NA,569,0.9985,"2015;2016;2017;2018"
"e-liquid (impute mL)","076746199119",NA,NA,"unknown",NA,"07674619","LOON MAXX SMOKING ALTERNATIVE PRODUCT ELECTRONIC CIGARETTE LIQUID PO CLEAR BOX 1 COUNT","1",NA,564,0.9986,"2023"
"e-liquid (impute mL)","081649401438","NICOTEK","NICOTEK","raw",0.999,"08164940","NL-NBL E-CG LIQUID KIWI","1",NA,562,0.9986,"2014;2015;2016;2017;2018;2019;2020"
"e-liquid (impute mL)","081649401435","NICOTEK","NICOTEK","raw",0.999,"08164940","NL-NBL E-CG LIQUID APPLE","1",NA,561,0.9986,"2015;2016;2017;2018;2019;2020"
"bare UPC (needs barcode lookup)","085001754805",NA,NA,"unknown",NA,"08500175",NA,"1",NA,551,0.9986,"2022"
"e-liquid (impute mL)","081649401447","NICOTEK","NICOTEK","raw",0.999,"08164940","NL-NBL E-CG LIQUID VANILLA","1",NA,545,0.9986,"2014;2015;2017;2018;2019;2020"
"e-liquid (impute mL)","089961000209","CIGIREX","CIGIREX","raw",1,"08996100","CIGIREX E-CG","2",NA,540,0.9986,"2013;2014;2015"
"bare UPC (needs barcode lookup)","085436100477",NA,"NE WHERE","prefix",1,"08543610",NA,NA,NA,535,0.9986,"2018;2019"
"e-liquid (impute mL)","081505802012","LOGIC","LOGIC","raw",1,"08150580","LOGIC E-CGC TOB","1",NA,534,0.9986,"2015;2016;2017"
"e-liquid (impute mL)","089961000214","CIGIREX","CIGIREX","raw",1,"08996100","CIGIREX E-CGC MN RFL","5",NA,531,0.9987,"2013;2014"
"e-liquid (impute mL)","081505802016","LOGIC","LOGIC","raw",1,"08150580","LOGIC E-CGC TOB","1",NA,530,0.9987,"2015;2016"
"e-liquid (impute mL)","089961000212","CIGIREX","CIGIREX","raw",1,"08996100","CIGIREX E-CGC REGULAR RFL","5",NA,522,0.9987,"2013;2014"
"e-liquid (impute mL)","002145800003","CLEAN CIG","CLEAN CIG","raw",1,"00214580","CLEAN CIG E-CG REGULAR","1",NA,485,0.9987,"2018;2019;2020;2021;2022"
"e-liquid (impute mL)","085609000317","ISMOK","ISMOK","raw",1,"08560900","ISMOK E-CGC MN/BT/ECC","2",NA,481,0.9987,"2013;2014;2015;2016;2017;2018;2019"
"e-liquid (impute mL)","061772451156","SQUARE","SQUARE","raw",1,"06177245","SQ-DR E-CG LIQUID RYDGR","1",NA,479,0.9987,"2015;2016;2017;2018"
"e-liquid (impute mL)","061772451131","SQUARE","SQUARE","raw",1,"06177245","SQ-DR E-CG LIQUID CMYK","1",NA,469,0.9987,"2015;2016;2017;2018"
"bare UPC (needs barcode lookup)","087674200074",NA,NA,"unknown",NA,"08767420",NA,"1",NA,468,0.9987,"2021;2022"
"e-liquid (impute mL)","075362007995","ESCO BARS","ESCO BARS","raw",1,"07536200","ESCO BARS SMOKING ALTERNATIVE PRODUCT ELECTRONIC CIGARETTE LIQUID PO STRAWBERRY BANANA BOX 1 COUNT","1",NA,454,0.9988,"2023"
"e-liquid (impute mL)","692660811307",NA,"PALAX","prefix",1,"69266081","PALAX SMOKING ALTERNATIVE PRODUCT ELECTRONIC CIGARETTE LIQUID PO LUSH PEACH DEW MESH COIL BOX 1 COUNT","1",NA,454,0.9988,"2023"
"e-liquid (impute mL)","061772491336","SQUARE","SQUARE","raw",1,"06177249","SQUARE SMOKING ALTERNATIVE PRODUCT LIQUID VAPORIZER PEN MINTY MENTHOL 1000 PUFFS BOX 1 COUNT","1",NA,453,0.9988,"2021;2022"
"e-liquid (impute mL)","085124700303","MODERN SMOKE","MODERN SMOKE","raw",1,"08512470","MD-SMK E-CGCM MN","5",NA,448,0.9988,"2013;2014;2015;2016;2017;2018;2021"
"e-liquid (impute mL)","089961000210","CIGIREX","CIGIREX","raw",1,"08996100","CIGIREX E-CG","2",NA,438,0.9988,"2013;2014"
"e-liquid (impute mL)","089961000211","CIGIREX","CIGIREX","raw",1,"08996100","CIGIREX E-CG MN","2",NA,437,0.9988,"2013;2014;2015"
"bare UPC (needs barcode lookup)","061772451132",NA,"SQUARE","prefix",1,"06177245",NA,NA,NA,436,0.9988,"2015;2016;2017;2018;2019"
"bare UPC (needs barcode lookup)","061772451153",NA,"SQUARE","prefix",1,"06177245",NA,NA,NA,436,0.9988,"2015;2016;2017;2018"
"e-liquid (impute mL)","085003554337",NA,NA,"unknown",NA,"08500355","FIFTY BAR SMOKING ALTERNATIVE PRODUCT ELECTRONIC CIGARETTE LIQUID PO VANILLA CUSTARD BOX 1 COUNT","1",NA,436,0.9989,"2023"
"e-liquid (impute mL)","061772451138","SQUARE","SQUARE","raw",1,"06177245","SQ-DR E-CG LIQUID MML","1",NA,434,0.9989,"2015;2016;2017;2018;2019"
"bare UPC (needs barcode lookup)","081713502364",NA,"CUE","prefix",1,"08171350",NA,NA,NA,426,0.9989,"2018;2019;2020"
"e-liquid (impute mL)","002590017501","E SWISHER","E SWISHER","raw",0.713,"00259001","E SWISHER E-CG MB","1",NA,423,0.9989,"2013;2014;2015;2016;2017;2018"
"e-liquid (impute mL)","081505802013","LOGIC","LOGIC","raw",1,"08150580","LOGIC E-CGC MN","1",NA,420,0.9989,"2015;2016;2017"
"e-liquid (impute mL)","081836802813","STIG","STIG","raw",1,"08183680","ELCT CGRTT LIQUID POD","1",NA,419,0.9989,"2020;2021"
"e-liquid (impute mL)","075362020291","ESCO BARS","ESCO BARS","raw",1,"07536202","ESCO BARS SMOKING ALTERNATIVE PRODUCT MANGO ICE 1 COUNT","1",NA,416,0.9989,"2023"
"e-liquid (impute mL)","081836802961",NA,"STIG","prefix",1,"08183680","STIG VGOD SMOKING ALTERNATIVE PRODUCT ELECTRONIC CIGARETTE LIQUID PO LUSH ICE WATERMELON BOX IN WRAP 3 COUNT","1",NA,416,0.9989,"2020;2021"
"e-liquid (impute mL)","085143800736","JAK","JAK","raw",0.983,"08514380","ELCT CGRTT","1",NA,403,0.9989,"2018;2019;2020;2021;2022"
"bare UPC (needs barcode lookup)","085436100482",NA,"NE WHERE","prefix",1,"08543610",NA,NA,NA,400,0.9989,"2018;2019"
"e-liquid (impute mL)","089961000213","CIGIREX","CIGIREX","raw",1,"08996100","CIGIREX E-CGC RFL","5",NA,400,0.999,"2013;2014"
"e-liquid (impute mL)","081649401225","NICOTEK","NICOTEK","raw",0.999,"08164940","NICOTEK METRO E-CG VO","1",NA,396,0.999,"2018;2019"
"bare UPC (needs barcode lookup)","085436100421",NA,"NE WHERE","prefix",1,"08543610",NA,NA,NA,395,0.999,"2018;2019"
"e-liquid (impute mL)","065436770663","CIGALECTRIC","CIGALECTRIC","raw",1,"06543677","CIGALECTRIC E-CGC REGULAR","1",NA,391,0.999,"2013;2014;2015;2016;2017;2018;2020;2021"
"e-liquid (impute mL)","084043916151","ZIG-ZAG","ZIG-ZAG","raw",0.999,"08404391","ZIG-ZAG E-CG LIQUID MANGO","1",NA,380,0.999,"2015;2016;2017;2018;2019"
"e-liquid (impute mL)","085410000352","QUIK E-CIG","QUIK E-CIG","raw",0.999,"08541000","QUIK E-CIG E-CG TOB","1",NA,379,0.999,"2013;2014;2015;2016"
"e-liquid (impute mL)","084018990339",NA,"SHENZHEN GOLDREAMS TECHNOLOGY","prefix",1,"08401899","AIR BAR ANTISMOKING PRODUCT 1 COUNT","1",NA,375,0.999,"2022;2023"
"e-liquid (impute mL)","697184747280",NA,"JUICY BAR","prefix",0.937,"69718474","JUICY BAR SMOKING ALTERNATIVE PRODUCT ELECTRONIC CIGARETTE LIQUID PO PINEAPPLE COCONUT ICE MESH COIL BOX 1 COUNT","1",NA,373,0.999,"2023"
"e-liquid (impute mL)","081505802017","LOGIC","LOGIC","raw",1,"08150580","LOGIC E-CGC MN","1",NA,370,0.999,"2015;2016"
"e-liquid (impute mL)","081649401226","NICOTEK","NICOTEK","raw",0.999,"08164940","NICOTEK METRO E-CG MN","1",NA,370,0.999,"2018;2019"
"e-liquid (impute mL)","085682400258","ECO-CIGS","ECO-CIGS","raw",1,"08568240","ECO-CIGS E-CGCM TOB RFL","3",NA,367,0.9991,"2014;2015;2016;2017;2018"
"e-liquid (impute mL)","085965400220","BLU","BLU","raw",1,"08596540","BL-EGS E-CGCM JAVA JOLT RFL","5",NA,362,0.9991,"2013;2014;2015;2016"
"e-liquid (impute mL)","084043916124","ZIG-ZAG","ZIG-ZAG","raw",0.999,"08404391","ZIG-ZAG E-CG LIQUID DRBRY","1",NA,356,0.9991,"2015;2016;2017;2018;2019;2020"
"bare UPC (needs barcode lookup)","085607300329",NA,"JAK","prefix",1,"08560730",NA,NA,NA,355,0.9991,"2015;2016;2017;2018;2019;2020"
"bare UPC (needs barcode lookup)","085436100481",NA,"NE WHERE","prefix",1,"08543610",NA,NA,NA,346,0.9991,"2018;2019"
"e-liquid (impute mL)","692660811311",NA,"PALAX","prefix",1,"69266081","PALAX SMOKING ALTERNATIVE PRODUCT ELECTRONIC CIGARETTE LIQUID PO MANGO CHILL BOX 1 COUNT","1",NA,346,0.9991,"2023"
"e-liquid (impute mL)","073621120294","SMOKERS 1 CHOICE","SMOKERS 1 CHOICE","raw",0.965,"07362112","S1C E-CG MN N-FL MEDIUM","1",NA,344,0.9991,"2013;2014;2015;2016;2017;2020"
"e-liquid (impute mL)","697184747274",NA,"JUICY BAR","prefix",0.937,"69718474","JUICY BAR SMOKING ALTERNATIVE PRODUCT ELECTRONIC CIGARETTE LIQUID PO VANILLA ICE CREAM MESH COIL BOX 1 COUNT","1",NA,336,0.9991,"2023"
"e-liquid (impute mL)","002145802000","CLEAN CIG","CLEAN CIG","raw",1,"00214580","CLN-CG E-CGA MN","5",NA,331,0.9991,"2018;2019;2020"
"e-liquid (impute mL)","084920500142","VUSE","VUSE","raw",1,"08492050","VUSE DVC OGN/BT&ECC","1",NA,330,0.9991,"2014;2015"
"e-liquid (impute mL)","065436770664","CIGALECTRIC","CIGALECTRIC","raw",1,"06543677","CIGALECTRIC E-CGC MN","1",NA,329,0.9991,"2013;2014;2015;2016;2017;2018;2020"
"e-liquid (impute mL)","079361829246",NA,NA,"unknown",NA,"07936182","DINNER LADY SMOKING ALTERNATIVE PRODUCT STRAWBERRY ICE 1 COUNT","1",NA,325,0.9991,"2022"
"bare UPC (needs barcode lookup)","085436100420",NA,"NE WHERE","prefix",1,"08543610",NA,NA,NA,321,0.9992,"2018;2019"
"e-liquid (impute mL)","036586038289","21ST CENTURY SMOKE","21ST CENTURY SMOKE","raw",0.949,"03658603","21SCS E-CGC REGULAR","3",NA,318,0.9992,"2018;2019;2020"
"e-liquid (impute mL)","084043916407","ZIG-ZAG","ZIG-ZAG","raw",0.999,"08404391","ZIG-ZAG EVC CLMR","2",NA,316,0.9992,"2015;2016;2017;2018;2019;2020"
"e-liquid (impute mL)","085266255761",NA,"PUFF","prefix",0.855,"08526625","ELCT CGRTT LIQUID POD","1",NA,315,0.9992,"2020"
"e-liquid (impute mL)","073621120264","SMOKERS 1 CHOICE","SMOKERS 1 CHOICE","raw",0.965,"07362112","S1C E-CG MEDIUM","1",NA,311,0.9992,"2013;2014;2015;2017;2018"
"e-liquid (impute mL)","002590017504","E SWISHER","E SWISHER","raw",0.713,"00259001","E SWISHER E-CGC MB RFL","3",NA,309,0.9992,"2013;2014;2015;2016;2018"
"e-liquid (impute mL)","085266255825",NA,"PUFF","prefix",0.855,"08526625","ELCT CGRTT LIQUID POD","1",NA,308,0.9992,"2020"
"e-liquid (impute mL)","085266255801",NA,"PUFF","prefix",0.855,"08526625","ELCT CGRTT LIQUID POD","1",NA,306,0.9992,"2020"
"e-liquid (impute mL)","088886130601","LEAP","LEAP","raw",1,"08888613","LEAP GO SMOKING ALTERNATIVE PRODUCT ELECTRONIC CIGARETTE CITRUS MENTHOL BOX 1 COUNT","1",NA,306,0.9992,"2021;2022;2023"
"e-liquid (impute mL)","085830200521","NE WHERE","NE WHERE","raw",1,"08583020","NE WHERE ECGVT RFL","1",NA,300,0.9992,"2018;2019;2020"
"e-liquid (impute mL)","036586038204","21ST CENTURY SMOKE","21ST CENTURY SMOKE","raw",0.949,"03658603","21SCS E-CGAC MN","3",NA,299,0.9992,"2013;2014;2019;2020"
"bare UPC (needs barcode lookup)","085436100424",NA,"NE WHERE","prefix",1,"08543610",NA,NA,NA,297,0.9992,"2018;2019"
"e-liquid (impute mL)","081102002182","IMPERIAL","IMPERIAL","raw",1,"08110200","IMPRL HK E-CG LIQUID P-CLD","1",NA,293,0.9992,"2018;2019"
"e-liquid (impute mL)","085014900708","MISTIC","MISTIC","raw",1,"08501490","M2CFP E-CG NEON CREAM","1",NA,290,0.9993,"2017;2018"
"bare UPC (needs barcode lookup)","085607300328",NA,"JAK","prefix",1,"08560730",NA,NA,NA,289,0.9993,"2015;2016;2017;2018;2019;2020"
"e-liquid (impute mL)","036586038207","21ST CENTURY SMOKE","21ST CENTURY SMOKE","raw",0.949,"03658603","21SCS E-CGAC REGULAR","3",NA,287,0.9993,"2013;2014;2018;2019;2020"
"e-liquid (impute mL)","085436100422","NE WHERE","NE WHERE","raw",1,"08543610","NE WHERE EHOK ORANGE CREAM","1",NA,287,0.9993,"2018"
"e-liquid (impute mL)","088796900501","BLU","BLU","raw",1,"08879690","BLU SMOKING ALTERNATIVE PRODUCT ELECTRONIC CIGARETTE MENTHOL CARTOON 1 COUNT","1",NA,286,0.9993,"2022;2023"
"e-liquid (impute mL)","002012632805","MISTIC","MISTIC","raw",1,"00201263","MISTIC E-CGC MN RFL","5",NA,283,0.9993,"2013;2014;2015;2019"
"e-liquid (impute mL)","065436704331","CIGALECTRIC","CIGALECTRIC","raw",1,"06543670","CIGALECTRIC E-CGC REGULAR","1",NA,280,0.9993,"2013;2014;2015;2016;2017;2018"
"e-liquid (impute mL)","692660811309",NA,"PALAX","prefix",1,"69266081","PALAX SMOKING ALTERNATIVE PRODUCT ELECTRONIC CIGARETTE LIQUID PO MANGO ALOE ICE BOX 1 COUNT","1",NA,270,0.9993,"2023"
"bare UPC (needs barcode lookup)","002145801075",NA,"CLEAN CIG","prefix",1,"00214580",NA,NA,NA,269,0.9993,"2018;2019;2020"
"bare UPC (needs barcode lookup)","081102002156",NA,"IMPERIAL","prefix",1,"08110200",NA,NA,NA,260,0.9993,"2018;2019"
"e-liquid (impute mL)","085266255781",NA,"PUFF","prefix",0.855,"08526625","ELCT CGRTT LIQUID POD","1",NA,259,0.9993,"2020"
"e-liquid (impute mL)","085308600483","CRISS-CROSS","CRISS-CROSS","raw",1,"08530860","CRISS-CROSS E-CG REGULAR","1",NA,258,0.9993,"2013;2014;2015"
"bare UPC (needs barcode lookup)","085436100423",NA,"NE WHERE","prefix",1,"08543610",NA,NA,NA,256,0.9993,"2018;2019"
"e-liquid (impute mL)","081022002111","ISMOKE VAPER TECH","ISMOKE VAPER TECH","raw",1,"08102200","IVPT E-CGC OGN RFL","5",NA,254,0.9993,"2015;2016;2017;2019"
"e-liquid (impute mL)","085682400218","ECO-CIGS","ECO-CIGS","raw",1,"08568240","ECO-CIGS E-CG TF","1",NA,254,0.9994,"2013;2014;2015;2016;2017"
"e-liquid (impute mL)","081102002147","IMPERIAL","IMPERIAL","raw",1,"08110200","IMPRL HK E-CG LIQUID PINEAPPLE","1",NA,253,0.9994,"2018;2019"
"e-liquid (impute mL)","085266255757",NA,"PUFF","prefix",0.855,"08526625","ELCT CGRTT LIQUID POD","1",NA,253,0.9994,"2020;2021"
"e-liquid (impute mL)","081068701760","NJOY","NJOY","raw",1,"08106870","NJOY E-CGCMB AST 2'S\SAP=","2",NA,251,0.9994,"2014;2015;2016;2017;2018;2019"
"e-liquid (impute mL)","036586037188","VAPIN PLUS","VAPIN PLUS","raw",0.949,"03658603","VPLS E-CG LIQUID CHO","1",NA,248,0.9994,"2015;2016;2017;2018;2019;2020"
"e-liquid (impute mL)","085609000333","ISMOK","ISMOK","raw",1,"08560900","ISMOK E-CG MN RFL/ECC=","5",NA,246,0.9994,"2013;2014;2015;2016;2017;2018"
"e-liquid (impute mL)","081010749469",NA,NA,"unknown",NA,"08101074","ESCO BARS RIPE COLLECTION SMOKING ALTERNATIVE PRODUCT ELECTRONIC CIGARETTE LIQUID PO APPLE MELONS ICE MESH BOX 1 COUNT","1",NA,243,0.9994,"2023"
"e-liquid (impute mL)","081323902441","SPACE JAM","SPACE JAM","raw",1,"08132390","SPC JM-KGT AST 3'S","3",NA,241,0.9994,"2018;2019"
"e-liquid (impute mL)","084018990594","SHENZHEN GOLDREAMS TECHNOLOGY","SHENZHEN GOLDREAMS TECHNOLOGY","raw",1,"08401899","AIR BAR BOX SMOKING ALTERNATIVE PRODUCT ELECTRONIC CIGARETTE LIQUID PO MONSTER ICE 3000 PUFFS BOX 1 COUNT","1",NA,239,0.9994,"2022;2023"
"e-liquid (impute mL)","081068701761","NJOY","NJOY","raw",1,"08106870","NJOY E-CGCMB AST 2'S\SAP=","2",NA,230,0.9994,"2014;2015;2016;2017;2018;2019"
"e-liquid (impute mL)","081102002164","IMPERIAL","IMPERIAL","raw",1,"08110200","IMPRL HK E-CG LIQUID WM MINT","1",NA,228,0.9994,"2018;2019"
"bare UPC (needs barcode lookup)","085436100408",NA,"NE WHERE","prefix",1,"08543610",NA,NA,NA,228,0.9994,"2018"
"e-liquid (impute mL)","084043916121","ZIG-ZAG","ZIG-ZAG","raw",0.999,"08404391","ZIG-ZAG E-CG LIQUID ISLND BRZ","1",NA,224,0.9994,"2017;2018;2019;2020"
"e-liquid (impute mL)","081323902462","SPACE JAM","SPACE JAM","raw",1,"08132390","SPC JM E-CG LIQUID MTR MLK","1",NA,222,0.9994,"2018;2019"
"e-liquid (impute mL)","085266255749",NA,"PUFF","prefix",0.855,"08526625","ELCT CGRTT LIQUID POD","1",NA,220,0.9994,"2020"
"e-liquid (impute mL)","084920500145","VUSE","VUSE","raw",1,"08492050","VUSE DVC MN/BT&ECC","1",NA,219,0.9994,"2014;2015"
"e-liquid (impute mL)","081102002201","IMPERIAL","IMPERIAL","raw",1,"08110200","IMPRL HK E-CG LIQUID H-RNB","1",NA,210,0.9994,"2018;2019"
"e-liquid (impute mL)","081323902014","SPACE JAM","SPACE JAM","raw",1,"08132390","SPC JM E-CG LIQUID ASTRO","1",NA,209,0.9995,"2018;2019"
"e-liquid (impute mL)","697184747132",NA,"JUICY BAR","prefix",0.937,"69718474","JUICY BAR SMOKING ALTERNATIVE PRODUCT ELECTRONIC CIGARETTE LIQUID PO STRAWBERRY KIWI MESH COIL BOX 1 COUNT","1",NA,208,0.9995,"2023"
"e-liquid (impute mL)","085436100425","NE WHERE","NE WHERE","raw",1,"08543610","NE WHERE EHOK GRAPE GATSBY","1",NA,205,0.9995,"2018;2019;2021"
"e-liquid (impute mL)","085410000353","QUIK E-CIG","QUIK E-CIG","raw",0.999,"08541000","QUIK E-CIG E-CG MN","1",NA,204,0.9995,"2013;2014;2015;2016"
"e-liquid (impute mL)","085436100490","NE WHERE","NE WHERE","raw",1,"08543610","NE WHERE E-CG LIQUID BGM","1",NA,203,0.9995,"2018;2019"
"e-liquid (impute mL)","693728100036","VAPCIGS","VAPCIGS","raw",1,"69372810","VAPCIGS E-CGC","14",NA,203,0.9995,"2013;2014;2015"
"e-liquid (impute mL)","019383500507","SHENZHEN GOLDREAMS TECHNOLOGY","SHENZHEN GOLDREAMS TECHNOLOGY","raw",1,"01938350","AIR BAR MAX SMOKING ALTERNATIVE PRODUCT GUAVA SHAKE 1 COUNT","1",NA,200,0.9995,"2021;2022"
"e-liquid (impute mL)","081323902013","SPACE JAM","SPACE JAM","raw",1,"08132390","SPC JM E-CG LIQUID ASTRO","1",NA,199,0.9995,"2018;2019"
"e-liquid (impute mL)","081323902463","SPACE JAM","SPACE JAM","raw",1,"08132390","SPC JM E-CG LIQUID MTR MLK","1",NA,198,0.9995,"2018;2019"
"e-liquid (impute mL)","085438400456","LOGIC","LOGIC","raw",1,"08543840","LOGIC E-CG AST 2'S","2",NA,195,0.9995,"2015;2016;2017;2018"
"e-liquid (impute mL)","088796900507","BLU","BLU","raw",1,"08879690","BLECGS+ ECGT VIVID VANILLA 3PK","15",NA,195,0.9995,"2016;2017;2018;2019;2020"
"e-liquid (impute mL)","081068701813","NJOY","NJOY","raw",1,"08106870","NJOY E-CG LIQUID PEACH TEA","1",NA,191,0.9995,"2015;2016;2017;2018;2019;2020"
"bare UPC (needs barcode lookup)","085682400217",NA,"ECO-CIGS","prefix",1,"08568240",NA,NA,NA,191,0.9995,"2013;2014;2015;2017"
"bare UPC (needs barcode lookup)","081342001169",NA,"KRAVE","prefix",1,"08134200",NA,NA,NA,190,0.9995,"2015;2016;2017;2018"
"e-liquid (impute mL)","081102002207","IMPERIAL","IMPERIAL","raw",1,"08110200","IMPRL HK E-CG LIQUID CALI LIFE","1",NA,188,0.9995,"2018;2019"
"e-liquid (impute mL)","081022002113","ISMOKE VAPER TECH","ISMOKE VAPER TECH","raw",1,"08102200","IVPT E-CGC MN RFL","5",NA,187,0.9995,"2015;2016;2017;2018;2019"
"e-liquid (impute mL)","081323902002","SPACE JAM","SPACE JAM","raw",1,"08132390","SPC JM E-CG LIQUID ANDROMEDA","1",NA,187,0.9995,"2018;2019"
"e-liquid (impute mL)","085143800755","JAK","JAK","raw",0.983,"08514380","JAK SMOKING ALTERNATIVE PRODUCT ELECTRONIC CIGARETTE STRAWBERRY BOX 1 COUNT","1",NA,185,0.9995,"2021;2022"
"e-liquid (impute mL)","693764350223",NA,"IMIRACLE","prefix",1,"69376435","LOST MARY SMOKING ALTERNATIVE PRODUCT ELECTRONIC CIGARETTE LIQUID PO MANGO PASSION FRUIT BOX 1 COUNT","1",NA,185,0.9995,"2023"
"e-liquid (impute mL)","081068701789","NJOY","NJOY","raw",1,"08106870","NJOY E-CG LIQUID BLD-ORNGE","1",NA,183,0.9995,"2015;2016;2017;2018;2019;2020"
"e-liquid (impute mL)","085830200500","NE WHERE","NE WHERE","raw",1,"08583020","NE WHERE E-CG LIQUID MN","1",NA,179,0.9995,"2018;2019"
"e-liquid (impute mL)","085436100458","NE WHERE","NE WHERE","raw",1,"08543610","NE WHERE E-CG LIQUID SR APTN","1",NA,178,0.9996,"2018;2019"
"e-liquid (impute mL)","085436100467","NE WHERE","NE WHERE","raw",1,"08543610","NE WHERE E-CG LIQUID GGSB","1",NA,177,0.9996,"2018;2019"
"e-liquid (impute mL)","081068701801","NJOY","NJOY","raw",1,"08106870","NJOY E-CG LIQUID BTR-CRNCH","1",NA,176,0.9996,"2015;2016;2017;2018;2019"
"e-liquid (impute mL)","075166716631","EZ CIG","EZ CIG","raw",0.954,"07516671","EZ CIG E-CG WB","1",NA,175,0.9996,"2013;2014;2015;2018;2019;2020;2021"
"e-liquid (impute mL)","081764101369","VAPOR X","VAPOR X","raw",0.999,"08176410","VAPOR X E-CG LIQUID VD","1",NA,175,0.9996,"2014;2015;2016;2017;2018"
"e-liquid (impute mL)","692660811303",NA,"PALAX","prefix",1,"69266081","PALAX SMOKING ALTERNATIVE PRODUCT ELECTRONIC CIGARETTE LIQUID PO DRAGON BEAR BOX 1 COUNT","1",NA,172,0.9996,"2023"
"e-liquid (impute mL)","076746198860",NA,NA,"unknown",NA,"07674619","LOON MAXX SMOKING ALTERNATIVE PRODUCT ELECTRONIC CIGARETTE LIQUID PO OLD FASHION TOBACCO BOOSTED FLAVOR BOX 1 COUNT","1",NA,170,0.9996,"2023"
"e-liquid (impute mL)","081102002177","IMPERIAL","IMPERIAL","raw",1,"08110200","IMPRL HK E-CG LIQUID ST-BN","1",NA,170,0.9996,"2018"
"e-liquid (impute mL)","085436100465","NE WHERE","NE WHERE","raw",1,"08543610","NE WHERE E-CG LIQUID ISSQ","1",NA,170,0.9996,"2018"
"bare UPC (needs barcode lookup)","085604000326",NA,"VICTORY","prefix",1,"08560400",NA,NA,NA,169,0.9996,"2017"
"e-liquid (impute mL)","085830200503","NE WHERE","NE WHERE","raw",1,"08583020","NE WHERE E-CG LIQUID PICO","1",NA,168,0.9996,"2018;2019"
"e-liquid (impute mL)","085830200514","NE WHERE","NE WHERE","raw",1,"08583020","NE WHERE E-CG LIQUID VANILLA","1",NA,164,0.9996,"2018"
"e-liquid (impute mL)","081323902001","SPACE JAM","SPACE JAM","raw",1,"08132390","SPC JM E-CG LIQUID ANDROMEDA","1",NA,163,0.9996,"2018;2019"
"e-liquid (impute mL)","085436100499","NE WHERE","NE WHERE","raw",1,"08543610","NE WHERE E-CG LIQUID CHERRY","1",NA,162,0.9996,"2018"
"e-liquid (impute mL)","081764101349","VAPOR X","VAPOR X","raw",0.999,"08176410","VAPOR X E-CG LIQUID CH-BLS","1",NA,160,0.9996,"2014;2015;2016;2018"
"e-liquid (impute mL)","081991301141","JUUL","JUUL","raw",1,"08199130","ELCT CGRTT CARTRIDGE","4",NA,158,0.9996,"2018;2019"
"e-liquid (impute mL)","085436100496","NE WHERE","NE WHERE","raw",1,"08543610","NE WHERE E-CG LIQUID BB","1",NA,157,0.9996,"2018;2019"
"e-liquid (impute mL)","075166716627","EZ CIG","EZ CIG","raw",0.954,"07516671","EZ CIG E-CG WG","1",NA,155,0.9996,"2013;2014;2018;2019;2020"
"e-liquid (impute mL)","085830200509","NE WHERE","NE WHERE","raw",1,"08583020","NE WHERE E-CG LIQUID TOB","1",NA,154,0.9996,"2018;2019"
"bare UPC (needs barcode lookup)","079357311753",NA,"IMPERIAL","prefix",1,"07935731",NA,NA,NA,153,0.9996,"2014;2015;2018;2019"
"e-liquid (impute mL)","085436100495","NE WHERE","NE WHERE","raw",1,"08543610","NE WHERE E-CG LIQUID EGV","1",NA,153,0.9996,"2018;2019"
"e-liquid (impute mL)","081323902062","SPACE JAM","SPACE JAM","raw",1,"08132390","SPC JM E-CG LIQUID PLUTO","1",NA,152,0.9996,"2018;2019"
"bare UPC (needs barcode lookup)","081066902112",NA,NA,"unknown",NA,"08106690",NA,NA,NA,151,0.9996,"2015;2016"
"e-liquid (impute mL)","065436704332","CIGALECTRIC","CIGALECTRIC","raw",1,"06543670","CIGALECTRIC E-CGC REGULAR","1",NA,150,0.9996,"2013;2014;2015;2016;2017;2018;2020;2021"
"e-liquid (impute mL)","075166716619","EZ CIG","EZ CIG","raw",0.954,"07516671","EZ CIG E-CG VANILLA","1",NA,149,0.9997,"2014;2018;2019;2020"
"e-liquid (impute mL)","002590017505","E SWISHER","E SWISHER","raw",0.713,"00259001","E SWISHER E-CGC MB RFL","3",NA,148,0.9997,"2013;2014;2015;2016"
"e-liquid (impute mL)","081068701805","NJOY","NJOY","raw",1,"08106870","NJOY E-CG LIQUID S-MS","1",NA,148,0.9997,"2015;2016;2017;2018;2019;2020"
"e-liquid (impute mL)","036586037185","VAPIN PLUS","VAPIN PLUS","raw",0.949,"03658603","VPLS E-CIG LIQUID CAPPUCCINO","1",NA,147,0.9997,"2016;2017;2018;2019"
"e-liquid (impute mL)","081068701803","NJOY","NJOY","raw",1,"08106870","NJOY E-CG LIQUID S-MS","1",NA,147,0.9997,"2015;2016;2017;2018;2019;2020"
"e-liquid (impute mL)","085830200528","NE WHERE","NE WHERE","raw",1,"08583020","NE WHERE E-CG LIQUID BAMA","1",NA,146,0.9997,"2018"
"e-liquid (impute mL)","085266255765",NA,"PUFF","prefix",0.855,"08526625","ELCT CGRTT LIQUID POD","1",NA,144,0.9997,"2020"
"e-liquid (impute mL)","065436704335","CIGALECTRIC","CIGALECTRIC","raw",1,"06543670","CIGALECTRIC E-CGC MN","1",NA,143,0.9997,"2013;2014;2015;2016;2017"
"e-liquid (impute mL)","081323902061","SPACE JAM","SPACE JAM","raw",1,"08132390","SPC JM E-CG LIQUID PLUTO","1",NA,143,0.9997,"2018;2019"
"e-liquid (impute mL)","085308600485","CRISS-CROSS","CRISS-CROSS","raw",1,"08530860","CRISS-CROSS E-CG MN","1",NA,141,0.9997,"2013;2014;2015"
"bare UPC (needs barcode lookup)","085436100419",NA,"NE WHERE","prefix",1,"08543610",NA,NA,NA,139,0.9997,"2018"
"bare UPC (needs barcode lookup)","081066902114",NA,NA,"unknown",NA,"08106690",NA,NA,NA,138,0.9997,"2015;2016;2017"
"bare UPC (needs barcode lookup)","081836802784",NA,"STIG","prefix",1,"08183680",NA,NA,NA,138,0.9997,"2020"
"e-liquid (impute mL)","003512732010","JUST JUICE","JUST JUICE","raw",1,"00351273","JUST JUICE E-CG LIQUID MN","1",NA,137,0.9997,"2018;2019"
"e-liquid (impute mL)","085830200506","NE WHERE","NE WHERE","raw",1,"08583020","NE WHERE E-CG LIQUID P-L","1",NA,137,0.9997,"2018"
"e-liquid (impute mL)","085830200520","NE WHERE","NE WHERE","raw",1,"08583020","NE WHERE E-CG LIQUID STMT","1",NA,136,0.9997,"2018"
"e-liquid (impute mL)","081068701797","NJOY","NJOY","raw",1,"08106870","NJOY E-CG LIQUID DBL-ESPRSO","1",NA,133,0.9997,"2015;2016;2017;2018;2019"
"e-liquid (impute mL)","693728100022",NA,"VAPCIGS","prefix",1,"69372810","NBL-NCL E-CG","5",NA,133,0.9997,"2013;2014;2015;2016;2017"
"bare UPC (needs barcode lookup)","079357310108",NA,"IMPERIAL","prefix",1,"07935731",NA,NA,NA,132,0.9997,"2014;2016;2018;2019"
"e-liquid (impute mL)","061645399354","SQUARE","SQUARE","raw",1,"06164539","SQUARE LVP P-SN XL","1",NA,131,0.9997,"2021;2022"
"bare UPC (needs barcode lookup)","061772491329",NA,"SQUARE","prefix",1,"06177249",NA,NA,NA,131,0.9997,"2018;2019;2020"
"e-liquid (impute mL)","085003554362",NA,NA,"unknown",NA,"08500355","FIFTY BAR SMOKING ALTERNATIVE PRODUCT ELECTRONIC CIGARETTE LIQUID PO PINK SQUARES BOX 1 COUNT","1",NA,130,0.9997,"2023"
"e-liquid (impute mL)","061772451155","SQUARE","SQUARE","raw",1,"06177245","SQ-DR E-CG LIQUID PE-SRS","1",NA,128,0.9997,"2018"
"e-liquid (impute mL)","085436100466","NE WHERE","NE WHERE","raw",1,"08543610","NE WHERE E-CG LIQUID WM MINT","1",NA,127,0.9997,"2018"
"e-liquid (impute mL)","079357320162","IMPERIAL","IMPERIAL","raw",1,"07935732","IMPRL HK E-CG JUNGLE JUICE","1",NA,126,0.9997,"2013;2014;2018;2019"
"e-liquid (impute mL)","061645399352","SQUARE","SQUARE","raw",1,"06164539","SQUARE LVP MOMMA MIA XL","1",NA,125,0.9997,"2021;2022"
"e-liquid (impute mL)","081102002211","IMPERIAL","IMPERIAL","raw",1,"08110200","IMPRL HK E-CG LIQUID B-O-M","1",NA,125,0.9997,"2018"
"e-liquid (impute mL)","088886130604","LEAP","LEAP","raw",1,"08888613","LEAP GO SMOKING ALTERNATIVE PRODUCT ELECTRONIC CIGARETTE MIXED BERRY BOX 1 COUNT","1",NA,124,0.9997,"2021;2022;2023"
"e-liquid (impute mL)","081102002392","IMPERIAL","IMPERIAL","raw",1,"08110200","IMPRL HK E-CG LIQUID B-P","1",NA,118,0.9997,"2018"
"bare UPC (needs barcode lookup)","079357305740",NA,NA,"unknown",NA,"07935730",NA,NA,NA,117,0.9998,"2018;2019"
"e-liquid (impute mL)","081009691191",NA,NA,"unknown",NA,"08100969","JUICE HEAD SMOKING ALTERNATIVE PRODUCT ELECTRONIC CIGARETTE LIQUID PO PEACH PEAR JUICE HEAD BOX 1 COUNT","1",NA,117,0.9998,"2023"
"e-liquid (impute mL)","061772451140","SQUARE","SQUARE","raw",1,"06177245","SQ-DR E-CG LIQUID MML","1",NA,116,0.9998,"2018"
"e-liquid (impute mL)","081102002174","IMPERIAL","IMPERIAL","raw",1,"08110200","IMPRL HK E-CG LIQUID SB-MG","1",NA,114,0.9998,"2018"
"bare UPC (needs barcode lookup)","088796900580",NA,"BLU","prefix",1,"08879690",NA,NA,NA,114,0.9998,"2018;2019"
"e-liquid (impute mL)","697184747275",NA,"JUICY BAR","prefix",0.937,"69718474","JUICY BAR SMOKING ALTERNATIVE PRODUCT ELECTRONIC CIGARETTE LIQUID PO ALASKAN BLUEBERRY MINT MESH COIL BOX 1 COUNT","1",NA,114,0.9998,"2023"
"e-liquid (impute mL)","085193300304","BLAZE","BLAZE","raw",1,"08519330","BLAZE E-CG OGN OLS","1",NA,113,0.9998,"2013;2014;2015;2017"
"e-liquid (impute mL)","081068701799","NJOY","NJOY","raw",1,"08106870","NJOY E-CG LIQUID BTR-CRNCH","1",NA,112,0.9998,"2015;2016;2017;2018;2019"
"e-liquid (impute mL)","061737594343","SQUARE","SQUARE","raw",1,"06173759","SQUARE LVP ROYAL DAGGER XL","1",NA,111,0.9998,"2021;2022"
"e-liquid (impute mL)","081102002198","IMPERIAL","IMPERIAL","raw",1,"08110200","IMPRL HK E-CG LIQUID IM-RSH","1",NA,111,0.9998,"2018"
"e-liquid (impute mL)","075166716459","EZ CIG","EZ CIG","raw",0.954,"07516671","EZ CIG E-CG BC","1",NA,110,0.9998,"2013;2018;2019;2020;2021"
"bare UPC (needs barcode lookup)","081066902118",NA,NA,"unknown",NA,"08106690",NA,NA,NA,109,0.9998,"2015;2016"
"e-liquid (impute mL)","081102002189","IMPERIAL","IMPERIAL","raw",1,"08110200","IMPRL HK E-CG LIQUID NAZ 64","1",NA,108,0.9998,"2018;2019"
"e-liquid (impute mL)","061645399353","SQUARE","SQUARE","raw",1,"06164539","SQUARE SMOKING ALTERNATIVE PRODUCT LIQUID VAPORIZER PEN MAGIC MELON 1000 PUFFS BOX 1 COUNT","1",NA,106,0.9998,"2021;2022"
"e-liquid (impute mL)","081764101810","KRAVE","KRAVE","raw",0.999,"08176410","KRAVE E-CG MN","1",NA,106,0.9998,"2014;2015;2016;2017;2018"
"bare UPC (needs barcode lookup)","081066902111",NA,NA,"unknown",NA,"08106690",NA,NA,NA,104,0.9998,"2015;2016"
"bare UPC (needs barcode lookup)","081102002145",NA,"IMPERIAL","prefix",1,"08110200",NA,NA,NA,103,0.9998,"2018"
"e-liquid (impute mL)","081010830139",NA,"ZEO","prefix",1,"08101083","ZEO SMOKING ALTERNATIVE PRODUCT ELECTRONIC CIGARETTE LIQUID PO TOBACCO FLAVOR VELVET BOX 1 COUNT","1",NA,100,0.9998,"2023"
"e-liquid (impute mL)","085266255769",NA,"PUFF","prefix",0.855,"08526625","ELCT CGRTT LIQUID POD","1",NA,100,0.9998,"2020"
"bare UPC (needs barcode lookup)","085604000325",NA,"VICTORY","prefix",1,"08560400",NA,NA,NA,99,0.9998,"2017"
"bare UPC (needs barcode lookup)","081066902117",NA,NA,"unknown",NA,"08106690",NA,NA,NA,97,0.9998,"2015;2016"
"e-liquid (impute mL)","693764350215",NA,"IMIRACLE","prefix",1,"69376435","LOST MARY SMOKING ALTERNATIVE PRODUCT ELECTRONIC CIGARETTE LIQUID PO BLUEBERRY RASPBERRY CHERRY BOX 1 COUNT","1",NA,97,0.9998,"2023"
"e-liquid (impute mL)","693764350228",NA,"IMIRACLE","prefix",1,"69376435","LOST MARY SMOKING ALTERNATIVE PRODUCT ELECTRONIC CIGARETTE LIQUID PO STRAWBERRY ICE CREAM BOX 1 COUNT","1",NA,97,0.9998,"2023"
"e-liquid (impute mL)","065436704336","CIGALECTRIC","CIGALECTRIC","raw",1,"06543670","CIGALECTRIC E-CGC MN","1",NA,96,0.9998,"2013;2014;2015;2016;2017"
"e-liquid (impute mL)","085267507268",NA,"E S","prefix",1,"08526750","ELCT CGRTT LIQUID POD","1",NA,96,0.9998,"2019;2020"
"bare UPC (needs barcode lookup)","081066902116",NA,NA,"unknown",NA,"08106690",NA,NA,NA,95,0.9998,"2015;2016;2017"
"bare UPC (needs barcode lookup)","079357323340",NA,"IMPERIAL","prefix",1,"07935732",NA,NA,NA,94,0.9998,"2018"
"bare UPC (needs barcode lookup)","081066902141",NA,NA,"unknown",NA,"08106690",NA,NA,NA,94,0.9998,"2015;2016"
"bare UPC (needs barcode lookup)","081102002113",NA,"IMPERIAL","prefix",1,"08110200",NA,NA,NA,94,0.9998,"2018;2019"
"e-liquid (impute mL)","084727700018","JASPER & JASPER","JASPER & JASPER","raw",0.679,"08472770","JJ-IMPLS E-CG TF","1",NA,94,0.9998,"2013;2014"
"e-liquid (impute mL)","081009691188",NA,NA,"unknown",NA,"08100969","JUICE HEAD SMOKING ALTERNATIVE PRODUCT ELECTRONIC CIGARETTE LIQUID PO LYCHEE MANGO MESH COIL BOX 1 COUNT","1",NA,91,0.9998,"2023"
"e-liquid (impute mL)","085266255753",NA,"PUFF","prefix",0.855,"08526625","ELCT CGRTT LIQUID POD","1",NA,90,0.9998,"2020;2021"
"e-liquid (impute mL)","693764356879",NA,"IMIRACLE","prefix",1,"69376435","ELF BAR SMOKING ALTERNATIVE PRODUCT ELECTRONIC CIGARETTE LIQUID PO WATERMELON JOLLY CANDY ICE BOX 1 COUNT","1",NA,90,0.9998,"2023"
"e-liquid (impute mL)","085266255797",NA,"PUFF","prefix",0.855,"08526625","ELCT CGRTT LIQUID POD","1",NA,89,0.9998,"2020"
"e-liquid (impute mL)","081010830109",NA,"ZEO","prefix",1,"08101083","ZEO SMOKING ALTERNATIVE PRODUCT ELECTRONIC CIGARETTE LIQUID PO TOBACCO FLAVOR CLASSIC BOX 1 COUNT","1",NA,88,0.9998,"2023"
"bare UPC (needs barcode lookup)","081066902115",NA,NA,"unknown",NA,"08106690",NA,NA,NA,88,0.9998,"2015;2016;2017;2019"
"e-liquid (impute mL)","085830200517","NE WHERE","NE WHERE","raw",1,"08583020","NE WHERE E-CG LIQUID WM","1",NA,88,0.9998,"2018;2019"
"e-liquid (impute mL)","079357311754","IMPERIAL","IMPERIAL","raw",1,"07935731","IMPRL HK E-CG VANILLA","1",NA,85,0.9998,"2013;2018"
"bare UPC (needs barcode lookup)","081066902122",NA,NA,"unknown",NA,"08106690",NA,NA,NA,85,0.9998,"2015;2016"
"bare UPC (needs barcode lookup)","081102002136",NA,"IMPERIAL","prefix",1,"08110200",NA,NA,NA,85,0.9998,"2018"
"e-liquid (impute mL)","081102002168","IMPERIAL","IMPERIAL","raw",1,"08110200","IMPRL HK E-CG LIQUID S-P","1",NA,85,0.9999,"2018"
"hardware/device (exclude)","693764350227",NA,"IMIRACLE","prefix",1,"69376435","LOST MARY SMOKING ALTERNATIVE PRODUCT ELECTRONIC CIGARETTE LIQUID PO STRAWBERRY BLUEBERRY CHERRY BATTERY INDICATOR BOX 1 COUNT","1",NA,85,0.9999,"2023"
"bare UPC (needs barcode lookup)","081066902139",NA,NA,"unknown",NA,"08106690",NA,NA,NA,84,0.9999,"2015;2016;2017"
"e-liquid (impute mL)","693764350224",NA,"IMIRACLE","prefix",1,"69376435","LOST MARY SMOKING ALTERNATIVE PRODUCT ELECTRONIC CIGARETTE LIQUID PO MIXED BERRIES BOX 1 COUNT","1",NA,84,0.9999,"2023"
"e-liquid (impute mL)","061772451143","SQUARE","SQUARE","raw",1,"06177245","SQ-DR E-CG LIQUID M-SLK","1",NA,82,0.9999,"2018"
"e-liquid (impute mL)","693764350217",NA,"IMIRACLE","prefix",1,"69376435","LOST MARY SMOKING ALTERNATIVE PRODUCT ELECTRONIC CIGARETTE LIQUID PO COTTON CANDY BOX 1 COUNT","1",NA,82,0.9999,"2023"
"e-liquid (impute mL)","084872800344","J'ADORE FOR HER","J'ADORE FOR HER","raw",1,"08487280","JDR FH E-CG","1",NA,81,0.9999,"2018;2019"
"e-liquid (impute mL)","085143800756","JAK","JAK","raw",0.983,"08514380","JAK SMOKING ALTERNATIVE PRODUCT ELECTRONIC CIGARETTE STRAWBERRY BOX 1 COUNT","1",NA,81,0.9999,"2021;2022"
"e-liquid (impute mL)","671716977193",NA,"HYPPE","prefix",1,"67171697","HYPPE MAX AIR SMOKING ALTERNATIVE PRODUCT ELECTRONIC CIGARETTE LIQUID PO MIGHTY MINT OVER CHARGING PROTECTION BOX 1 COUNT","1",NA,80,0.9999,"2023"
"e-liquid (impute mL)","019383500511","SHENZHEN GOLDREAMS TECHNOLOGY","SHENZHEN GOLDREAMS TECHNOLOGY","raw",1,"01938350","AIR BAR MAX SMOKING ALTERNATIVE PRODUCT BANANA SHAKE 1 COUNT","1",NA,79,0.9999,"2021"
"e-liquid (impute mL)","081962001769","SOUTH BEACH SMOKE","SOUTH BEACH SMOKE","raw",1,"08196200","STH-BS E-CG LIQUID MN","1",NA,77,0.9999,"2018;2019"
"bare UPC (needs barcode lookup)","081066902121",NA,NA,"unknown",NA,"08106690",NA,NA,NA,76,0.9999,"2015;2016;2017"
"e-liquid (impute mL)","081764101807","KRAVE","KRAVE","raw",0.999,"08176410","KRAVE E-CG TOB","1",NA,76,0.9999,"2014;2015;2016;2017;2018"
"e-liquid (impute mL)","085371500500","BLAC LABEL","BLAC LABEL","raw",1,"08537150","BLAC LABEL E-CG CT","2",NA,76,0.9999,"2014;2015;2016;2017"
"e-liquid (impute mL)","081102002196","IMPERIAL","IMPERIAL","raw",1,"08110200","IMPRL HK E-CG LIQUID I-B","1",NA,74,0.9999,"2018"
"e-liquid (impute mL)","079357311751","IMPERIAL","IMPERIAL","raw",1,"07935731","IMPRL HK E-CG MINTY GRAPE","1",NA,73,0.9999,"2013;2014;2016;2018"
"e-liquid (impute mL)","085266255777",NA,"PUFF","prefix",0.855,"08526625","ELCT CGRTT LIQUID POD","1",NA,73,0.9999,"2020;2021"
"e-liquid (impute mL)","085266256444",NA,"PUFF","prefix",0.855,"08526625","PUFF PLUS SMOKING ALTERNATIVE PRODUCT ELECTRONIC CIGARETTE LIQUID PO GUAVA ICE BOX 1 COUNT","1",NA,73,0.9999,"2020;2021"
"e-liquid (impute mL)","085371500502","BLAC LABEL","BLAC LABEL","raw",1,"08537150","BLAC LABEL E-CG MN","2",NA,73,0.9999,"2014;2015;2016;2017"
"e-liquid (impute mL)","002145800004","CLEAN CIG","CLEAN CIG","raw",1,"00214580","CLN-CG E-CGC MN/ECC","1",NA,72,0.9999,"2018;2019;2020"
"bare UPC (needs barcode lookup)","079357305739",NA,NA,"unknown",NA,"07935730",NA,NA,NA,72,0.9999,"2014;2018;2019"
"e-liquid (impute mL)","065436770660","CIGALECTRIC","CIGALECTRIC","raw",1,"06543677","CIGALECTRIC E-CGC REGULAR OL-V","1",NA,70,0.9999,"2013;2014;2015;2016;2017;2018"
"e-liquid (impute mL)","085266255745",NA,"PUFF","prefix",0.855,"08526625","ELCT CGRTT LIQUID POD","1",NA,70,0.9999,"2020"
"e-liquid (impute mL)","061645399351","SQUARE","SQUARE","raw",1,"06164539","SQUARE LVP MALIBU SILK XL","1",NA,68,0.9999,"2021;2022"
"bare UPC (needs barcode lookup)","079357311750",NA,"IMPERIAL","prefix",1,"07935731",NA,NA,NA,68,0.9999,"2014;2018"
"bare UPC (needs barcode lookup)","081066902120",NA,NA,"unknown",NA,"08106690",NA,NA,NA,68,0.9999,"2015;2016;2017"
"e-liquid (impute mL)","085962600290","FINITI","FINITI","raw",1,"08596260","FIN E-CG","1",NA,68,0.9999,"2013"
"e-liquid (impute mL)","081076702014","MILLENNIUM","MILLENNIUM","raw",0.992,"08107670","MLNM E-CG LIQUID PLUM","1",NA,65,0.9999,"2018;2019"
"bare UPC (needs barcode lookup)","081102002246",NA,"IMPERIAL","prefix",1,"08110200",NA,NA,NA,65,0.9999,"2018;2019;2020"
"e-liquid (impute mL)","081962001942","SOUTH BEACH SMOKE","SOUTH BEACH SMOKE","raw",1,"08196200","STH-BS E-CG LIQUID MN","1",NA,65,0.9999,"2018;2019"
"e-liquid (impute mL)","084920501487","VUSE","VUSE","raw",1,"08492050","VUSE VIBE SMOKING ALTERNATIVE PRODUCT MENTHOL 1 COUNT","1",NA,64,0.9999,"2021;2022"
"e-liquid (impute mL)","081102002216","IMPERIAL","IMPERIAL","raw",1,"08110200","IMPRL HK E-CG LIQUID 3D GRAPE","1",NA,62,0.9999,"2018"
"e-liquid (impute mL)","085266256484",NA,"PUFF","prefix",0.855,"08526625","HYPPE BAR SMOKING ALTERNATIVE PRODUCT ELECTRONIC CIGARETTE LIQUID PO GRAPE SODA BOX 1 COUNT","1",NA,60,0.9999,"2021"
"e-liquid (impute mL)","081102002191","IMPERIAL","IMPERIAL","raw",1,"08110200","IMPRL HK E-CG LIQUID K-ST","1",NA,59,0.9999,"2018"
"e-liquid (impute mL)","085266255789",NA,"PUFF","prefix",0.855,"08526625","ELCT CGRTT LIQUID POD","1",NA,59,0.9999,"2020"
"e-liquid (impute mL)","036586039515","FLAVORED MIST","FLAVORED MIST","raw",0.949,"03658603","F-M E-CGAC STRAWBERRY","3",NA,57,0.9999,"2013;2014"
"bare UPC (needs barcode lookup)","081066902138",NA,NA,"unknown",NA,"08106690",NA,NA,NA,55,0.9999,"2015;2016;2017"
"e-liquid (impute mL)","085371500501","BLAC LABEL","BLAC LABEL","raw",1,"08537150","BLAC LABEL E-CG BOLD TOB","2",NA,55,0.9999,"2014;2015;2016;2017"
"e-liquid (impute mL)","062784346466","EAGLEENERGY","EAGLEENERGY","raw",1,"06278434","EAGLE.ENERGY SMOKING ALTERNATIVE PRODUCT STICK CAFFEINE 1 COUNT","1",NA,54,0.9999,"2021;2022;2023"
"e-liquid (impute mL)","081010749467",NA,NA,"unknown",NA,"08101074","ESCO BARS RIPE COLLECTION SMOKING ALTERNATIVE PRODUCT ELECTRONIC CIGARETTE LIQUID PO KIWI DRAGON BERRY ICE MESH BOX 1 COUNT","1",NA,54,0.9999,"2023"
"bare UPC (needs barcode lookup)","081066902140",NA,NA,"unknown",NA,"08106690",NA,NA,NA,54,0.9999,"2015;2016;2017"
"e-liquid (impute mL)","081076702017","MILLENNIUM","MILLENNIUM","raw",0.992,"08107670","MLNM E-CG LIQUID KIWI","1",NA,53,0.9999,"2018;2019"
"e-liquid (impute mL)","085641900305","PROGRESSIGS","PROGRESSIGS","raw",1,"08564190","PROGRESSIGS E-CG MN","1",NA,53,0.9999,"2014;2015;2016"
"bare UPC (needs barcode lookup)","079357323334",NA,"IMPERIAL","prefix",1,"07935732",NA,NA,NA,51,0.9999,"2014;2016;2018"
"e-liquid (impute mL)","036586038509","FLAVORED MIST","FLAVORED MIST","raw",0.949,"03658603","F-M E-CG GRAPE","1",NA,49,0.9999,"2013;2014"
"e-liquid (impute mL)","065436770661","CIGALECTRIC","CIGALECTRIC","raw",1,"06543677","CIGALECTRIC E-CGC MN OL-V","1",NA,49,0.9999,"2013;2014;2015;2016;2021"
"e-liquid (impute mL)","085410000336","BLU","BLU","raw",0.999,"08541000","BL-EGS E-CGCM VV 5P","50",NA,49,0.9999,"2014;2015;2016"
"e-liquid (impute mL)","085965400222","BLU","BLU","raw",1,"08596540","BL-EGS E-CGCM C-C RFL","5",NA,49,0.9999,"2014;2015;2016"
"e-liquid (impute mL)","036586038512","FLAVORED MIST","FLAVORED MIST","raw",0.949,"03658603","F-M E-CG MANGO","1",NA,47,0.9999,"2013;2014"
"bare UPC (needs barcode lookup)","079357310107",NA,"IMPERIAL","prefix",1,"07935731",NA,NA,NA,47,0.9999,"2014;2018"
"bare UPC (needs barcode lookup)","079357323338",NA,"IMPERIAL","prefix",1,"07935732",NA,NA,NA,47,0.9999,"2018"
"e-liquid (impute mL)","084005680159","NUX","NUX","raw",1,"08400568","NU-X NUTRA SMOKING ALTERNATIVE PRODUCT LIQUID ENERGY CAFFENINE 200 PLUS PUFFS BOX 1 COUNT","1",NA,47,0.9999,"2021;2022;2023"
"e-liquid (impute mL)","002590017506","E SWISHER","E SWISHER","raw",0.713,"00259001","E SWISHER E-CG TF","1",NA,45,0.9999,"2013;2014;2015;2016"
"e-liquid (impute mL)","084005680156","NUX","NUX","raw",1,"08400568","NU-X NUTRA SMOKING ALTERNATIVE PRODUCT LIQUID ENERGY CAFFENINE 200 PLUS PUFFS BOX 1 COUNT","1",NA,45,0.9999,"2021;2022"
"e-liquid (impute mL)","085641900308","PROGRESSIGS","PROGRESSIGS","raw",1,"08564190","PROGRESSIGS E-CG VANILLA","1",NA,43,0.9999,"2014;2015;2016"
"e-liquid (impute mL)","036586038336","VAPIN PLUS","VAPIN PLUS","raw",0.949,"03658603","VAPIN PLUS LVP","1",NA,41,0.9999,"2021;2022;2023"
"e-liquid (impute mL)","061772491345","SQUARE","SQUARE","raw",1,"06177249","SQUARE SMOKING ALTERNATIVE PRODUCT LIQUID VAPORIZER PEN OLD SCHOOL TABAC 1000 PUFFS BOX 1 COUNT","1",NA,41,0.9999,"2021"
"e-liquid (impute mL)","084727700034","XPLORER","XPLORER","raw",0.679,"08472770","XPLORER E-CG TF","1",NA,41,0.9999,"2013;2014;2015"
"e-liquid (impute mL)","081323902444","SPACE JAM","SPACE JAM","raw",1,"08132390","SPC JM-KGT ECCVPR","2",NA,40,0.9999,"2018;2019"
"e-liquid (impute mL)","036586038340","21ST CENTURY SMOKE","21ST CENTURY SMOKE","raw",0.949,"03658603","21SCS E-CG","1",NA,39,0.9999,"2014;2018;2019"
"e-liquid (impute mL)","036586038506","FLAVORED MIST","FLAVORED MIST","raw",0.949,"03658603","F-M E-CG CHERRY","1",NA,39,0.9999,"2013;2014;2018"
"bare UPC (needs barcode lookup)","071375793315",NA,NA,"unknown",NA,"07137579",NA,NA,NA,37,0.9999,"2014;2015"
"e-liquid (impute mL)","085399000323","CLAYTON","CLAYTON","raw",1,"08539900","CLAYTON E-CG","1",NA,37,0.9999,"2015;2018"
"e-liquid (impute mL)","081068701379","NJOY","NJOY","raw",1,"08106870","NJOY NPRO E-CG MINI","1",NA,36,0.9999,"2013;2014"
"e-liquid (impute mL)","085641900302","PROGRESSIGS","PROGRESSIGS","raw",1,"08564190","PROGRESSIGS E-CG TOB","1",NA,36,0.9999,"2014;2015;2016"
"e-liquid (impute mL)","085410000348","QUIK E-CIG","QUIK E-CIG","raw",0.999,"08541000","QUIK E-CIG E-CG TOB","1",NA,35,0.9999,"2013;2014;2015"
"e-liquid (impute mL)","085641900300","PROGRESSIGS","PROGRESSIGS","raw",1,"08564190","PROGRESSIGS E-CG TOB","1",NA,35,1,"2014;2015;2016"
"e-liquid (impute mL)","003095507662","LOGIC","LOGIC","raw",1,"00309550","LOGIC E-CG TOB","1",NA,34,1,"2013;2014;2015"
"e-liquid (impute mL)","081536802011","NJOY","NJOY","raw",1,"08153680","NJOY E-CG TROPICAL TWIST","1",NA,34,1,"2021;2022;2023"
"bare UPC (needs barcode lookup)","085433800492",NA,NA,"unknown",NA,"08543380",NA,NA,NA,34,1,"2018"
"e-liquid (impute mL)","081076702018","MILLENNIUM","MILLENNIUM","raw",0.992,"08107670","MLNM E-CG LIQUID CREAM","1",NA,33,1,"2018;2019"
"e-liquid (impute mL)","036586038500","FLAVORED MIST","FLAVORED MIST","raw",0.949,"03658603","F-M E-CG APPLE","1",NA,32,1,"2013;2014;2015;2019"
"e-liquid (impute mL)","085371500503","BLAC LABEL","BLAC LABEL","raw",1,"08537150","BLAC LABEL E-CG LIGHT VANILLA","2",NA,32,1,"2015;2016;2017"
"e-liquid (impute mL)","081076702029","MILLENNIUM","MILLENNIUM","raw",0.992,"08107670","MLNM E-CG LIQUID SB CHSCK","1",NA,31,1,"2018;2019"
"e-liquid (impute mL)","697184747284",NA,"JUICY BAR","prefix",0.937,"69718474","JUICY BAR SMOKING ALTERNATIVE PRODUCT ELECTRONIC CIGARETTE LIQUID PO MICHIGAN CHERRY ICE MESH COIL BOX 1 COUNT","1",NA,31,1,"2023"
"e-liquid (impute mL)","019383500754","SHENZHEN GOLDREAMS TECHNOLOGY","SHENZHEN GOLDREAMS TECHNOLOGY","raw",1,"01938350","AIR BAR LUX SMOKING ALTERNATIVE PRODUCT ELECTRONIC CIGARETTE LIQUID PO COOL MINT CANISTER 1 COUNT","1",NA,30,1,"2021"
"e-liquid (impute mL)","036586038503","FLAVORED MIST","FLAVORED MIST","raw",0.949,"03658603","F-M E-CG BLUEBERRY","1",NA,30,1,"2013;2014;2015"
"e-liquid (impute mL)","085607300367","JAK","JAK","raw",1,"08560730","JAK E-CG MN","2",NA,30,1,"2018;2021"
"e-liquid (impute mL)","078413191783","GLAMEE","GLAMEE","raw",1,"07841319","GLAMEE NOVA SMOKING ALTERNATIVE PRODUCT ELECTRONIC CIGARETTE LIQUID PO KIWI BLUEBERRY ICE BOX 1 COUNT","1",NA,28,1,"2021"
"e-liquid (impute mL)","085267507270",NA,"E S","prefix",1,"08526750","ELCT CGRTT LIQUID POD","1",NA,28,1,"2019;2020"
"e-liquid (impute mL)","036586038515","FLAVORED MIST","FLAVORED MIST","raw",0.949,"03658603","F-M E-CG STRAWBERRY","1",NA,27,1,"2013;2014;2015"
"e-liquid (impute mL)","036586039509","FLAVORED MIST","FLAVORED MIST","raw",0.949,"03658603","F-M E-CGAC GRAPE","3",NA,27,1,"2013;2014"
"e-liquid (impute mL)","081102002461","IMPERIAL","IMPERIAL","raw",1,"08110200","IMP-SMOKE EVC CLMR","1",NA,25,1,"2018;2019"
"e-liquid (impute mL)","085308600486","CRISS-CROSS","CRISS-CROSS","raw",1,"08530860","CRISS-CROSS E-CG MN","1",NA,25,1,"2014"
"bare UPC (needs barcode lookup)","081342001159",NA,"KRAVE","prefix",1,"08134200",NA,NA,NA,24,1,"2014;2015;2016"
"e-liquid (impute mL)","079408027633","E-SMOKES","E-SMOKES","raw",1,"07940802","E-SMOKES E-CG MINT RFL","1",NA,23,1,"2013"
"e-liquid (impute mL)","081076702012","MILLENNIUM","MILLENNIUM","raw",0.992,"08107670","MLNM E-CG LIQUID PINEAPPLE","1",NA,23,1,"2018;2019"
"e-liquid (impute mL)","084043916500","RIP TIDE RIPSTICK","RIP TIDE RIPSTICK","raw",0.999,"08404391","ELCT CGRTT LIQUID POD","1",NA,23,1,"2019;2020;2021;2022"
"e-liquid (impute mL)","081505802007","LOGIC","LOGIC","raw",1,"08150580","LOGIC POWER E-CGC VANILLA","3",NA,22,1,"2018"
"hardware/device (exclude)","081991301551","JUUL","JUUL","raw",1,"08199130","ELCT VAPOR DEVICE","1",NA,22,1,"2019"
"e-liquid (impute mL)","084866604113","FINITI","FINITI","raw",1,"08486660","FIN ECGVT VANILLA","1",NA,22,1,"2016;2017;2018"
"e-liquid (impute mL)","081342001429","KRAVE","KRAVE","raw",1,"08134200","KRAVE E-CG OGN","1",NA,21,1,"2013;2019"
"e-liquid (impute mL)","081505802288","LOGIC","LOGIC","raw",1,"08150580","LOGIC POWER SMOKING ALTERNATIVE PRODUCT TOBACCO BOX 1 COUNT","1",NA,21,1,"2021;2022"
"e-liquid (impute mL)","085143800757","JAK","JAK","raw",0.983,"08514380","JAK SMOKING ALTERNATIVE PRODUCT ELECTRONIC CIGARETTE WILD BERRY BOX 1 COUNT","1",NA,21,1,"2021;2022"
"e-liquid (impute mL)","019383500501","SHENZHEN GOLDREAMS TECHNOLOGY","SHENZHEN GOLDREAMS TECHNOLOGY","raw",1,"01938350","AIR BAR MAX SMOKING ALTERNATIVE PRODUCT CRANBERRY GRAPE 1 COUNT","1",NA,20,1,"2021"
"e-liquid (impute mL)","073621191069","SQUARE","SQUARE","raw",1,"07362119","SQ E-CG VO","1",NA,19,1,"2013;2019;2021;2022"
"e-liquid (impute mL)","019383500513","SHENZHEN GOLDREAMS TECHNOLOGY","SHENZHEN GOLDREAMS TECHNOLOGY","raw",1,"01938350","AIR BAR MAX SMOKING ALTERNATIVE PRODUCT BANANA SHAKE 1 COUNT","1",NA,18,1,"2021;2022"
"e-liquid (impute mL)","075166712763","EZ CIG","EZ CIG","raw",0.954,"07516671","EZ CIG E-CG MN","1",NA,18,1,"2013;2014;2018"
"e-liquid (impute mL)","081076702013","MILLENNIUM","MILLENNIUM","raw",0.992,"08107670","MLNM E-CG LIQUID WM","1",NA,18,1,"2018"
"e-liquid (impute mL)","036586039503","FLAVORED MIST","FLAVORED MIST","raw",0.949,"03658603","F-M E-CGAC BLUEBERRY","3",NA,17,1,"2013;2014"
"e-liquid (impute mL)","075166717399","VOODOO","VOODOO","raw",0.954,"07516671","VOODOO E-HOOKAH E-CG S-S","1",NA,17,1,"2015;2018"
"e-liquid (impute mL)","081342001430","KRAVE","KRAVE","raw",1,"08134200","KRAVE E-CG MN","1",NA,17,1,"2013;2014;2018;2019"
"e-liquid (impute mL)","085371500504","BLAC LABEL","BLAC LABEL","raw",1,"08537150","BLAC LABEL E-CG LIGHT TOB","2",NA,17,1,"2015;2016;2017"
"e-liquid (impute mL)","085438400410","LOGIC","LOGIC","raw",1,"08543840","LGL E-CG","1",NA,17,1,"2013"
"e-liquid (impute mL)","078779031461",NA,"SWITCH MODS","prefix",1,"07877903","SWITCH MODS SMOKING ALTERNATIVE PRODUCT GRAPEFRUIT GUAVA 1 COUNT","1",NA,16,1,"2022;2023"
"bare UPC (needs barcode lookup)","081342001389",NA,"KRAVE","prefix",1,"08134200",NA,NA,NA,16,1,"2014;2015"
"e-liquid (impute mL)","085143800754","JAK","JAK","raw",0.983,"08514380","JAK SMOKING ALTERNATIVE PRODUCT ELECTRONIC CIGARETTE FRUIT BOX 1 COUNT","1",NA,16,1,"2021;2022"
"bare UPC (needs barcode lookup)","085220700570",NA,NA,"unknown",NA,"08522070",NA,NA,NA,16,1,"2017"
"e-liquid (impute mL)","085266255570",NA,"PUFF","prefix",0.855,"08526625","PUFF SMOKING ALTERNATIVE PRODUCT ELECTRONIC CIGARETTE LIQUID PO LUSH IC BOX 1 COUNT","1",NA,16,1,"2021"
"e-liquid (impute mL)","085607300300","JAK","JAK","raw",1,"08560730","JAK E-CG REGULAR","1",NA,16,1,"2017;2018"
"e-liquid (impute mL)","085962600235","FINITI","FINITI","raw",1,"08596260","FINITI E-CGC CMT RFL","14",NA,16,1,"2013;2014;2015"
"e-liquid (impute mL)","075166704975","EZ CIG","EZ CIG","raw",0.75,"07516670","EZ CIG E-CG TOB","1",NA,15,1,"2013;2014;2018"
"bare UPC (needs barcode lookup)","081342001265",NA,"KRAVE","prefix",1,"08134200",NA,NA,NA,15,1,"2014;2015;2016;2018"
"e-liquid (impute mL)","081342001847","VAPOR X","VAPOR X","raw",1,"08134200","VAPOR X E-CG LIQUID TOB","1",NA,15,1,"2014;2015;2016"
"e-liquid (impute mL)","002145802050","CLEAN CIG","CLEAN CIG","raw",1,"00214580","CLN-CG E-CGA MN","5",NA,14,1,"2018;2019"
"hardware/device (exclude)","065236901033","VIKING","VIKING","raw",1,"06523690","VIKING SMOKING ALTERNATIVE PRODUCT STARTER KIT CARDED 1 COUNT","1",NA,14,1,"2023"
"e-liquid (impute mL)","073621122926","SQUARE","SQUARE","raw",0.965,"07362112","SQ82 E-CG OR","1",NA,14,1,"2013;2019;2021"
"e-liquid (impute mL)","081085902007","ZOOM","ZOOM","raw",1,"08108590","ZOOM E-CG MN BOLD 10P","10",NA,14,1,"2015;2016"
"e-liquid (impute mL)","084920500156","VUSE","VUSE","raw",1,"08492050","VUSE SOLO SMOKING ALTERNATIVE PRODUCT BOX 1 COUNT","1",NA,14,1,"2021"
"e-liquid (impute mL)","085371500505","BLAC LABEL","BLAC LABEL","raw",1,"08537150","BLAC LABEL E-CG SPECIAL BLEND","2",NA,14,1,"2015;2016;2017;2018"
"e-liquid (impute mL)","084043916184",NA,"ZIG-ZAG","prefix",0.999,"08404391","ELCT CGRTT LIQUID POD","1",NA,13,1,"2019"
"e-liquid (impute mL)","075166717247","VOODOO","VOODOO","raw",0.954,"07516671","VOODOO E-HOOKAH E-CG GOE","1",NA,12,1,"2015;2018;2019;2020"
"e-liquid (impute mL)","079357311752","IMPERIAL","IMPERIAL","raw",1,"07935731","IMPRL HK E-CG MOCHA LATTE","1",NA,12,1,"2013;2014;2016;2018"
"e-liquid (impute mL)","081342001857","VAPOR X","VAPOR X","raw",1,"08134200","VAPOR X E-CG LIQUID MN","1",NA,12,1,"2015;2016"
"e-liquid (impute mL)","085488600303","SMOKER'S ONE CHOICE","SMOKER'S ONE CHOICE","raw",1,"08548860","SOC E-CG MN","1",NA,12,1,"2013;2017"
"e-liquid (impute mL)","003095507669","LOGIC","LOGIC","raw",1,"00309550","LG-PLT E-CG MN","1",NA,11,1,"2013;2014"
"e-liquid (impute mL)","081323902000","SPACE JAM","SPACE JAM","raw",1,"08132390","SPC JM E-CG LIQUID ANDROMEDA","1",NA,11,1,"2019"
"e-liquid (impute mL)","081505802289","LOGIC","LOGIC","raw",1,"08150580","LOGIC POWER SMOKING ALTERNATIVE PRODUCT MENTHOL BOX 1 COUNT","1",NA,11,1,"2021;2022"
"e-liquid (impute mL)","489525720184",NA,NA,"unknown",NA,"48952572","ELF BAR SMOKING ALTERNATIVE PRODUCT ELECTRONIC CIGARETTE LIQUID PO WATERMELON ICE CREATE BOX 1 COUNT","1",NA,11,1,"2023"
"e-liquid (impute mL)","036586039506","FLAVORED MIST","FLAVORED MIST","raw",0.949,"03658603","F-M E-CGAC CHERRY","3",NA,10,1,"2013"
"e-liquid (impute mL)","065436704330","CIGALECTRIC","CIGALECTRIC","raw",1,"06543670","CGR E-CGC AST OL-V 2'S/BT/ECC","2",NA,10,1,"2014;2015"
"e-liquid (impute mL)","070098780115","KING DISTRIBUTION","KING DISTRIBUTION","raw",1,"07009878","LAVA PLUS SMOKING ALTERNATIVE PRODUCT ELECTRONIC CIGARETTE LIQUID PO COOL MINT BOX 1 COUNT","1",NA,10,1,"2021"
"e-liquid (impute mL)","072944053385","LOGIC","LOGIC","raw",1,"07294405","LGL E-CG TOB MEDIUM","1",NA,10,1,"2013"
"e-liquid (impute mL)","073621122916","SQUARE","SQUARE","raw",0.965,"07362112","SQ E-CG MINTY MN VO","1",NA,10,1,"2013;2019;2020;2022"
"e-liquid (impute mL)","081505802304","LOGIC","LOGIC","raw",1,"08150580","LOGIC VAPELEAF SMOKING ALTERNATIVE PRODUCT ELECTRONIC CIGARETTE VAPOR AND REGULAR VAPOR SYSTEM 1 COUNT","1",NA,10,1,"2021;2022;2023"
"e-liquid (impute mL)","081649401362","NICOTEK","NICOTEK","raw",0.999,"08164940","NICOTEK METRO E-CG MN KING","1",NA,10,1,"2020"
"e-liquid (impute mL)","084043916232",NA,"ZIG-ZAG","prefix",0.999,"08404391","ELCT CGRTT LIQUID POD","1",NA,10,1,"2019"
"e-liquid (impute mL)","085005158236",NA,NA,"unknown",NA,"08500515","RIZN SMOKING ALTERNATIVE PRODUCT ELECTRONIC CIGARETTE LIQUID PO BLACKBERRY ICE MESH COIL BOX 1 COUNT","1",NA,10,1,"2023"
"e-liquid (impute mL)","085266255813",NA,"PUFF","prefix",0.855,"08526625","ELCT CGRTT LIQUID POD","1",NA,10,1,"2020"
"e-liquid (impute mL)","085266256480",NA,"PUFF","prefix",0.855,"08526625","PUFF FLOW SMOKING ALTERNATIVE PRODUCT ELECTRONIC CIGARETTE LIQUID PO PAPAYA BANANA 1000 PUFFS BOX 1 COUNT","1",NA,10,1,"2021"
"e-liquid (impute mL)","085410000349","QUIK E-CIG","QUIK E-CIG","raw",0.999,"08541000","QUIK E-CIG E-CG MN","1",NA,10,1,"2013"
"e-liquid (impute mL)","489525720307",NA,NA,"unknown",NA,"48952572","ELF BAR SMOKING ALTERNATIVE PRODUCT ELECTRONIC CIGARETTE LIQUID PO CHERRY LEMON MINT BOX 1 COUNT","1",NA,10,1,"2023"
"e-liquid (impute mL)","489525720311",NA,NA,"unknown",NA,"48952572","ELF BAR SMOKING ALTERNATIVE PRODUCT ELECTRONIC CIGARETTE LIQUID PO STRAWBERRY PASSION FRUIT DUO I BOX 1 COUNT","1",NA,10,1,"2023"
"e-liquid (impute mL)","697213645963",NA,"AIRIS","prefix",1,"69721364","AIRIS NEO SMOKING ALTERNATIVE PRODUCT ELECTRONIC CIGARETTE LIQUID PO KIWI STRAWBERRY BOX 1 COUNT","1",NA,10,1,"2023"
"e-liquid (impute mL)","002145802025","CLEAN CIG","CLEAN CIG","raw",1,"00214580","CLN-CG E-CGA MN","5",NA,9,1,"2018"
"e-liquid (impute mL)","081068701554","NJOY","NJOY","raw",1,"08106870","NJOY E-CG TRDNL KING 10P","10",NA,9,1,"2014;2015;2016;2017"
"e-liquid (impute mL)","085005452479",NA,NA,"unknown",NA,"08500545","FUME QRJOY SMOKING ALTERNATIVE PRODUCT ELECTRONIC CIGARETTE LIQUID PO STRAWBERRY BELTZ BOX 1 COUNT","1",NA,9,1,"2023"
"e-liquid (impute mL)","085436100400","NE WHERE","NE WHERE","raw",1,"08543610","NE WHERE E-CG CT","1",NA,9,1,"2018;2019;2020"
"e-liquid (impute mL)","085488600301","SMOKER'S ONE CHOICE","SMOKER'S ONE CHOICE","raw",1,"08548860","SOC E-CG MEDIUM","1",NA,9,1,"2013"
"e-liquid (impute mL)","489525720171",NA,NA,"unknown",NA,"48952572","ELF BAR SMOKING ALTERNATIVE PRODUCT ELECTRONIC CIGARETTE LIQUID PO STRAWBERRY KIWI CREATE BOX 1 COUNT","1",NA,9,1,"2023"
"e-liquid (impute mL)","001396461400","X HALE O2","X HALE O2","raw",1,"00139646","X HALE O2 E-CG","1",NA,8,1,"2013"
"bare UPC (needs barcode lookup)","073621191079",NA,"SQUARE","prefix",1,"07362119",NA,NA,NA,8,1,"2013"
"e-liquid (impute mL)","079357323335","IMPERIAL","IMPERIAL","raw",1,"07935732","IMPRL HK E-CG SUMMERTIME SWIRL","1",NA,8,1,"2013;2016"
"e-liquid (impute mL)","081342001433","KRAVE","KRAVE","raw",1,"08134200","KRAVE E-CG TOB","1",NA,8,1,"2014;2015"
"e-liquid (impute mL)","085005158239",NA,NA,"unknown",NA,"08500515","RIZN SMOKING ALTERNATIVE PRODUCT ELECTRONIC CIGARETTE LIQUID PO STRAWBERRY WATERMELON BOX 1 COUNT","1",NA,8,1,"2023"
"e-liquid (impute mL)","085266255833",NA,"PUFF","prefix",0.855,"08526625","ELCT CGRTT LIQUID POD","1",NA,8,1,"2020"
"e-liquid (impute mL)","489525720153",NA,NA,"unknown",NA,"48952572","ELF BAR SMOKING ALTERNATIVE PRODUCT ELECTRONIC CIGARETTE LIQUID PO FUJI ICE BOX 1 COUNT","1",NA,8,1,"2023"
"e-liquid (impute mL)","505671640243",NA,NA,"unknown",NA,"50567164","LOST MARY SMOKING ALTERNATIVE PRODUCT ELECTRONIC CIGARETTE LIQUID PO STRAWBERRY LEMONADE MESH COIL BOX 1 COUNT","1",NA,8,1,"2023"
"e-liquid (impute mL)","075602973446","NIIN","NIIN","raw",1,"07560297","NIIN AIR SMOKING ALTERNATIVE PRODUCT GUAVA CHILL 1 COUNT","1",NA,7,1,"2022;2023"
"e-liquid (impute mL)","081068701553","NJOY","NJOY","raw",1,"08106870","NJOY E-CG TRDNL KING","1",NA,7,1,"2014;2015;2022"
"bare UPC (needs barcode lookup)","081342001286",NA,"KRAVE","prefix",1,"08134200",NA,NA,NA,7,1,"2014;2015"
"e-liquid (impute mL)","084043916235",NA,"ZIG-ZAG","prefix",0.999,"08404391","ELCT CGRTT LIQUID POD","1",NA,7,1,"2019;2020"
"e-liquid (impute mL)","085438400467","LOGIC","LOGIC","raw",1,"08543840","LOGIC PRO SMOKING ALTERNATIVE PRODUCT BOX 1 COUNT","1",NA,7,1,"2021;2022"
"e-liquid (impute mL)","085962600260","FINITI","FINITI","raw",1,"08596260","FIN AST NO 2'S/ECCR","8",NA,7,1,"2013;2014;2015"
"e-liquid (impute mL)","489525720150",NA,NA,"unknown",NA,"48952572","ELF BAR SMOKING ALTERNATIVE PRODUCT ELECTRONIC CIGARETTE LIQUID PO CRANBERRY GRAPE CREATE BOX 1 COUNT","1",NA,7,1,"2023"
"e-liquid (impute mL)","489525720167",NA,NA,"unknown",NA,"48952572","ELF BAR SMOKING ALTERNATIVE PRODUCT ELECTRONIC CIGARETTE LIQUID PO SAKURA GRAPE BOX 1 COUNT","1",NA,7,1,"2023"
"e-liquid (impute mL)","489525720170",NA,NA,"unknown",NA,"48952572","ELF BAR SMOKING ALTERNATIVE PRODUCT ELECTRONIC CIGARETTE LIQUID PO STRAWBERRY ICE BOX 1 COUNT","1",NA,7,1,"2023"
"e-liquid (impute mL)","073621190409","SQUARE","SQUARE","raw",1,"07362119","SQUARE E-CG VO","1",NA,6,1,"2013;2020"
"bare UPC (needs barcode lookup)","075166721591",NA,"VOODOO","prefix",1,"07516672",NA,NA,NA,6,1,"2015;2018"
"e-liquid (impute mL)","075166721595","VOODOO","VOODOO","raw",1,"07516672","VOODOO E-HOOKAH E-CG MN","1",NA,6,1,"2015;2016"
"e-liquid (impute mL)","079357311757","IMPERIAL","IMPERIAL","raw",1,"07935731","IMPRL HK E-CG IMPERIAL MIX","1",NA,6,1,"2013"
"e-liquid (impute mL)","081076702202","MILLENNIUM","MILLENNIUM","raw",0.992,"08107670","MLNM E-CG LIQUID CRANBERRY","1",NA,6,1,"2018"
"e-liquid (impute mL)","081713502256",NA,"CUE","prefix",1,"08171350","CUE SMOKING ALTERNATIVE PRODUCT BOX 1 COUNT","1",NA,6,1,"2022;2023"
"e-liquid (impute mL)","084043916181",NA,"ZIG-ZAG","prefix",0.999,"08404391","ELCT CGRTT LIQUID POD","1",NA,6,1,"2019;2020"
"e-liquid (impute mL)","084043916187",NA,"ZIG-ZAG","prefix",0.999,"08404391","ELCT CGRTT LIQUID POD","1",NA,6,1,"2019"
"e-liquid (impute mL)","084043916193",NA,"ZIG-ZAG","prefix",0.999,"08404391","ELCT CGRTT LIQUID POD","1",NA,6,1,"2019"
"e-liquid (impute mL)","084043916229",NA,"ZIG-ZAG","prefix",0.999,"08404391","ELCT CGRTT LIQUID POD","1",NA,6,1,"2019;2020"
"e-liquid (impute mL)","084043916247",NA,"ZIG-ZAG","prefix",0.999,"08404391","ELCT CGRTT LIQUID POD","1",NA,6,1,"2019;2020"
"e-liquid (impute mL)","085962600265","FINITI","FINITI","raw",1,"08596260","FIN AST NO 2'S/ECCR","8",NA,6,1,"2013;2015"
"hardware/device (exclude)","505671640218",NA,NA,"unknown",NA,"50567164","LOST MARY SMOKING ALTERNATIVE PRODUCT ELECTRONIC CIGARETTE LIQUID PO BLUEBERRY P AND B CLOUDD BATTERY INDICATOR BOX 1 COUNT","1",NA,6,1,"2023"
"e-liquid (impute mL)","036586037400","VAPIN PLUS","VAPIN PLUS","raw",0.949,"03658603","VAPIN PLUS LVP","3",NA,5,1,"2021"
"e-liquid (impute mL)","075166701019","VOODOO","VOODOO","raw",0.75,"07516670","V E-L E-CG LIQUID BB","1",NA,5,1,"2018;2019"
"e-liquid (impute mL)","081068701245","NJOY","NJOY","raw",1,"08106870","NJOY E-CGC MN NO RFL","5",NA,5,1,"2013;2014"
"e-liquid (impute mL)","081068701492","NJOY","NJOY","raw",1,"08106870","NJOY POD CLASSIC TOB 5%","2",NA,5,1,"2022"
"e-liquid (impute mL)","081068701717","NJOY","NJOY","raw",1,"08106870","NJOY E-CG MN KING -5.00","5",NA,5,1,"2014"
"e-liquid (impute mL)","081342001434","KRAVE","KRAVE","raw",1,"08134200","KRAVE E-CG MN","1",NA,5,1,"2013;2014;2015"
"e-liquid (impute mL)","081717001001","NICSTICK","NICSTICK","raw",1,"08171700","NICSTICK E-CGAC USA MIX","1",NA,5,1,"2013"
"e-liquid (impute mL)","083921900082","CIG2O","CIG2O","raw",1,"08392190","CIG2O EVCC MN","5",NA,5,1,"2019"
"e-liquid (impute mL)","084920500135","VUSE","VUSE","raw",1,"08492050","VUSE SOLO SMOKING ALTERNATIVE PRODUCT ELECTRONIC CIGARETTE ORIGINAL BOX 1 COUNT","1",NA,5,1,"2021"
"e-liquid (impute mL)","085570400495","COSMIC FOG","COSMIC FOG","raw",0.768,"08557040","CSMC FG ECGL MLK&HNY","1",NA,5,1,"2018"
"e-liquid (impute mL)","085682400255","ECO-CIGS","ECO-CIGS","raw",1,"08568240","ECO-CIGS E-CGCM MN MINI","3",NA,5,1,"2018"
"e-liquid (impute mL)","085965400212","BLU","BLU","raw",1,"08596540","BLU CIGS E-CGCM M-M RFL","5",NA,5,1,"2013"
"e-liquid (impute mL)","489525720156",NA,NA,"unknown",NA,"48952572","ELF BAR SMOKING ALTERNATIVE PRODUCT ELECTRONIC CIGARETTE LIQUID PO MALIBU BOX 1 COUNT","1",NA,5,1,"2023"
"hardware/device (exclude)","505671640227",NA,NA,"unknown",NA,"50567164","LOST MARY SMOKING ALTERNATIVE PRODUCT ELECTRONIC CIGARETTE LIQUID PO STRAWBERRY MANGO BATTERY INDICATOR BOX 1 COUNT","1",NA,5,1,"2023"
"e-liquid (impute mL)","505671640280",NA,NA,"unknown",NA,"50567164","LOST MARY SMOKING ALTERNATIVE PRODUCT ELECTRONIC CIGARETTE LIQUID PO ACAI BERRY STORM ICE MESH COIL BOX 1 COUNT","1",NA,5,1,"2023"
"e-liquid (impute mL)","671716977155",NA,"HYPPE","prefix",1,"67171697","HYPPE MAX AIR SMOKING ALTERNATIVE PRODUCT ELECTRONIC CIGARETTE LIQUID PO BLACK SAKURA MESH COIL BOX IN WRAP 1 COUNT","1",NA,5,1,"2023"
"e-liquid (impute mL)","697184747333",NA,"JUICY BAR","prefix",0.937,"69718474","JUICY BAR SMOKING ALTERNATIVE PRODUCT ELECTRONIC CIGARETTE LIQUID PO MEXICAN PINA COLADA MESH COIL BOX 1 COUNT","1",NA,5,1,"2023"
"e-liquid (impute mL)","002590017507","E SWISHER","E SWISHER","raw",0.713,"00259001","E SWISHER E-CG MB","1",NA,4,1,"2013"
"e-liquid (impute mL)","019383500291","SHENZHEN GOLDREAMS TECHNOLOGY","SHENZHEN GOLDREAMS TECHNOLOGY","raw",1,"01938350","AIR BAR LUX SMOKING ALTERNATIVE PRODUCT GEL SUNSET COCKTAIL BOTTLE 1 COUNT","1",NA,4,1,"2022"
"e-liquid (impute mL)","036586038176","21ST CENTURY SMOKE","21ST CENTURY SMOKE","raw",0.949,"03658603","21SCS E-CG","1",NA,4,1,"2019"
"e-liquid (impute mL)","075166721827","VOODOO","VOODOO","raw",1,"07516672","VOODOO E-CG LIQUID MN","1",NA,4,1,"2018"
"bare UPC (needs barcode lookup)","075166726959",NA,"VOODOO","prefix",1,"07516672",NA,NA,NA,4,1,"2018"
"bare UPC (needs barcode lookup)","075166726963",NA,"VOODOO","prefix",1,"07516672",NA,NA,NA,4,1,"2018"
"e-liquid (impute mL)","081076702038","MILLENNIUM","MILLENNIUM","raw",0.992,"08107670","MLNM E-CG LIQUID PICO","1",NA,4,1,"2018"
"e-liquid (impute mL)","081076702206","MILLENNIUM","MILLENNIUM","raw",0.992,"08107670","MLNM E-CG LIQUID ENERGY COW","1",NA,4,1,"2018"
"e-liquid (impute mL)","081076702218","MILLENNIUM","MILLENNIUM","raw",0.992,"08107670","MLNM E-CG LIQUID LEMON","1",NA,4,1,"2018"
"e-liquid (impute mL)","081323902284","SPACE JAM","SPACE JAM","raw",1,"08132390","SPC JM E-CG LIQUID PLSR","1",NA,4,1,"2019"
"e-liquid (impute mL)","083921900154","CIG2O","CIG2O","raw",1,"08392190","CIG2O E-CG VANILLA CREAM","1",NA,4,1,"2014"
"e-liquid (impute mL)","083921900232","CIG2O","CIG2O","raw",1,"08392190","CIG2O E-CG RED HOT","1",NA,4,1,"2014;2015"
"e-liquid (impute mL)","084014180184",NA,NA,"unknown",NA,"08401418","AIR BAR LUX SMOKING ALTERNATIVE PRODUCT RASPBERRY WATERMELON 1000 PUFFS BOX 1 COUNT","1",NA,4,1,"2022"
"e-liquid (impute mL)","084727700005","REVIVE","REVIVE","raw",0.679,"08472770","REVIVE E-CG TOB","1",NA,4,1,"2013;2014;2015"
"e-liquid (impute mL)","085570400815","HAUS","HAUS","raw",0.768,"08557040","HAUS ECTA RFL","1",NA,4,1,"2014;2015;2016"
"bare UPC (needs barcode lookup)","085682400257",NA,"ECO-CIGS","prefix",1,"08568240",NA,NA,NA,4,1,"2013;2015;2018"
"e-liquid (impute mL)","086000489504",NA,NA,"unknown",NA,"08600048","FUMEE SMOKING ALTERNATIVE PRODUCT MANGO 1 COUNT","1",NA,4,1,"2022"
"e-liquid (impute mL)","489525720144",NA,NA,"unknown",NA,"48952572","ELF BAR SMOKING ALTERNATIVE PRODUCT ELECTRONIC CIGARETTE LIQUID PO BLUE RAZZ ICE BOX 1 COUNT","1",NA,4,1,"2023"
"e-liquid (impute mL)","489525720174",NA,NA,"unknown",NA,"48952572","ELF BAR SMOKING ALTERNATIVE PRODUCT ELECTRONIC CIGARETTE LIQUID PO STRAWBERRY PINA COLADA BOX 1 COUNT","1",NA,4,1,"2023"
"e-liquid (impute mL)","505671640230",NA,NA,"unknown",NA,"50567164","LOST MARY SMOKING ALTERNATIVE PRODUCT ELECTRONIC CIGARETTE LIQUID PO WATERMELON BOX 1 COUNT","1",NA,4,1,"2023"
"e-liquid (impute mL)","505671640274",NA,NA,"unknown",NA,"50567164","LOST MARY SMOKING ALTERNATIVE PRODUCT ELECTRONIC CIGARETTE LIQUID PO TRIPLE BERRY DUO ICE MESH COIL BOX 1 COUNT","1",NA,4,1,"2023"
"e-liquid (impute mL)","005965400208","BLU","BLU","raw",1,"00596540","BL-EGS E-CGCM CT","5",NA,3,1,"2018"
"e-liquid (impute mL)","065436770665","CIGALECTRIC","CIGALECTRIC","raw",1,"06543677","CIGALECTRIC E-CGC REGULAR","1",NA,3,1,"2019;2020;2021"
"e-liquid (impute mL)","076746198888",NA,NA,"unknown",NA,"07674619","LOON MAXX SMOKING ALTERNATIVE PRODUCT ELECTRONIC CIGARETTE LIQUID PO BANANA TAFFY BOOSTED FLAVOR BOX 1 COUNT","1",NA,3,1,"2023"
"e-liquid (impute mL)","081068701241","NJOY","NJOY","raw",1,"08106870","NJOY E-CGC NO RFL","5",NA,3,1,"2013"
"e-liquid (impute mL)","081068701683","NJOY","NJOY","raw",1,"08106870","NJOY E-CG 4P","4",NA,3,1,"2014"
"e-liquid (impute mL)","081323902063","SPACE JAM","SPACE JAM","raw",1,"08132390","SPC JM E-CG LIQUID PLUTO","1",NA,3,1,"2019"
"e-liquid (impute mL)","081649401135","NICOTEK","NICOTEK","raw",0.999,"08164940","NICOTEK METRO CHICK STICK SMOKING ALTERNATIVE PRODUCT BOX IN WRAP 1 COUNT","1",NA,3,1,"2021"
"e-liquid (impute mL)","081717001006","NICSTICK","NICSTICK","raw",1,"08171700","NICSTICK E-CGAC USA MIX","1",NA,3,1,"2013"
"e-liquid (impute mL)","084043916199",NA,"ZIG-ZAG","prefix",0.999,"08404391","ELCT CGRTT LIQUID POD","1",NA,3,1,"2019"
"e-liquid (impute mL)","085005158237",NA,NA,"unknown",NA,"08500515","RIZN SMOKING ALTERNATIVE PRODUCT ELECTRONIC CIGARETTE LIQUID PO PEACH BLUE RASPBERRY BOX 1 COUNT","1",NA,3,1,"2023"
"e-liquid (impute mL)","085014900704","MISTIC","MISTIC","raw",1,"08501490","M2CFP E-CG KRYPTOMELON","1",NA,3,1,"2018"
"e-liquid (impute mL)","085266256416",NA,"PUFF","prefix",0.855,"08526625","PUFF PLUS SMOKING ALTERNATIVE PRODUCT ELECTRONIC CIGARETTE LIQUID PO PINK LEMONADE BOX 1 COUNT","1",NA,3,1,"2021"
"e-liquid (impute mL)","085436100411","NE WHERE","NE WHERE","raw",1,"08543610","NE WHERE E-CG G-G","1",NA,3,1,"2018"
"e-liquid (impute mL)","085570400812","HAUS","HAUS","raw",0.768,"08557040","HAUS E-CG LIQUID A-B 5P","5",NA,3,1,"2015;2017"
"bare UPC (needs barcode lookup)","085682400256",NA,"ECO-CIGS","prefix",1,"08568240",NA,NA,NA,3,1,"2013"
"bare UPC (needs barcode lookup)","089961000227",NA,"CIGIREX","prefix",1,"08996100",NA,NA,NA,3,1,"2013"
"e-liquid (impute mL)","065436704351","CIGALECTRIC","CIGALECTRIC","raw",1,"06543670","CIGALECTRIC E-CGC REGULAR","2",NA,2,1,"2014"
"bare UPC (needs barcode lookup)","075166723931",NA,"VOODOO","prefix",1,"07516672",NA,NA,NA,2,1,"2018"
"e-liquid (impute mL)","075166726955","VOODOO","VOODOO","raw",1,"07516672","VOODOO E-HOOKAH E-CG MN","1",NA,2,1,"2018"
"e-liquid (impute mL)","081076702041","ROYAL SMOKE","ROYAL SMOKE","raw",0.992,"08107670","ROYAL SMOKE E-CG RED KING","1",NA,2,1,"2018"
"e-liquid (impute mL)","081323902015","SPACE JAM","SPACE JAM","raw",1,"08132390","SPC JM E-CG LIQUID ASTRO","1",NA,2,1,"2018;2019"
"e-liquid (impute mL)","081323902464","SPACE JAM","SPACE JAM","raw",1,"08132390","SPC JM E-CG LIQUID MTR MLK","1",NA,2,1,"2018;2019"
"e-liquid (impute mL)","081649401360","NICOTEK","NICOTEK","raw",0.999,"08164940","NICOTEK METRO E-CG KING","1",NA,2,1,"2018;2021"
"e-liquid (impute mL)","081649401579","FAZE","FAZE","raw",0.999,"08164940","FAZE BASIC EPV","1",NA,2,1,"2022"
"e-liquid (impute mL)","081764101915",NA,"KRAVE","prefix",0.999,"08176410","ELCT CGRTT VAPORIZER","1",NA,2,1,"2019"
"e-liquid (impute mL)","083921900145","CIG2O","CIG2O","raw",1,"08392190","CIG2O E-CG GRAPE","1",NA,2,1,"2014"
"e-liquid (impute mL)","084043916241",NA,"ZIG-ZAG","prefix",0.999,"08404391","ELCT CGRTT LIQUID POD","1",NA,2,1,"2019;2020"
"e-liquid (impute mL)","084866603276","FINITI","FINITI","raw",1,"08486660","FIN E-CGCM MN RFL","5",NA,2,1,"2014;2016"
"e-liquid (impute mL)","085004221224",NA,NA,"unknown",NA,"08500422","ESCO BARS FRUITIA SMOKING ALTERNATIVE PRODUCT ELECTRONIC CIGARETTE LIQUID PO SLUSHY MESH BOX 1 COUNT","1",NA,2,1,"2023"
"e-liquid (impute mL)","085005158238",NA,NA,"unknown",NA,"08500515","RIZN SMOKING ALTERNATIVE PRODUCT ELECTRONIC CIGARETTE LIQUID PO RED GRAPES BOX 1 COUNT","1",NA,2,1,"2023"
"e-liquid (impute mL)","085005452457",NA,NA,"unknown",NA,"08500545","FUME QRJOY SMOKING ALTERNATIVE PRODUCT ELECTRONIC CIGARETTE LIQUID PO PACIFIC COOLER BOX 1 COUNT","1",NA,2,1,"2023"
"e-liquid (impute mL)","085452700316","VIENTI","VIENTI","raw",1,"08545270","VIENTI SMOKING ALTERNATIVE PRODUCT TRAY IN BOX 1 COUNT","1",NA,2,1,"2023"
"hardware/device (exclude)","505671640232",NA,NA,"unknown",NA,"50567164","LOST MARY SMOKING ALTERNATIVE PRODUCT ELECTRONIC CIGARETTE LIQUID PO CHERRY PEACH LEMONADE BATTERY INDICATOR BOX 1 COUNT","1",NA,2,1,"2023"
"e-liquid (impute mL)","002145800006","CLEAN CIG","CLEAN CIG","raw",1,"00214580","CLN-CG E-CGA&CT/BT&ECC","3",NA,1,1,"2016"
"e-liquid (impute mL)","002145806005","CLEAN CIG","CLEAN CIG","raw",1,"00214580","CLN-CG E-CG LIQUID CHERRY","1",NA,1,1,"2016"
"e-liquid (impute mL)","002145806011","CLEAN CIG","CLEAN CIG","raw",1,"00214580","CLN-CG E-CG LIQUID WM","1",NA,1,1,"2016"
"e-liquid (impute mL)","005284312007","SMOKE FREE","SMOKE FREE","raw",1,"00528431","SMOKE FREE E-CG","20",NA,1,1,"2018"
"e-liquid (impute mL)","009710000234","MARKTEN","MARKTEN","raw",1,"00971000","MARKTEN EVCC","2",NA,1,1,"2017"
"e-liquid (impute mL)","009874701305","VIIGO","VIIGO","raw",1,"00987470","VIIGO SMOKING ALTERNATIVE PRODUCT MIXED FRUIT 3 COUNT","3",NA,1,1,"2021"
"hardware/device (exclude)","036586038330","VAPIN PLUS","VAPIN PLUS","raw",0.949,"03658603","VAPIN PLUS SMOKING ALTRN PRDCT STRTR KIT ELECTRONIC CIGARETTE TANK ATOM TWICE AS MUCH VAPOR CARDED 1 COUNT","1",NA,1,1,"2022"
"e-liquid (impute mL)","060946510709","GREEN SMART LIVING","GREEN SMART LIVING","raw",1,"06094651","GS-L E-CGC MN RFL","5",NA,1,1,"2016"
"e-liquid (impute mL)","060946510719","GREEN SMART LIVING","GREEN SMART LIVING","raw",1,"06094651","GS-L E-CGC REGULAR RFL","5",NA,1,1,"2014"
"e-liquid (impute mL)","061693254774","V-GAR 300","V-GAR 300","raw",1,"06169325","V-GAR 300 E-CG TOB","1",NA,1,1,"2016"
"e-liquid (impute mL)","065436704352","CIGALECTRIC","CIGALECTRIC","raw",1,"06543670","CIGALECTRIC E-CGC MN","2",NA,1,1,"2014"
"e-liquid (impute mL)","075166721843","VOODOO","VOODOO","raw",1,"07516672","V E-L E-CG LIQUID PEACH","1",NA,1,1,"2018"
"e-liquid (impute mL)","081068701716","NJOY","NJOY","raw",1,"08106870","NJOY E-CG KING -5.00","5",NA,1,1,"2014"
"e-liquid (impute mL)","081076702224","MILLENNIUM","MILLENNIUM","raw",0.992,"08107670","MLNM E-CG LIQUID RASPBERRY","1",NA,1,1,"2018"
"e-liquid (impute mL)","081085902015","ZOOM","ZOOM","raw",1,"08108590","ZOOM SMOKING ALTERNATIVE PRODUCT ELECTRONIC CIGARETTE TOBACCO PREMIUM BOX 3 COUNT","3",NA,1,1,"2022"
"e-liquid (impute mL)","081102002193","IMPERIAL","IMPERIAL","raw",1,"08110200","IMPRL HK E-CG LIQUID ROOT BEER","1",NA,1,1,"2018"
"bare UPC (needs barcode lookup)","081323902003",NA,"SPACE JAM","prefix",1,"08132390",NA,NA,NA,1,1,"2019"
"bare UPC (needs barcode lookup)","081323902012",NA,"SPACE JAM","prefix",1,"08132390",NA,NA,NA,1,1,"2019"
"e-liquid (impute mL)","081323902286","SPACE JAM","SPACE JAM","raw",1,"08132390","SPC JM E-CG LIQUID PLSR","1",NA,1,1,"2019"
"bare UPC (needs barcode lookup)","081323902797",NA,"SPACE JAM","prefix",1,"08132390",NA,NA,NA,1,1,"2019"
"e-liquid (impute mL)","081717001002","NICSTICK","NICSTICK","raw",1,"08171700","NICSTICK E-CGAC MN","1",NA,1,1,"2013"
"e-liquid (impute mL)","081821401337","GREEN SMOKE","GREEN SMOKE","raw",1,"08182140","GREEN SMOKE ELC-VP MN ICE","1",NA,1,1,"2022"
"e-liquid (impute mL)","083921900016","CIG2O","CIG2O","raw",1,"08392190","CIG2O E-CG RT","1",NA,1,1,"2015"
"e-liquid (impute mL)","083921900017","CIG2O","CIG2O","raw",1,"08392190","CIG2O E-CG CM","1",NA,1,1,"2019"
"e-liquid (impute mL)","083921900083","CIG2O","CIG2O","raw",1,"08392190","CIG2O EVCC MN","5",NA,1,1,"2019"
"e-liquid (impute mL)","084014180024",NA,NA,"unknown",NA,"08401418","AIR BAR SMOKING ALTERNATIVE PRODUCT MANGO 1 COUNT","1",NA,1,1,"2022"
"e-liquid (impute mL)","084014180178",NA,NA,"unknown",NA,"08401418","AIR BAR LUX SMOKING ALTERNATIVE PRODUCT STRAWBERRY KIWI 1 COUNT","1",NA,1,1,"2022"
"e-liquid (impute mL)","084727700006","JASPER & JASPER","JASPER & JASPER","raw",0.679,"08472770","JJC E-CGC TOB","5",NA,1,1,"2013"
"e-liquid (impute mL)","085266256498","HYPPE","HYPPE","raw",0.855,"08526625","HYPPE BAR SMOKING ALTERNATIVE PRODUCT ELECTRONIC CIGARETTE LIQUID PO COLA ICE BOX 10 COUNT","10",NA,1,1,"2022"
"e-liquid (impute mL)","085266256657","PUFF","PUFF","raw",0.855,"08526625","PUFF PLUS SMOKING ALTERNATIVE PRODUCT ELECTRONIC CIGARETTE LIQUID PO MAMBA BOX 1 COUNT","1",NA,1,1,"2021"
"e-liquid (impute mL)","085436100401","NE WHERE","NE WHERE","raw",1,"08543610","NE WHERE E-CG MN","1",NA,1,1,"2018"
